
::group::❌ /home/runner/work/streetlift-apk/streetlift-apk/avant/test/visual_capture_test.dart: rendus bordeaux et anthracite : écrans, thèmes et largeur compacte (failed)

Warning: A call to drag() with finder "Found 1 widget with type "Scrollable" descending from widget with type "StatsScreen" (ignoring all but last): [
  Scrollable(axisDirection: right, physics: null, restorationId: null, dependencies: [InheritedCupertinoTheme, MediaQuery, ScrollConfiguration, UnmanagedRestorationScope, _InheritedTheme, _LocalizationsScope-[GlobalKey#0a849]], state: ScrollableState#a9e47(position: ScrollPositionWithSingleContext#1c9e8(offset: 280.0, range: 0.0..768.0, viewport: 350.0, ScrollableState, ClampingScrollPhysics -> RangeMaintainingScrollPhysics, IdleScrollActivity#fe6b7, ScrollDirection.idle), effective physics: ClampingScrollPhysics -> RangeMaintainingScrollPhysics)),
]" derived an Offset (Offset(195.0, 96.0)) that would not hit test on the specified widget.
Maybe the widget is actually off-screen, or another widget is obscuring it, or the widget cannot receive pointer events.
The finder corresponds to this RenderBox: RenderClipRect#0df3c relayoutBoundary=up5
The hit test result at that offset is: HitTestResult(RenderPointerListener#61db0@Offset(28.5, 2.0), RenderSemanticsAnnotations#b7a86@Offset(28.5, 2.0), RenderMouseRegion#126d4@Offset(28.5, 2.0), RenderSemanticsAnnotations#72c31@Offset(28.5, 2.0), RenderMergeSemantics#42cc2@Offset(28.5, 2.0), _TabLabelBarRenderer#414c8@Offset(187.0, 2.0), RenderCustomPaint#61be0@Offset(187.0, 2.0), RenderSemanticsAnnotations#0a9f2@Offset(187.0, 2.0), RenderPadding#fc3f1@Offset(195.0, 2.0), _RenderSingleChildViewport#d487b@Offset(195.0, 2.0), RenderIgnorePointer#9a417@Offset(195.0, 2.0), RenderSemanticsAnnotations#19e4f@Offset(195.0, 2.0), RenderPointerListener#75574@Offset(195.0, 2.0), RenderSemanticsGestureHandler#45268@Offset(195.0, 2.0), RenderPointerListener#fa991@Offset(195.0, 2.0), _RenderScrollSemantics#2f4f4@Offset(195.0, 2.0), RenderPositionedBox#e0fbf@Offset(195.0, 2.0), _RenderInkFeatures#305fb@Offset(195.0, 2.0), RenderCustomPaint#ba08a@Offset(195.0, 2.0), RenderClipPath#ab6f3@Offset(195.0, 2.0), RenderFlex#86b70@Offset(195.0, 2.0), RenderConstrainedBox#00d14@Offset(195.0, 2.0), RenderConstrainedBox#54bed@Offset(195.0, 2.0), RenderPositionedBox#37dc3@Offset(195.0, 2.0), RenderPadding#db84b@Offset(195.0, 2.0), RenderCustomMultiChildLayoutBox#4bc76@Offset(195.0, 96.0), _RenderInkFeatures#a78d3@Offset(195.0, 96.0), RenderPhysicalModel#e7f9f@Offset(195.0, 96.0), RenderIndexedStack#9828b@Offset(195.0, 96.0), RenderAnimatedOpacity#3a594@Offset(195.0, 96.0), RenderClipRect#b6174@Offset(195.0, 96.0), _RenderLayoutBuilder#da0c2@Offset(195.0, 96.0), RenderCustomMultiChildLayoutBox#b8824@Offset(195.0, 96.0), _RenderInkFeatures#f8d6c@Offset(195.0, 96.0), RenderPhysicalModel#37695@Offset(195.0, 96.0), RenderSemanticsAnnotations#ab6e4@Offset(195.0, 96.0), RenderRepaintBoundary#ef00b@Offset(195.0, 96.0), RenderIgnorePointer#b0feb@Offset(195.0, 96.0), RenderAnimatedOpacity#c579b@Offset(195.0, 96.0), RenderRepaintBoundary#5215b@Offset(195.0, 96.0), RenderSemanticsAnnotations#653b2@Offset(195.0, 96.0), RenderOffstage#356a4@Offset(195.0, 96.0), RenderSemanticsAnnotations#7c503@Offset(195.0, 96.0), _RenderTheater#1a4c4@Offset(195.0, 96.0), RenderAbsorbPointer#6e37c@Offset(195.0, 96.0), RenderPointerListener#0789c@Offset(195.0, 96.0), RenderSemanticsAnnotations#164cc@Offset(195.0, 96.0), RenderSemanticsAnnotations#90e81@Offset(195.0, 96.0), RenderSemanticsAnnotations#d0519@Offset(195.0, 96.0), RenderSemanticsAnnotations#11419@Offset(195.0, 96.0), RenderTapRegionSurface#3dcff@Offset(195.0, 96.0), RenderSemanticsAnnotations#a40fd@Offset(195.0, 96.0), RenderSemanticsAnnotations#d9248@Offset(195.0, 96.0), RenderRepaintBoundary#d2794@Offset(195.0, 96.0), HitTestEntry<HitTestTarget>#4e852(_ReusableRenderView#0b3e1), HitTestEntry<HitTestTarget>#199df(<AutomatedTestWidgetsFlutterBinding>))
#0      WidgetController._getElementPoint (package:flutter_test/src/controller.dart:2165:25)
#1      WidgetController.getCenter (package:flutter_test/src/controller.dart:1947:12)
#2      WidgetController.drag (package:flutter_test/src/controller.dart:1604:7)
#3      WidgetController.dragUntilVisible.<anonymous closure> (package:flutter_test/src/controller.dart:2483:17)
<asynchronous suspension>
#4      TestAsyncUtils.guard.<anonymous closure> (package:flutter_test/src/test_async_utils.dart:130:27)
<asynchronous suspension>
#5      WidgetController.scrollUntilVisible.<anonymous closure> (package:flutter_test/src/controller.dart:2439:7)
<asynchronous suspension>
#6      TestAsyncUtils.guard.<anonymous closure> (package:flutter_test/src/test_async_utils.dart:130:27)
<asynchronous suspension>
#7      main.<anonymous closure> (file:///home/runner/work/streetlift-apk/streetlift-apk/avant/test/visual_capture_test.dart:201:13)
<asynchronous suspension>
#8      testWidgets.<anonymous closure>.<anonymous closure> (package:flutter_test/src/widget_tester.dart:192:15)
<asynchronous suspension>
#9      TestWidgetsFlutterBinding._runTestBody (package:flutter_test/src/binding.dart:1953:5)
<asynchronous suspension>
#10     StackZoneSpecification._registerCallback.<anonymous closure> (package:stack_trace/src/stack_zone_specification.dart:114:42)
<asynchronous suspension>
To silence this warning, pass "warnIfMissed: false" to "drag()".
To make this warning fatal, set WidgetController.hitTestWarningShouldBeFatal to true.


Warning: A call to drag() with finder "Found 1 widget with type "Scrollable" descending from widget with type "StatsScreen" (ignoring all but last): [
  Scrollable(axisDirection: right, physics: null, restorationId: null, dependencies: [InheritedCupertinoTheme, MediaQuery, ScrollConfiguration, UnmanagedRestorationScope, _InheritedTheme, _LocalizationsScope-[GlobalKey#0a849]], state: ScrollableState#a9e47(position: ScrollPositionWithSingleContext#1c9e8(offset: 280.0, range: 0.0..768.0, viewport: 350.0, ScrollableState, ClampingScrollPhysics -> RangeMaintainingScrollPhysics, IdleScrollActivity#fe6b7, ScrollDirection.idle), effective physics: ClampingScrollPhysics -> RangeMaintainingScrollPhysics)),
]" derived an Offset (Offset(195.0, 96.0)) that would not hit test on the specified widget.
Maybe the widget is actually off-screen, or another widget is obscuring it, or the widget cannot receive pointer events.
The finder corresponds to this RenderBox: RenderClipRect#0df3c relayoutBoundary=up5
The hit test result at that offset is: HitTestResult(RenderPointerListener#61db0@Offset(28.5, 2.0), RenderSemanticsAnnotations#b7a86@Offset(28.5, 2.0), RenderMouseRegion#126d4@Offset(28.5, 2.0), RenderSemanticsAnnotations#72c31@Offset(28.5, 2.0), RenderMergeSemantics#42cc2@Offset(28.5, 2.0), _TabLabelBarRenderer#414c8@Offset(187.0, 2.0), RenderCustomPaint#61be0@Offset(187.0, 2.0), RenderSemanticsAnnotations#0a9f2@Offset(187.0, 2.0), RenderPadding#fc3f1@Offset(195.0, 2.0), _RenderSingleChildViewport#d487b@Offset(195.0, 2.0), RenderIgnorePointer#9a417@Offset(195.0, 2.0), RenderSemanticsAnnotations#19e4f@Offset(195.0, 2.0), RenderPointerListener#75574@Offset(195.0, 2.0), RenderSemanticsGestureHandler#45268@Offset(195.0, 2.0), RenderPointerListener#fa991@Offset(195.0, 2.0), _RenderScrollSemantics#2f4f4@Offset(195.0, 2.0), RenderPositionedBox#e0fbf@Offset(195.0, 2.0), _RenderInkFeatures#305fb@Offset(195.0, 2.0), RenderCustomPaint#ba08a@Offset(195.0, 2.0), RenderClipPath#ab6f3@Offset(195.0, 2.0), RenderFlex#86b70@Offset(195.0, 2.0), RenderConstrainedBox#00d14@Offset(195.0, 2.0), RenderConstrainedBox#54bed@Offset(195.0, 2.0), RenderPositionedBox#37dc3@Offset(195.0, 2.0), RenderPadding#db84b@Offset(195.0, 2.0), RenderCustomMultiChildLayoutBox#4bc76@Offset(195.0, 96.0), _RenderInkFeatures#a78d3@Offset(195.0, 96.0), RenderPhysicalModel#e7f9f@Offset(195.0, 96.0), RenderIndexedStack#9828b@Offset(195.0, 96.0), RenderAnimatedOpacity#3a594@Offset(195.0, 96.0), RenderClipRect#b6174@Offset(195.0, 96.0), _RenderLayoutBuilder#da0c2@Offset(195.0, 96.0), RenderCustomMultiChildLayoutBox#b8824@Offset(195.0, 96.0), _RenderInkFeatures#f8d6c@Offset(195.0, 96.0), RenderPhysicalModel#37695@Offset(195.0, 96.0), RenderSemanticsAnnotations#ab6e4@Offset(195.0, 96.0), RenderRepaintBoundary#ef00b@Offset(195.0, 96.0), RenderIgnorePointer#b0feb@Offset(195.0, 96.0), RenderAnimatedOpacity#c579b@Offset(195.0, 96.0), RenderRepaintBoundary#5215b@Offset(195.0, 96.0), RenderSemanticsAnnotations#653b2@Offset(195.0, 96.0), RenderOffstage#356a4@Offset(195.0, 96.0), RenderSemanticsAnnotations#7c503@Offset(195.0, 96.0), _RenderTheater#1a4c4@Offset(195.0, 96.0), RenderAbsorbPointer#6e37c@Offset(195.0, 96.0), RenderPointerListener#0789c@Offset(195.0, 96.0), RenderSemanticsAnnotations#164cc@Offset(195.0, 96.0), RenderSemanticsAnnotations#90e81@Offset(195.0, 96.0), RenderSemanticsAnnotations#d0519@Offset(195.0, 96.0), RenderSemanticsAnnotations#11419@Offset(195.0, 96.0), RenderTapRegionSurface#3dcff@Offset(195.0, 96.0), RenderSemanticsAnnotations#a40fd@Offset(195.0, 96.0), RenderSemanticsAnnotations#d9248@Offset(195.0, 96.0), RenderRepaintBoundary#d2794@Offset(195.0, 96.0), HitTestEntry<HitTestTarget>#e3f68(_ReusableRenderView#0b3e1), HitTestEntry<HitTestTarget>#669d2(<AutomatedTestWidgetsFlutterBinding>))
#0      WidgetController._getElementPoint (package:flutter_test/src/controller.dart:2165:25)
#1      WidgetController.getCenter (package:flutter_test/src/controller.dart:1947:12)
#2      WidgetController.drag (package:flutter_test/src/controller.dart:1604:7)
#3      WidgetController.dragUntilVisible.<anonymous closure> (package:flutter_test/src/controller.dart:2483:17)
<asynchronous suspension>
#4      TestAsyncUtils.guard.<anonymous closure> (package:flutter_test/src/test_async_utils.dart:130:27)
<asynchronous suspension>
#5      WidgetController.scrollUntilVisible.<anonymous closure> (package:flutter_test/src/controller.dart:2439:7)
<asynchronous suspension>
#6      TestAsyncUtils.guard.<anonymous closure> (package:flutter_test/src/test_async_utils.dart:130:27)
<asynchronous suspension>
#7      main.<anonymous closure> (file:///home/runner/work/streetlift-apk/streetlift-apk/avant/test/visual_capture_test.dart:201:13)
<asynchronous suspension>
#8      testWidgets.<anonymous closure>.<anonymous closure> (package:flutter_test/src/widget_tester.dart:192:15)
<asynchronous suspension>
#9      TestWidgetsFlutterBinding._runTestBody (package:flutter_test/src/binding.dart:1953:5)
<asynchronous suspension>
#10     StackZoneSpecification._registerCallback.<anonymous closure> (package:stack_trace/src/stack_zone_specification.dart:114:42)
<asynchronous suspension>
To silence this warning, pass "warnIfMissed: false" to "drag()".
To make this warning fatal, set WidgetController.hitTestWarningShouldBeFatal to true.


Warning: A call to drag() with finder "Found 1 widget with type "Scrollable" descending from widget with type "StatsScreen" (ignoring all but last): [
  Scrollable(axisDirection: right, physics: null, restorationId: null, dependencies: [InheritedCupertinoTheme, MediaQuery, ScrollConfiguration, UnmanagedRestorationScope, _InheritedTheme, _LocalizationsScope-[GlobalKey#0a849]], state: ScrollableState#a9e47(position: ScrollPositionWithSingleContext#1c9e8(offset: 280.0, range: 0.0..768.0, viewport: 350.0, ScrollableState, ClampingScrollPhysics -> RangeMaintainingScrollPhysics, IdleScrollActivity#fe6b7, ScrollDirection.idle), effective physics: ClampingScrollPhysics -> RangeMaintainingScrollPhysics)),
]" derived an Offset (Offset(195.0, 96.0)) that would not hit test on the specified widget.
Maybe the widget is actually off-screen, or another widget is obscuring it, or the widget cannot receive pointer events.
The finder corresponds to this RenderBox: RenderClipRect#0df3c relayoutBoundary=up5
The hit test result at that offset is: HitTestResult(RenderPointerListener#61db0@Offset(28.5, 2.0), RenderSemanticsAnnotations#b7a86@Offset(28.5, 2.0), RenderMouseRegion#126d4@Offset(28.5, 2.0), RenderSemanticsAnnotations#72c31@Offset(28.5, 2.0), RenderMergeSemantics#42cc2@Offset(28.5, 2.0), _TabLabelBarRenderer#414c8@Offset(187.0, 2.0), RenderCustomPaint#61be0@Offset(187.0, 2.0), RenderSemanticsAnnotations#0a9f2@Offset(187.0, 2.0), RenderPadding#fc3f1@Offset(195.0, 2.0), _RenderSingleChildViewport#d487b@Offset(195.0, 2.0), RenderIgnorePointer#9a417@Offset(195.0, 2.0), RenderSemanticsAnnotations#19e4f@Offset(195.0, 2.0), RenderPointerListener#75574@Offset(195.0, 2.0), RenderSemanticsGestureHandler#45268@Offset(195.0, 2.0), RenderPointerListener#fa991@Offset(195.0, 2.0), _RenderScrollSemantics#2f4f4@Offset(195.0, 2.0), RenderPositionedBox#e0fbf@Offset(195.0, 2.0), _RenderInkFeatures#305fb@Offset(195.0, 2.0), RenderCustomPaint#ba08a@Offset(195.0, 2.0), RenderClipPath#ab6f3@Offset(195.0, 2.0), RenderFlex#86b70@Offset(195.0, 2.0), RenderConstrainedBox#00d14@Offset(195.0, 2.0), RenderConstrainedBox#54bed@Offset(195.0, 2.0), RenderPositionedBox#37dc3@Offset(195.0, 2.0), RenderPadding#db84b@Offset(195.0, 2.0), RenderCustomMultiChildLayoutBox#4bc76@Offset(195.0, 96.0), _RenderInkFeatures#a78d3@Offset(195.0, 96.0), RenderPhysicalModel#e7f9f@Offset(195.0, 96.0), RenderIndexedStack#9828b@Offset(195.0, 96.0), RenderAnimatedOpacity#3a594@Offset(195.0, 96.0), RenderClipRect#b6174@Offset(195.0, 96.0), _RenderLayoutBuilder#da0c2@Offset(195.0, 96.0), RenderCustomMultiChildLayoutBox#b8824@Offset(195.0, 96.0), _RenderInkFeatures#f8d6c@Offset(195.0, 96.0), RenderPhysicalModel#37695@Offset(195.0, 96.0), RenderSemanticsAnnotations#ab6e4@Offset(195.0, 96.0), RenderRepaintBoundary#ef00b@Offset(195.0, 96.0), RenderIgnorePointer#b0feb@Offset(195.0, 96.0), RenderAnimatedOpacity#c579b@Offset(195.0, 96.0), RenderRepaintBoundary#5215b@Offset(195.0, 96.0), RenderSemanticsAnnotations#653b2@Offset(195.0, 96.0), RenderOffstage#356a4@Offset(195.0, 96.0), RenderSemanticsAnnotations#7c503@Offset(195.0, 96.0), _RenderTheater#1a4c4@Offset(195.0, 96.0), RenderAbsorbPointer#6e37c@Offset(195.0, 96.0), RenderPointerListener#0789c@Offset(195.0, 96.0), RenderSemanticsAnnotations#164cc@Offset(195.0, 96.0), RenderSemanticsAnnotations#90e81@Offset(195.0, 96.0), RenderSemanticsAnnotations#d0519@Offset(195.0, 96.0), RenderSemanticsAnnotations#11419@Offset(195.0, 96.0), RenderTapRegionSurface#3dcff@Offset(195.0, 96.0), RenderSemanticsAnnotations#a40fd@Offset(195.0, 96.0), RenderSemanticsAnnotations#d9248@Offset(195.0, 96.0), RenderRepaintBoundary#d2794@Offset(195.0, 96.0), HitTestEntry<HitTestTarget>#26a18(_ReusableRenderView#0b3e1), HitTestEntry<HitTestTarget>#e9a8b(<AutomatedTestWidgetsFlutterBinding>))
#0      WidgetController._getElementPoint (package:flutter_test/src/controller.dart:2165:25)
#1      WidgetController.getCenter (package:flutter_test/src/controller.dart:1947:12)
#2      WidgetController.drag (package:flutter_test/src/controller.dart:1604:7)
#3      WidgetController.dragUntilVisible.<anonymous closure> (package:flutter_test/src/controller.dart:2483:17)
<asynchronous suspension>
#4      TestAsyncUtils.guard.<anonymous closure> (package:flutter_test/src/test_async_utils.dart:130:27)
<asynchronous suspension>
#5      WidgetController.scrollUntilVisible.<anonymous closure> (package:flutter_test/src/controller.dart:2439:7)
<asynchronous suspension>
#6      TestAsyncUtils.guard.<anonymous closure> (package:flutter_test/src/test_async_utils.dart:130:27)
<asynchronous suspension>
#7      main.<anonymous closure> (file:///home/runner/work/streetlift-apk/streetlift-apk/avant/test/visual_capture_test.dart:201:13)
<asynchronous suspension>
#8      testWidgets.<anonymous closure>.<anonymous closure> (package:flutter_test/src/widget_tester.dart:192:15)
<asynchronous suspension>
#9      TestWidgetsFlutterBinding._runTestBody (package:flutter_test/src/binding.dart:1953:5)
<asynchronous suspension>
#10     StackZoneSpecification._registerCallback.<anonymous closure> (package:stack_trace/src/stack_zone_specification.dart:114:42)
<asynchronous suspension>
To silence this warning, pass "warnIfMissed: false" to "drag()".
To make this warning fatal, set WidgetController.hitTestWarningShouldBeFatal to true.


Warning: A call to drag() with finder "Found 1 widget with type "Scrollable" descending from widget with type "StatsScreen" (ignoring all but last): [
  Scrollable(axisDirection: right, physics: null, restorationId: null, dependencies: [InheritedCupertinoTheme, MediaQuery, ScrollConfiguration, UnmanagedRestorationScope, _InheritedTheme, _LocalizationsScope-[GlobalKey#0a849]], state: ScrollableState#a9e47(position: ScrollPositionWithSingleContext#1c9e8(offset: 280.0, range: 0.0..768.0, viewport: 350.0, ScrollableState, ClampingScrollPhysics -> RangeMaintainingScrollPhysics, IdleScrollActivity#fe6b7, ScrollDirection.idle), effective physics: ClampingScrollPhysics -> RangeMaintainingScrollPhysics)),
]" derived an Offset (Offset(195.0, 96.0)) that would not hit test on the specified widget.
Maybe the widget is actually off-screen, or another widget is obscuring it, or the widget cannot receive pointer events.
The finder corresponds to this RenderBox: RenderClipRect#0df3c relayoutBoundary=up5
The hit test result at that offset is: HitTestResult(RenderPointerListener#61db0@Offset(28.5, 2.0), RenderSemanticsAnnotations#b7a86@Offset(28.5, 2.0), RenderMouseRegion#126d4@Offset(28.5, 2.0), RenderSemanticsAnnotations#72c31@Offset(28.5, 2.0), RenderMergeSemantics#42cc2@Offset(28.5, 2.0), _TabLabelBarRenderer#414c8@Offset(187.0, 2.0), RenderCustomPaint#61be0@Offset(187.0, 2.0), RenderSemanticsAnnotations#0a9f2@Offset(187.0, 2.0), RenderPadding#fc3f1@Offset(195.0, 2.0), _RenderSingleChildViewport#d487b@Offset(195.0, 2.0), RenderIgnorePointer#9a417@Offset(195.0, 2.0), RenderSemanticsAnnotations#19e4f@Offset(195.0, 2.0), RenderPointerListener#75574@Offset(195.0, 2.0), RenderSemanticsGestureHandler#45268@Offset(195.0, 2.0), RenderPointerListener#fa991@Offset(195.0, 2.0), _RenderScrollSemantics#2f4f4@Offset(195.0, 2.0), RenderPositionedBox#e0fbf@Offset(195.0, 2.0), _RenderInkFeatures#305fb@Offset(195.0, 2.0), RenderCustomPaint#ba08a@Offset(195.0, 2.0), RenderClipPath#ab6f3@Offset(195.0, 2.0), RenderFlex#86b70@Offset(195.0, 2.0), RenderConstrainedBox#00d14@Offset(195.0, 2.0), RenderConstrainedBox#54bed@Offset(195.0, 2.0), RenderPositionedBox#37dc3@Offset(195.0, 2.0), RenderPadding#db84b@Offset(195.0, 2.0), RenderCustomMultiChildLayoutBox#4bc76@Offset(195.0, 96.0), _RenderInkFeatures#a78d3@Offset(195.0, 96.0), RenderPhysicalModel#e7f9f@Offset(195.0, 96.0), RenderIndexedStack#9828b@Offset(195.0, 96.0), RenderAnimatedOpacity#3a594@Offset(195.0, 96.0), RenderClipRect#b6174@Offset(195.0, 96.0), _RenderLayoutBuilder#da0c2@Offset(195.0, 96.0), RenderCustomMultiChildLayoutBox#b8824@Offset(195.0, 96.0), _RenderInkFeatures#f8d6c@Offset(195.0, 96.0), RenderPhysicalModel#37695@Offset(195.0, 96.0), RenderSemanticsAnnotations#ab6e4@Offset(195.0, 96.0), RenderRepaintBoundary#ef00b@Offset(195.0, 96.0), RenderIgnorePointer#b0feb@Offset(195.0, 96.0), RenderAnimatedOpacity#c579b@Offset(195.0, 96.0), RenderRepaintBoundary#5215b@Offset(195.0, 96.0), RenderSemanticsAnnotations#653b2@Offset(195.0, 96.0), RenderOffstage#356a4@Offset(195.0, 96.0), RenderSemanticsAnnotations#7c503@Offset(195.0, 96.0), _RenderTheater#1a4c4@Offset(195.0, 96.0), RenderAbsorbPointer#6e37c@Offset(195.0, 96.0), RenderPointerListener#0789c@Offset(195.0, 96.0), RenderSemanticsAnnotations#164cc@Offset(195.0, 96.0), RenderSemanticsAnnotations#90e81@Offset(195.0, 96.0), RenderSemanticsAnnotations#d0519@Offset(195.0, 96.0), RenderSemanticsAnnotations#11419@Offset(195.0, 96.0), RenderTapRegionSurface#3dcff@Offset(195.0, 96.0), RenderSemanticsAnnotations#a40fd@Offset(195.0, 96.0), RenderSemanticsAnnotations#d9248@Offset(195.0, 96.0), RenderRepaintBoundary#d2794@Offset(195.0, 96.0), HitTestEntry<HitTestTarget>#93922(_ReusableRenderView#0b3e1), HitTestEntry<HitTestTarget>#612f4(<AutomatedTestWidgetsFlutterBinding>))
#0      WidgetController._getElementPoint (package:flutter_test/src/controller.dart:2165:25)
#1      WidgetController.getCenter (package:flutter_test/src/controller.dart:1947:12)
#2      WidgetController.drag (package:flutter_test/src/controller.dart:1604:7)
#3      WidgetController.dragUntilVisible.<anonymous closure> (package:flutter_test/src/controller.dart:2483:17)
<asynchronous suspension>
#4      TestAsyncUtils.guard.<anonymous closure> (package:flutter_test/src/test_async_utils.dart:130:27)
<asynchronous suspension>
#5      WidgetController.scrollUntilVisible.<anonymous closure> (package:flutter_test/src/controller.dart:2439:7)
<asynchronous suspension>
#6      TestAsyncUtils.guard.<anonymous closure> (package:flutter_test/src/test_async_utils.dart:130:27)
<asynchronous suspension>
#7      main.<anonymous closure> (file:///home/runner/work/streetlift-apk/streetlift-apk/avant/test/visual_capture_test.dart:201:13)
<asynchronous suspension>
#8      testWidgets.<anonymous closure>.<anonymous closure> (package:flutter_test/src/widget_tester.dart:192:15)
<asynchronous suspension>
#9      TestWidgetsFlutterBinding._runTestBody (package:flutter_test/src/binding.dart:1953:5)
<asynchronous suspension>
#10     StackZoneSpecification._registerCallback.<anonymous closure> (package:stack_trace/src/stack_zone_specification.dart:114:42)
<asynchronous suspension>
To silence this warning, pass "warnIfMissed: false" to "drag()".
To make this warning fatal, set WidgetController.hitTestWarningShouldBeFatal to true.


Warning: A call to drag() with finder "Found 1 widget with type "Scrollable" descending from widget with type "StatsScreen" (ignoring all but last): [
  Scrollable(axisDirection: right, physics: null, restorationId: null, dependencies: [InheritedCupertinoTheme, MediaQuery, ScrollConfiguration, UnmanagedRestorationScope, _InheritedTheme, _LocalizationsScope-[GlobalKey#0a849]], state: ScrollableState#a9e47(position: ScrollPositionWithSingleContext#1c9e8(offset: 280.0, range: 0.0..768.0, viewport: 350.0, ScrollableState, ClampingScrollPhysics -> RangeMaintainingScrollPhysics, IdleScrollActivity#fe6b7, ScrollDirection.idle), effective physics: ClampingScrollPhysics -> RangeMaintainingScrollPhysics)),
]" derived an Offset (Offset(195.0, 96.0)) that would not hit test on the specified widget.
Maybe the widget is actually off-screen, or another widget is obscuring it, or the widget cannot receive pointer events.
The finder corresponds to this RenderBox: RenderClipRect#0df3c relayoutBoundary=up5
The hit test result at that offset is: HitTestResult(RenderPointerListener#61db0@Offset(28.5, 2.0), RenderSemanticsAnnotations#b7a86@Offset(28.5, 2.0), RenderMouseRegion#126d4@Offset(28.5, 2.0), RenderSemanticsAnnotations#72c31@Offset(28.5, 2.0), RenderMergeSemantics#42cc2@Offset(28.5, 2.0), _TabLabelBarRenderer#414c8@Offset(187.0, 2.0), RenderCustomPaint#61be0@Offset(187.0, 2.0), RenderSemanticsAnnotations#0a9f2@Offset(187.0, 2.0), RenderPadding#fc3f1@Offset(195.0, 2.0), _RenderSingleChildViewport#d487b@Offset(195.0, 2.0), RenderIgnorePointer#9a417@Offset(195.0, 2.0), RenderSemanticsAnnotations#19e4f@Offset(195.0, 2.0), RenderPointerListener#75574@Offset(195.0, 2.0), RenderSemanticsGestureHandler#45268@Offset(195.0, 2.0), RenderPointerListener#fa991@Offset(195.0, 2.0), _RenderScrollSemantics#2f4f4@Offset(195.0, 2.0), RenderPositionedBox#e0fbf@Offset(195.0, 2.0), _RenderInkFeatures#305fb@Offset(195.0, 2.0), RenderCustomPaint#ba08a@Offset(195.0, 2.0), RenderClipPath#ab6f3@Offset(195.0, 2.0), RenderFlex#86b70@Offset(195.0, 2.0), RenderConstrainedBox#00d14@Offset(195.0, 2.0), RenderConstrainedBox#54bed@Offset(195.0, 2.0), RenderPositionedBox#37dc3@Offset(195.0, 2.0), RenderPadding#db84b@Offset(195.0, 2.0), RenderCustomMultiChildLayoutBox#4bc76@Offset(195.0, 96.0), _RenderInkFeatures#a78d3@Offset(195.0, 96.0), RenderPhysicalModel#e7f9f@Offset(195.0, 96.0), RenderIndexedStack#9828b@Offset(195.0, 96.0), RenderAnimatedOpacity#3a594@Offset(195.0, 96.0), RenderClipRect#b6174@Offset(195.0, 96.0), _RenderLayoutBuilder#da0c2@Offset(195.0, 96.0), RenderCustomMultiChildLayoutBox#b8824@Offset(195.0, 96.0), _RenderInkFeatures#f8d6c@Offset(195.0, 96.0), RenderPhysicalModel#37695@Offset(195.0, 96.0), RenderSemanticsAnnotations#ab6e4@Offset(195.0, 96.0), RenderRepaintBoundary#ef00b@Offset(195.0, 96.0), RenderIgnorePointer#b0feb@Offset(195.0, 96.0), RenderAnimatedOpacity#c579b@Offset(195.0, 96.0), RenderRepaintBoundary#5215b@Offset(195.0, 96.0), RenderSemanticsAnnotations#653b2@Offset(195.0, 96.0), RenderOffstage#356a4@Offset(195.0, 96.0), RenderSemanticsAnnotations#7c503@Offset(195.0, 96.0), _RenderTheater#1a4c4@Offset(195.0, 96.0), RenderAbsorbPointer#6e37c@Offset(195.0, 96.0), RenderPointerListener#0789c@Offset(195.0, 96.0), RenderSemanticsAnnotations#164cc@Offset(195.0, 96.0), RenderSemanticsAnnotations#90e81@Offset(195.0, 96.0), RenderSemanticsAnnotations#d0519@Offset(195.0, 96.0), RenderSemanticsAnnotations#11419@Offset(195.0, 96.0), RenderTapRegionSurface#3dcff@Offset(195.0, 96.0), RenderSemanticsAnnotations#a40fd@Offset(195.0, 96.0), RenderSemanticsAnnotations#d9248@Offset(195.0, 96.0), RenderRepaintBoundary#d2794@Offset(195.0, 96.0), HitTestEntry<HitTestTarget>#eed52(_ReusableRenderView#0b3e1), HitTestEntry<HitTestTarget>#87f53(<AutomatedTestWidgetsFlutterBinding>))
#0      WidgetController._getElementPoint (package:flutter_test/src/controller.dart:2165:25)
#1      WidgetController.getCenter (package:flutter_test/src/controller.dart:1947:12)
#2      WidgetController.drag (package:flutter_test/src/controller.dart:1604:7)
#3      WidgetController.dragUntilVisible.<anonymous closure> (package:flutter_test/src/controller.dart:2483:17)
<asynchronous suspension>
#4      TestAsyncUtils.guard.<anonymous closure> (package:flutter_test/src/test_async_utils.dart:130:27)
<asynchronous suspension>
#5      WidgetController.scrollUntilVisible.<anonymous closure> (package:flutter_test/src/controller.dart:2439:7)
<asynchronous suspension>
#6      TestAsyncUtils.guard.<anonymous closure> (package:flutter_test/src/test_async_utils.dart:130:27)
<asynchronous suspension>
#7      main.<anonymous closure> (file:///home/runner/work/streetlift-apk/streetlift-apk/avant/test/visual_capture_test.dart:201:13)
<asynchronous suspension>
#8      testWidgets.<anonymous closure>.<anonymous closure> (package:flutter_test/src/widget_tester.dart:192:15)
<asynchronous suspension>
#9      TestWidgetsFlutterBinding._runTestBody (package:flutter_test/src/binding.dart:1953:5)
<asynchronous suspension>
#10     StackZoneSpecification._registerCallback.<anonymous closure> (package:stack_trace/src/stack_zone_specification.dart:114:42)
<asynchronous suspension>
To silence this warning, pass "warnIfMissed: false" to "drag()".
To make this warning fatal, set WidgetController.hitTestWarningShouldBeFatal to true.


Warning: A call to drag() with finder "Found 1 widget with type "Scrollable" descending from widget with type "StatsScreen" (ignoring all but last): [
  Scrollable(axisDirection: right, physics: null, restorationId: null, dependencies: [InheritedCupertinoTheme, MediaQuery, ScrollConfiguration, UnmanagedRestorationScope, _InheritedTheme, _LocalizationsScope-[GlobalKey#0a849]], state: ScrollableState#a9e47(position: ScrollPositionWithSingleContext#1c9e8(offset: 280.0, range: 0.0..768.0, viewport: 350.0, ScrollableState, ClampingScrollPhysics -> RangeMaintainingScrollPhysics, IdleScrollActivity#fe6b7, ScrollDirection.idle), effective physics: ClampingScrollPhysics -> RangeMaintainingScrollPhysics)),
]" derived an Offset (Offset(195.0, 96.0)) that would not hit test on the specified widget.
Maybe the widget is actually off-screen, or another widget is obscuring it, or the widget cannot receive pointer events.
The finder corresponds to this RenderBox: RenderClipRect#0df3c relayoutBoundary=up5
The hit test result at that offset is: HitTestResult(RenderPointerListener#61db0@Offset(28.5, 2.0), RenderSemanticsAnnotations#b7a86@Offset(28.5, 2.0), RenderMouseRegion#126d4@Offset(28.5, 2.0), RenderSemanticsAnnotations#72c31@Offset(28.5, 2.0), RenderMergeSemantics#42cc2@Offset(28.5, 2.0), _TabLabelBarRenderer#414c8@Offset(187.0, 2.0), RenderCustomPaint#61be0@Offset(187.0, 2.0), RenderSemanticsAnnotations#0a9f2@Offset(187.0, 2.0), RenderPadding#fc3f1@Offset(195.0, 2.0), _RenderSingleChildViewport#d487b@Offset(195.0, 2.0), RenderIgnorePointer#9a417@Offset(195.0, 2.0), RenderSemanticsAnnotations#19e4f@Offset(195.0, 2.0), RenderPointerListener#75574@Offset(195.0, 2.0), RenderSemanticsGestureHandler#45268@Offset(195.0, 2.0), RenderPointerListener#fa991@Offset(195.0, 2.0), _RenderScrollSemantics#2f4f4@Offset(195.0, 2.0), RenderPositionedBox#e0fbf@Offset(195.0, 2.0), _RenderInkFeatures#305fb@Offset(195.0, 2.0), RenderCustomPaint#ba08a@Offset(195.0, 2.0), RenderClipPath#ab6f3@Offset(195.0, 2.0), RenderFlex#86b70@Offset(195.0, 2.0), RenderConstrainedBox#00d14@Offset(195.0, 2.0), RenderConstrainedBox#54bed@Offset(195.0, 2.0), RenderPositionedBox#37dc3@Offset(195.0, 2.0), RenderPadding#db84b@Offset(195.0, 2.0), RenderCustomMultiChildLayoutBox#4bc76@Offset(195.0, 96.0), _RenderInkFeatures#a78d3@Offset(195.0, 96.0), RenderPhysicalModel#e7f9f@Offset(195.0, 96.0), RenderIndexedStack#9828b@Offset(195.0, 96.0), RenderAnimatedOpacity#3a594@Offset(195.0, 96.0), RenderClipRect#b6174@Offset(195.0, 96.0), _RenderLayoutBuilder#da0c2@Offset(195.0, 96.0), RenderCustomMultiChildLayoutBox#b8824@Offset(195.0, 96.0), _RenderInkFeatures#f8d6c@Offset(195.0, 96.0), RenderPhysicalModel#37695@Offset(195.0, 96.0), RenderSemanticsAnnotations#ab6e4@Offset(195.0, 96.0), RenderRepaintBoundary#ef00b@Offset(195.0, 96.0), RenderIgnorePointer#b0feb@Offset(195.0, 96.0), RenderAnimatedOpacity#c579b@Offset(195.0, 96.0), RenderRepaintBoundary#5215b@Offset(195.0, 96.0), RenderSemanticsAnnotations#653b2@Offset(195.0, 96.0), RenderOffstage#356a4@Offset(195.0, 96.0), RenderSemanticsAnnotations#7c503@Offset(195.0, 96.0), _RenderTheater#1a4c4@Offset(195.0, 96.0), RenderAbsorbPointer#6e37c@Offset(195.0, 96.0), RenderPointerListener#0789c@Offset(195.0, 96.0), RenderSemanticsAnnotations#164cc@Offset(195.0, 96.0), RenderSemanticsAnnotations#90e81@Offset(195.0, 96.0), RenderSemanticsAnnotations#d0519@Offset(195.0, 96.0), RenderSemanticsAnnotations#11419@Offset(195.0, 96.0), RenderTapRegionSurface#3dcff@Offset(195.0, 96.0), RenderSemanticsAnnotations#a40fd@Offset(195.0, 96.0), RenderSemanticsAnnotations#d9248@Offset(195.0, 96.0), RenderRepaintBoundary#d2794@Offset(195.0, 96.0), HitTestEntry<HitTestTarget>#30493(_ReusableRenderView#0b3e1), HitTestEntry<HitTestTarget>#0f2ec(<AutomatedTestWidgetsFlutterBinding>))
#0      WidgetController._getElementPoint (package:flutter_test/src/controller.dart:2165:25)
#1      WidgetController.getCenter (package:flutter_test/src/controller.dart:1947:12)
#2      WidgetController.drag (package:flutter_test/src/controller.dart:1604:7)
#3      WidgetController.dragUntilVisible.<anonymous closure> (package:flutter_test/src/controller.dart:2483:17)
<asynchronous suspension>
#4      TestAsyncUtils.guard.<anonymous closure> (package:flutter_test/src/test_async_utils.dart:130:27)
<asynchronous suspension>
#5      WidgetController.scrollUntilVisible.<anonymous closure> (package:flutter_test/src/controller.dart:2439:7)
<asynchronous suspension>
#6      TestAsyncUtils.guard.<anonymous closure> (package:flutter_test/src/test_async_utils.dart:130:27)
<asynchronous suspension>
#7      main.<anonymous closure> (file:///home/runner/work/streetlift-apk/streetlift-apk/avant/test/visual_capture_test.dart:201:13)
<asynchronous suspension>
#8      testWidgets.<anonymous closure>.<anonymous closure> (package:flutter_test/src/widget_tester.dart:192:15)
<asynchronous suspension>
#9      TestWidgetsFlutterBinding._runTestBody (package:flutter_test/src/binding.dart:1953:5)
<asynchronous suspension>
#10     StackZoneSpecification._registerCallback.<anonymous closure> (package:stack_trace/src/stack_zone_specification.dart:114:42)
<asynchronous suspension>
To silence this warning, pass "warnIfMissed: false" to "drag()".
To make this warning fatal, set WidgetController.hitTestWarningShouldBeFatal to true.


Warning: A call to drag() with finder "Found 1 widget with type "Scrollable" descending from widget with type "StatsScreen" (ignoring all but last): [
  Scrollable(axisDirection: right, physics: null, restorationId: null, dependencies: [InheritedCupertinoTheme, MediaQuery, ScrollConfiguration, UnmanagedRestorationScope, _InheritedTheme, _LocalizationsScope-[GlobalKey#0a849]], state: ScrollableState#a9e47(position: ScrollPositionWithSingleContext#1c9e8(offset: 280.0, range: 0.0..768.0, viewport: 350.0, ScrollableState, ClampingScrollPhysics -> RangeMaintainingScrollPhysics, IdleScrollActivity#fe6b7, ScrollDirection.idle), effective physics: ClampingScrollPhysics -> RangeMaintainingScrollPhysics)),
]" derived an Offset (Offset(195.0, 96.0)) that would not hit test on the specified widget.
Maybe the widget is actually off-screen, or another widget is obscuring it, or the widget cannot receive pointer events.
The finder corresponds to this RenderBox: RenderClipRect#0df3c relayoutBoundary=up5
The hit test result at that offset is: HitTestResult(RenderPointerListener#61db0@Offset(28.5, 2.0), RenderSemanticsAnnotations#b7a86@Offset(28.5, 2.0), RenderMouseRegion#126d4@Offset(28.5, 2.0), RenderSemanticsAnnotations#72c31@Offset(28.5, 2.0), RenderMergeSemantics#42cc2@Offset(28.5, 2.0), _TabLabelBarRenderer#414c8@Offset(187.0, 2.0), RenderCustomPaint#61be0@Offset(187.0, 2.0), RenderSemanticsAnnotations#0a9f2@Offset(187.0, 2.0), RenderPadding#fc3f1@Offset(195.0, 2.0), _RenderSingleChildViewport#d487b@Offset(195.0, 2.0), RenderIgnorePointer#9a417@Offset(195.0, 2.0), RenderSemanticsAnnotations#19e4f@Offset(195.0, 2.0), RenderPointerListener#75574@Offset(195.0, 2.0), RenderSemanticsGestureHandler#45268@Offset(195.0, 2.0), RenderPointerListener#fa991@Offset(195.0, 2.0), _RenderScrollSemantics#2f4f4@Offset(195.0, 2.0), RenderPositionedBox#e0fbf@Offset(195.0, 2.0), _RenderInkFeatures#305fb@Offset(195.0, 2.0), RenderCustomPaint#ba08a@Offset(195.0, 2.0), RenderClipPath#ab6f3@Offset(195.0, 2.0), RenderFlex#86b70@Offset(195.0, 2.0), RenderConstrainedBox#00d14@Offset(195.0, 2.0), RenderConstrainedBox#54bed@Offset(195.0, 2.0), RenderPositionedBox#37dc3@Offset(195.0, 2.0), RenderPadding#db84b@Offset(195.0, 2.0), RenderCustomMultiChildLayoutBox#4bc76@Offset(195.0, 96.0), _RenderInkFeatures#a78d3@Offset(195.0, 96.0), RenderPhysicalModel#e7f9f@Offset(195.0, 96.0), RenderIndexedStack#9828b@Offset(195.0, 96.0), RenderAnimatedOpacity#3a594@Offset(195.0, 96.0), RenderClipRect#b6174@Offset(195.0, 96.0), _RenderLayoutBuilder#da0c2@Offset(195.0, 96.0), RenderCustomMultiChildLayoutBox#b8824@Offset(195.0, 96.0), _RenderInkFeatures#f8d6c@Offset(195.0, 96.0), RenderPhysicalModel#37695@Offset(195.0, 96.0), RenderSemanticsAnnotations#ab6e4@Offset(195.0, 96.0), RenderRepaintBoundary#ef00b@Offset(195.0, 96.0), RenderIgnorePointer#b0feb@Offset(195.0, 96.0), RenderAnimatedOpacity#c579b@Offset(195.0, 96.0), RenderRepaintBoundary#5215b@Offset(195.0, 96.0), RenderSemanticsAnnotations#653b2@Offset(195.0, 96.0), RenderOffstage#356a4@Offset(195.0, 96.0), RenderSemanticsAnnotations#7c503@Offset(195.0, 96.0), _RenderTheater#1a4c4@Offset(195.0, 96.0), RenderAbsorbPointer#6e37c@Offset(195.0, 96.0), RenderPointerListener#0789c@Offset(195.0, 96.0), RenderSemanticsAnnotations#164cc@Offset(195.0, 96.0), RenderSemanticsAnnotations#90e81@Offset(195.0, 96.0), RenderSemanticsAnnotations#d0519@Offset(195.0, 96.0), RenderSemanticsAnnotations#11419@Offset(195.0, 96.0), RenderTapRegionSurface#3dcff@Offset(195.0, 96.0), RenderSemanticsAnnotations#a40fd@Offset(195.0, 96.0), RenderSemanticsAnnotations#d9248@Offset(195.0, 96.0), RenderRepaintBoundary#d2794@Offset(195.0, 96.0), HitTestEntry<HitTestTarget>#ab867(_ReusableRenderView#0b3e1), HitTestEntry<HitTestTarget>#1da9d(<AutomatedTestWidgetsFlutterBinding>))
#0      WidgetController._getElementPoint (package:flutter_test/src/controller.dart:2165:25)
#1      WidgetController.getCenter (package:flutter_test/src/controller.dart:1947:12)
#2      WidgetController.drag (package:flutter_test/src/controller.dart:1604:7)
#3      WidgetController.dragUntilVisible.<anonymous closure> (package:flutter_test/src/controller.dart:2483:17)
<asynchronous suspension>
#4      TestAsyncUtils.guard.<anonymous closure> (package:flutter_test/src/test_async_utils.dart:130:27)
<asynchronous suspension>
#5      WidgetController.scrollUntilVisible.<anonymous closure> (package:flutter_test/src/controller.dart:2439:7)
<asynchronous suspension>
#6      TestAsyncUtils.guard.<anonymous closure> (package:flutter_test/src/test_async_utils.dart:130:27)
<asynchronous suspension>
#7      main.<anonymous closure> (file:///home/runner/work/streetlift-apk/streetlift-apk/avant/test/visual_capture_test.dart:201:13)
<asynchronous suspension>
#8      testWidgets.<anonymous closure>.<anonymous closure> (package:flutter_test/src/widget_tester.dart:192:15)
<asynchronous suspension>
#9      TestWidgetsFlutterBinding._runTestBody (package:flutter_test/src/binding.dart:1953:5)
<asynchronous suspension>
#10     StackZoneSpecification._registerCallback.<anonymous closure> (package:stack_trace/src/stack_zone_specification.dart:114:42)
<asynchronous suspension>
To silence this warning, pass "warnIfMissed: false" to "drag()".
To make this warning fatal, set WidgetController.hitTestWarningShouldBeFatal to true.


Warning: A call to drag() with finder "Found 1 widget with type "Scrollable" descending from widget with type "StatsScreen" (ignoring all but last): [
  Scrollable(axisDirection: right, physics: null, restorationId: null, dependencies: [InheritedCupertinoTheme, MediaQuery, ScrollConfiguration, UnmanagedRestorationScope, _InheritedTheme, _LocalizationsScope-[GlobalKey#0a849]], state: ScrollableState#a9e47(position: ScrollPositionWithSingleContext#1c9e8(offset: 280.0, range: 0.0..768.0, viewport: 350.0, ScrollableState, ClampingScrollPhysics -> RangeMaintainingScrollPhysics, IdleScrollActivity#fe6b7, ScrollDirection.idle), effective physics: ClampingScrollPhysics -> RangeMaintainingScrollPhysics)),
]" derived an Offset (Offset(195.0, 96.0)) that would not hit test on the specified widget.
Maybe the widget is actually off-screen, or another widget is obscuring it, or the widget cannot receive pointer events.
The finder corresponds to this RenderBox: RenderClipRect#0df3c relayoutBoundary=up5
The hit test result at that offset is: HitTestResult(RenderPointerListener#61db0@Offset(28.5, 2.0), RenderSemanticsAnnotations#b7a86@Offset(28.5, 2.0), RenderMouseRegion#126d4@Offset(28.5, 2.0), RenderSemanticsAnnotations#72c31@Offset(28.5, 2.0), RenderMergeSemantics#42cc2@Offset(28.5, 2.0), _TabLabelBarRenderer#414c8@Offset(187.0, 2.0), RenderCustomPaint#61be0@Offset(187.0, 2.0), RenderSemanticsAnnotations#0a9f2@Offset(187.0, 2.0), RenderPadding#fc3f1@Offset(195.0, 2.0), _RenderSingleChildViewport#d487b@Offset(195.0, 2.0), RenderIgnorePointer#9a417@Offset(195.0, 2.0), RenderSemanticsAnnotations#19e4f@Offset(195.0, 2.0), RenderPointerListener#75574@Offset(195.0, 2.0), RenderSemanticsGestureHandler#45268@Offset(195.0, 2.0), RenderPointerListener#fa991@Offset(195.0, 2.0), _RenderScrollSemantics#2f4f4@Offset(195.0, 2.0), RenderPositionedBox#e0fbf@Offset(195.0, 2.0), _RenderInkFeatures#305fb@Offset(195.0, 2.0), RenderCustomPaint#ba08a@Offset(195.0, 2.0), RenderClipPath#ab6f3@Offset(195.0, 2.0), RenderFlex#86b70@Offset(195.0, 2.0), RenderConstrainedBox#00d14@Offset(195.0, 2.0), RenderConstrainedBox#54bed@Offset(195.0, 2.0), RenderPositionedBox#37dc3@Offset(195.0, 2.0), RenderPadding#db84b@Offset(195.0, 2.0), RenderCustomMultiChildLayoutBox#4bc76@Offset(195.0, 96.0), _RenderInkFeatures#a78d3@Offset(195.0, 96.0), RenderPhysicalModel#e7f9f@Offset(195.0, 96.0), RenderIndexedStack#9828b@Offset(195.0, 96.0), RenderAnimatedOpacity#3a594@Offset(195.0, 96.0), RenderClipRect#b6174@Offset(195.0, 96.0), _RenderLayoutBuilder#da0c2@Offset(195.0, 96.0), RenderCustomMultiChildLayoutBox#b8824@Offset(195.0, 96.0), _RenderInkFeatures#f8d6c@Offset(195.0, 96.0), RenderPhysicalModel#37695@Offset(195.0, 96.0), RenderSemanticsAnnotations#ab6e4@Offset(195.0, 96.0), RenderRepaintBoundary#ef00b@Offset(195.0, 96.0), RenderIgnorePointer#b0feb@Offset(195.0, 96.0), RenderAnimatedOpacity#c579b@Offset(195.0, 96.0), RenderRepaintBoundary#5215b@Offset(195.0, 96.0), RenderSemanticsAnnotations#653b2@Offset(195.0, 96.0), RenderOffstage#356a4@Offset(195.0, 96.0), RenderSemanticsAnnotations#7c503@Offset(195.0, 96.0), _RenderTheater#1a4c4@Offset(195.0, 96.0), RenderAbsorbPointer#6e37c@Offset(195.0, 96.0), RenderPointerListener#0789c@Offset(195.0, 96.0), RenderSemanticsAnnotations#164cc@Offset(195.0, 96.0), RenderSemanticsAnnotations#90e81@Offset(195.0, 96.0), RenderSemanticsAnnotations#d0519@Offset(195.0, 96.0), RenderSemanticsAnnotations#11419@Offset(195.0, 96.0), RenderTapRegionSurface#3dcff@Offset(195.0, 96.0), RenderSemanticsAnnotations#a40fd@Offset(195.0, 96.0), RenderSemanticsAnnotations#d9248@Offset(195.0, 96.0), RenderRepaintBoundary#d2794@Offset(195.0, 96.0), HitTestEntry<HitTestTarget>#04f45(_ReusableRenderView#0b3e1), HitTestEntry<HitTestTarget>#dfe58(<AutomatedTestWidgetsFlutterBinding>))
#0      WidgetController._getElementPoint (package:flutter_test/src/controller.dart:2165:25)
#1      WidgetController.getCenter (package:flutter_test/src/controller.dart:1947:12)
#2      WidgetController.drag (package:flutter_test/src/controller.dart:1604:7)
#3      WidgetController.dragUntilVisible.<anonymous closure> (package:flutter_test/src/controller.dart:2483:17)
<asynchronous suspension>
#4      TestAsyncUtils.guard.<anonymous closure> (package:flutter_test/src/test_async_utils.dart:130:27)
<asynchronous suspension>
#5      WidgetController.scrollUntilVisible.<anonymous closure> (package:flutter_test/src/controller.dart:2439:7)
<asynchronous suspension>
#6      TestAsyncUtils.guard.<anonymous closure> (package:flutter_test/src/test_async_utils.dart:130:27)
<asynchronous suspension>
#7      main.<anonymous closure> (file:///home/runner/work/streetlift-apk/streetlift-apk/avant/test/visual_capture_test.dart:201:13)
<asynchronous suspension>
#8      testWidgets.<anonymous closure>.<anonymous closure> (package:flutter_test/src/widget_tester.dart:192:15)
<asynchronous suspension>
#9      TestWidgetsFlutterBinding._runTestBody (package:flutter_test/src/binding.dart:1953:5)
<asynchronous suspension>
#10     StackZoneSpecification._registerCallback.<anonymous closure> (package:stack_trace/src/stack_zone_specification.dart:114:42)
<asynchronous suspension>
To silence this warning, pass "warnIfMissed: false" to "drag()".
To make this warning fatal, set WidgetController.hitTestWarningShouldBeFatal to true.


Warning: A call to drag() with finder "Found 1 widget with type "Scrollable" descending from widget with type "StatsScreen" (ignoring all but last): [
  Scrollable(axisDirection: right, physics: null, restorationId: null, dependencies: [InheritedCupertinoTheme, MediaQuery, ScrollConfiguration, UnmanagedRestorationScope, _InheritedTheme, _LocalizationsScope-[GlobalKey#0a849]], state: ScrollableState#a9e47(position: ScrollPositionWithSingleContext#1c9e8(offset: 280.0, range: 0.0..768.0, viewport: 350.0, ScrollableState, ClampingScrollPhysics -> RangeMaintainingScrollPhysics, IdleScrollActivity#fe6b7, ScrollDirection.idle), effective physics: ClampingScrollPhysics -> RangeMaintainingScrollPhysics)),
]" derived an Offset (Offset(195.0, 96.0)) that would not hit test on the specified widget.
Maybe the widget is actually off-screen, or another widget is obscuring it, or the widget cannot receive pointer events.
The finder corresponds to this RenderBox: RenderClipRect#0df3c relayoutBoundary=up5
The hit test result at that offset is: HitTestResult(RenderPointerListener#61db0@Offset(28.5, 2.0), RenderSemanticsAnnotations#b7a86@Offset(28.5, 2.0), RenderMouseRegion#126d4@Offset(28.5, 2.0), RenderSemanticsAnnotations#72c31@Offset(28.5, 2.0), RenderMergeSemantics#42cc2@Offset(28.5, 2.0), _TabLabelBarRenderer#414c8@Offset(187.0, 2.0), RenderCustomPaint#61be0@Offset(187.0, 2.0), RenderSemanticsAnnotations#0a9f2@Offset(187.0, 2.0), RenderPadding#fc3f1@Offset(195.0, 2.0), _RenderSingleChildViewport#d487b@Offset(195.0, 2.0), RenderIgnorePointer#9a417@Offset(195.0, 2.0), RenderSemanticsAnnotations#19e4f@Offset(195.0, 2.0), RenderPointerListener#75574@Offset(195.0, 2.0), RenderSemanticsGestureHandler#45268@Offset(195.0, 2.0), RenderPointerListener#fa991@Offset(195.0, 2.0), _RenderScrollSemantics#2f4f4@Offset(195.0, 2.0), RenderPositionedBox#e0fbf@Offset(195.0, 2.0), _RenderInkFeatures#305fb@Offset(195.0, 2.0), RenderCustomPaint#ba08a@Offset(195.0, 2.0), RenderClipPath#ab6f3@Offset(195.0, 2.0), RenderFlex#86b70@Offset(195.0, 2.0), RenderConstrainedBox#00d14@Offset(195.0, 2.0), RenderConstrainedBox#54bed@Offset(195.0, 2.0), RenderPositionedBox#37dc3@Offset(195.0, 2.0), RenderPadding#db84b@Offset(195.0, 2.0), RenderCustomMultiChildLayoutBox#4bc76@Offset(195.0, 96.0), _RenderInkFeatures#a78d3@Offset(195.0, 96.0), RenderPhysicalModel#e7f9f@Offset(195.0, 96.0), RenderIndexedStack#9828b@Offset(195.0, 96.0), RenderAnimatedOpacity#3a594@Offset(195.0, 96.0), RenderClipRect#b6174@Offset(195.0, 96.0), _RenderLayoutBuilder#da0c2@Offset(195.0, 96.0), RenderCustomMultiChildLayoutBox#b8824@Offset(195.0, 96.0), _RenderInkFeatures#f8d6c@Offset(195.0, 96.0), RenderPhysicalModel#37695@Offset(195.0, 96.0), RenderSemanticsAnnotations#ab6e4@Offset(195.0, 96.0), RenderRepaintBoundary#ef00b@Offset(195.0, 96.0), RenderIgnorePointer#b0feb@Offset(195.0, 96.0), RenderAnimatedOpacity#c579b@Offset(195.0, 96.0), RenderRepaintBoundary#5215b@Offset(195.0, 96.0), RenderSemanticsAnnotations#653b2@Offset(195.0, 96.0), RenderOffstage#356a4@Offset(195.0, 96.0), RenderSemanticsAnnotations#7c503@Offset(195.0, 96.0), _RenderTheater#1a4c4@Offset(195.0, 96.0), RenderAbsorbPointer#6e37c@Offset(195.0, 96.0), RenderPointerListener#0789c@Offset(195.0, 96.0), RenderSemanticsAnnotations#164cc@Offset(195.0, 96.0), RenderSemanticsAnnotations#90e81@Offset(195.0, 96.0), RenderSemanticsAnnotations#d0519@Offset(195.0, 96.0), RenderSemanticsAnnotations#11419@Offset(195.0, 96.0), RenderTapRegionSurface#3dcff@Offset(195.0, 96.0), RenderSemanticsAnnotations#a40fd@Offset(195.0, 96.0), RenderSemanticsAnnotations#d9248@Offset(195.0, 96.0), RenderRepaintBoundary#d2794@Offset(195.0, 96.0), HitTestEntry<HitTestTarget>#1a0fb(_ReusableRenderView#0b3e1), HitTestEntry<HitTestTarget>#18ad9(<AutomatedTestWidgetsFlutterBinding>))
#0      WidgetController._getElementPoint (package:flutter_test/src/controller.dart:2165:25)
#1      WidgetController.getCenter (package:flutter_test/src/controller.dart:1947:12)
#2      WidgetController.drag (package:flutter_test/src/controller.dart:1604:7)
#3      WidgetController.dragUntilVisible.<anonymous closure> (package:flutter_test/src/controller.dart:2483:17)
<asynchronous suspension>
#4      TestAsyncUtils.guard.<anonymous closure> (package:flutter_test/src/test_async_utils.dart:130:27)
<asynchronous suspension>
#5      WidgetController.scrollUntilVisible.<anonymous closure> (package:flutter_test/src/controller.dart:2439:7)
<asynchronous suspension>
#6      TestAsyncUtils.guard.<anonymous closure> (package:flutter_test/src/test_async_utils.dart:130:27)
<asynchronous suspension>
#7      main.<anonymous closure> (file:///home/runner/work/streetlift-apk/streetlift-apk/avant/test/visual_capture_test.dart:201:13)
<asynchronous suspension>
#8      testWidgets.<anonymous closure>.<anonymous closure> (package:flutter_test/src/widget_tester.dart:192:15)
<asynchronous suspension>
#9      TestWidgetsFlutterBinding._runTestBody (package:flutter_test/src/binding.dart:1953:5)
<asynchronous suspension>
#10     StackZoneSpecification._registerCallback.<anonymous closure> (package:stack_trace/src/stack_zone_specification.dart:114:42)
<asynchronous suspension>
To silence this warning, pass "warnIfMissed: false" to "drag()".
To make this warning fatal, set WidgetController.hitTestWarningShouldBeFatal to true.


Warning: A call to drag() with finder "Found 1 widget with type "Scrollable" descending from widget with type "StatsScreen" (ignoring all but last): [
  Scrollable(axisDirection: right, physics: null, restorationId: null, dependencies: [InheritedCupertinoTheme, MediaQuery, ScrollConfiguration, UnmanagedRestorationScope, _InheritedTheme, _LocalizationsScope-[GlobalKey#0a849]], state: ScrollableState#a9e47(position: ScrollPositionWithSingleContext#1c9e8(offset: 280.0, range: 0.0..768.0, viewport: 350.0, ScrollableState, ClampingScrollPhysics -> RangeMaintainingScrollPhysics, IdleScrollActivity#fe6b7, ScrollDirection.idle), effective physics: ClampingScrollPhysics -> RangeMaintainingScrollPhysics)),
]" derived an Offset (Offset(195.0, 96.0)) that would not hit test on the specified widget.
Maybe the widget is actually off-screen, or another widget is obscuring it, or the widget cannot receive pointer events.
The finder corresponds to this RenderBox: RenderClipRect#0df3c relayoutBoundary=up5
The hit test result at that offset is: HitTestResult(RenderPointerListener#61db0@Offset(28.5, 2.0), RenderSemanticsAnnotations#b7a86@Offset(28.5, 2.0), RenderMouseRegion#126d4@Offset(28.5, 2.0), RenderSemanticsAnnotations#72c31@Offset(28.5, 2.0), RenderMergeSemantics#42cc2@Offset(28.5, 2.0), _TabLabelBarRenderer#414c8@Offset(187.0, 2.0), RenderCustomPaint#61be0@Offset(187.0, 2.0), RenderSemanticsAnnotations#0a9f2@Offset(187.0, 2.0), RenderPadding#fc3f1@Offset(195.0, 2.0), _RenderSingleChildViewport#d487b@Offset(195.0, 2.0), RenderIgnorePointer#9a417@Offset(195.0, 2.0), RenderSemanticsAnnotations#19e4f@Offset(195.0, 2.0), RenderPointerListener#75574@Offset(195.0, 2.0), RenderSemanticsGestureHandler#45268@Offset(195.0, 2.0), RenderPointerListener#fa991@Offset(195.0, 2.0), _RenderScrollSemantics#2f4f4@Offset(195.0, 2.0), RenderPositionedBox#e0fbf@Offset(195.0, 2.0), _RenderInkFeatures#305fb@Offset(195.0, 2.0), RenderCustomPaint#ba08a@Offset(195.0, 2.0), RenderClipPath#ab6f3@Offset(195.0, 2.0), RenderFlex#86b70@Offset(195.0, 2.0), RenderConstrainedBox#00d14@Offset(195.0, 2.0), RenderConstrainedBox#54bed@Offset(195.0, 2.0), RenderPositionedBox#37dc3@Offset(195.0, 2.0), RenderPadding#db84b@Offset(195.0, 2.0), RenderCustomMultiChildLayoutBox#4bc76@Offset(195.0, 96.0), _RenderInkFeatures#a78d3@Offset(195.0, 96.0), RenderPhysicalModel#e7f9f@Offset(195.0, 96.0), RenderIndexedStack#9828b@Offset(195.0, 96.0), RenderAnimatedOpacity#3a594@Offset(195.0, 96.0), RenderClipRect#b6174@Offset(195.0, 96.0), _RenderLayoutBuilder#da0c2@Offset(195.0, 96.0), RenderCustomMultiChildLayoutBox#b8824@Offset(195.0, 96.0), _RenderInkFeatures#f8d6c@Offset(195.0, 96.0), RenderPhysicalModel#37695@Offset(195.0, 96.0), RenderSemanticsAnnotations#ab6e4@Offset(195.0, 96.0), RenderRepaintBoundary#ef00b@Offset(195.0, 96.0), RenderIgnorePointer#b0feb@Offset(195.0, 96.0), RenderAnimatedOpacity#c579b@Offset(195.0, 96.0), RenderRepaintBoundary#5215b@Offset(195.0, 96.0), RenderSemanticsAnnotations#653b2@Offset(195.0, 96.0), RenderOffstage#356a4@Offset(195.0, 96.0), RenderSemanticsAnnotations#7c503@Offset(195.0, 96.0), _RenderTheater#1a4c4@Offset(195.0, 96.0), RenderAbsorbPointer#6e37c@Offset(195.0, 96.0), RenderPointerListener#0789c@Offset(195.0, 96.0), RenderSemanticsAnnotations#164cc@Offset(195.0, 96.0), RenderSemanticsAnnotations#90e81@Offset(195.0, 96.0), RenderSemanticsAnnotations#d0519@Offset(195.0, 96.0), RenderSemanticsAnnotations#11419@Offset(195.0, 96.0), RenderTapRegionSurface#3dcff@Offset(195.0, 96.0), RenderSemanticsAnnotations#a40fd@Offset(195.0, 96.0), RenderSemanticsAnnotations#d9248@Offset(195.0, 96.0), RenderRepaintBoundary#d2794@Offset(195.0, 96.0), HitTestEntry<HitTestTarget>#93b6b(_ReusableRenderView#0b3e1), HitTestEntry<HitTestTarget>#0dcfc(<AutomatedTestWidgetsFlutterBinding>))
#0      WidgetController._getElementPoint (package:flutter_test/src/controller.dart:2165:25)
#1      WidgetController.getCenter (package:flutter_test/src/controller.dart:1947:12)
#2      WidgetController.drag (package:flutter_test/src/controller.dart:1604:7)
#3      WidgetController.dragUntilVisible.<anonymous closure> (package:flutter_test/src/controller.dart:2483:17)
<asynchronous suspension>
#4      TestAsyncUtils.guard.<anonymous closure> (package:flutter_test/src/test_async_utils.dart:130:27)
<asynchronous suspension>
#5      WidgetController.scrollUntilVisible.<anonymous closure> (package:flutter_test/src/controller.dart:2439:7)
<asynchronous suspension>
#6      TestAsyncUtils.guard.<anonymous closure> (package:flutter_test/src/test_async_utils.dart:130:27)
<asynchronous suspension>
#7      main.<anonymous closure> (file:///home/runner/work/streetlift-apk/streetlift-apk/avant/test/visual_capture_test.dart:201:13)
<asynchronous suspension>
#8      testWidgets.<anonymous closure>.<anonymous closure> (package:flutter_test/src/widget_tester.dart:192:15)
<asynchronous suspension>
#9      TestWidgetsFlutterBinding._runTestBody (package:flutter_test/src/binding.dart:1953:5)
<asynchronous suspension>
#10     StackZoneSpecification._registerCallback.<anonymous closure> (package:stack_trace/src/stack_zone_specification.dart:114:42)
<asynchronous suspension>
To silence this warning, pass "warnIfMissed: false" to "drag()".
To make this warning fatal, set WidgetController.hitTestWarningShouldBeFatal to true.


Warning: A call to drag() with finder "Found 1 widget with type "Scrollable" descending from widget with type "StatsScreen" (ignoring all but last): [
  Scrollable(axisDirection: right, physics: null, restorationId: null, dependencies: [InheritedCupertinoTheme, MediaQuery, ScrollConfiguration, UnmanagedRestorationScope, _InheritedTheme, _LocalizationsScope-[GlobalKey#0a849]], state: ScrollableState#a9e47(position: ScrollPositionWithSingleContext#1c9e8(offset: 280.0, range: 0.0..768.0, viewport: 350.0, ScrollableState, ClampingScrollPhysics -> RangeMaintainingScrollPhysics, IdleScrollActivity#fe6b7, ScrollDirection.idle), effective physics: ClampingScrollPhysics -> RangeMaintainingScrollPhysics)),
]" derived an Offset (Offset(195.0, 96.0)) that would not hit test on the specified widget.
Maybe the widget is actually off-screen, or another widget is obscuring it, or the widget cannot receive pointer events.
The finder corresponds to this RenderBox: RenderClipRect#0df3c relayoutBoundary=up5
The hit test result at that offset is: HitTestResult(RenderPointerListener#61db0@Offset(28.5, 2.0), RenderSemanticsAnnotations#b7a86@Offset(28.5, 2.0), RenderMouseRegion#126d4@Offset(28.5, 2.0), RenderSemanticsAnnotations#72c31@Offset(28.5, 2.0), RenderMergeSemantics#42cc2@Offset(28.5, 2.0), _TabLabelBarRenderer#414c8@Offset(187.0, 2.0), RenderCustomPaint#61be0@Offset(187.0, 2.0), RenderSemanticsAnnotations#0a9f2@Offset(187.0, 2.0), RenderPadding#fc3f1@Offset(195.0, 2.0), _RenderSingleChildViewport#d487b@Offset(195.0, 2.0), RenderIgnorePointer#9a417@Offset(195.0, 2.0), RenderSemanticsAnnotations#19e4f@Offset(195.0, 2.0), RenderPointerListener#75574@Offset(195.0, 2.0), RenderSemanticsGestureHandler#45268@Offset(195.0, 2.0), RenderPointerListener#fa991@Offset(195.0, 2.0), _RenderScrollSemantics#2f4f4@Offset(195.0, 2.0), RenderPositionedBox#e0fbf@Offset(195.0, 2.0), _RenderInkFeatures#305fb@Offset(195.0, 2.0), RenderCustomPaint#ba08a@Offset(195.0, 2.0), RenderClipPath#ab6f3@Offset(195.0, 2.0), RenderFlex#86b70@Offset(195.0, 2.0), RenderConstrainedBox#00d14@Offset(195.0, 2.0), RenderConstrainedBox#54bed@Offset(195.0, 2.0), RenderPositionedBox#37dc3@Offset(195.0, 2.0), RenderPadding#db84b@Offset(195.0, 2.0), RenderCustomMultiChildLayoutBox#4bc76@Offset(195.0, 96.0), _RenderInkFeatures#a78d3@Offset(195.0, 96.0), RenderPhysicalModel#e7f9f@Offset(195.0, 96.0), RenderIndexedStack#9828b@Offset(195.0, 96.0), RenderAnimatedOpacity#3a594@Offset(195.0, 96.0), RenderClipRect#b6174@Offset(195.0, 96.0), _RenderLayoutBuilder#da0c2@Offset(195.0, 96.0), RenderCustomMultiChildLayoutBox#b8824@Offset(195.0, 96.0), _RenderInkFeatures#f8d6c@Offset(195.0, 96.0), RenderPhysicalModel#37695@Offset(195.0, 96.0), RenderSemanticsAnnotations#ab6e4@Offset(195.0, 96.0), RenderRepaintBoundary#ef00b@Offset(195.0, 96.0), RenderIgnorePointer#b0feb@Offset(195.0, 96.0), RenderAnimatedOpacity#c579b@Offset(195.0, 96.0), RenderRepaintBoundary#5215b@Offset(195.0, 96.0), RenderSemanticsAnnotations#653b2@Offset(195.0, 96.0), RenderOffstage#356a4@Offset(195.0, 96.0), RenderSemanticsAnnotations#7c503@Offset(195.0, 96.0), _RenderTheater#1a4c4@Offset(195.0, 96.0), RenderAbsorbPointer#6e37c@Offset(195.0, 96.0), RenderPointerListener#0789c@Offset(195.0, 96.0), RenderSemanticsAnnotations#164cc@Offset(195.0, 96.0), RenderSemanticsAnnotations#90e81@Offset(195.0, 96.0), RenderSemanticsAnnotations#d0519@Offset(195.0, 96.0), RenderSemanticsAnnotations#11419@Offset(195.0, 96.0), RenderTapRegionSurface#3dcff@Offset(195.0, 96.0), RenderSemanticsAnnotations#a40fd@Offset(195.0, 96.0), RenderSemanticsAnnotations#d9248@Offset(195.0, 96.0), RenderRepaintBoundary#d2794@Offset(195.0, 96.0), HitTestEntry<HitTestTarget>#4de1a(_ReusableRenderView#0b3e1), HitTestEntry<HitTestTarget>#22399(<AutomatedTestWidgetsFlutterBinding>))
#0      WidgetController._getElementPoint (package:flutter_test/src/controller.dart:2165:25)
#1      WidgetController.getCenter (package:flutter_test/src/controller.dart:1947:12)
#2      WidgetController.drag (package:flutter_test/src/controller.dart:1604:7)
#3      WidgetController.dragUntilVisible.<anonymous closure> (package:flutter_test/src/controller.dart:2483:17)
<asynchronous suspension>
#4      TestAsyncUtils.guard.<anonymous closure> (package:flutter_test/src/test_async_utils.dart:130:27)
<asynchronous suspension>
#5      WidgetController.scrollUntilVisible.<anonymous closure> (package:flutter_test/src/controller.dart:2439:7)
<asynchronous suspension>
#6      TestAsyncUtils.guard.<anonymous closure> (package:flutter_test/src/test_async_utils.dart:130:27)
<asynchronous suspension>
#7      main.<anonymous closure> (file:///home/runner/work/streetlift-apk/streetlift-apk/avant/test/visual_capture_test.dart:201:13)
<asynchronous suspension>
#8      testWidgets.<anonymous closure>.<anonymous closure> (package:flutter_test/src/widget_tester.dart:192:15)
<asynchronous suspension>
#9      TestWidgetsFlutterBinding._runTestBody (package:flutter_test/src/binding.dart:1953:5)
<asynchronous suspension>
#10     StackZoneSpecification._registerCallback.<anonymous closure> (package:stack_trace/src/stack_zone_specification.dart:114:42)
<asynchronous suspension>
To silence this warning, pass "warnIfMissed: false" to "drag()".
To make this warning fatal, set WidgetController.hitTestWarningShouldBeFatal to true.


Warning: A call to drag() with finder "Found 1 widget with type "Scrollable" descending from widget with type "StatsScreen" (ignoring all but last): [
  Scrollable(axisDirection: right, physics: null, restorationId: null, dependencies: [InheritedCupertinoTheme, MediaQuery, ScrollConfiguration, UnmanagedRestorationScope, _InheritedTheme, _LocalizationsScope-[GlobalKey#0a849]], state: ScrollableState#a9e47(position: ScrollPositionWithSingleContext#1c9e8(offset: 280.0, range: 0.0..768.0, viewport: 350.0, ScrollableState, ClampingScrollPhysics -> RangeMaintainingScrollPhysics, IdleScrollActivity#fe6b7, ScrollDirection.idle), effective physics: ClampingScrollPhysics -> RangeMaintainingScrollPhysics)),
]" derived an Offset (Offset(195.0, 96.0)) that would not hit test on the specified widget.
Maybe the widget is actually off-screen, or another widget is obscuring it, or the widget cannot receive pointer events.
The finder corresponds to this RenderBox: RenderClipRect#0df3c relayoutBoundary=up5
The hit test result at that offset is: HitTestResult(RenderPointerListener#61db0@Offset(28.5, 2.0), RenderSemanticsAnnotations#b7a86@Offset(28.5, 2.0), RenderMouseRegion#126d4@Offset(28.5, 2.0), RenderSemanticsAnnotations#72c31@Offset(28.5, 2.0), RenderMergeSemantics#42cc2@Offset(28.5, 2.0), _TabLabelBarRenderer#414c8@Offset(187.0, 2.0), RenderCustomPaint#61be0@Offset(187.0, 2.0), RenderSemanticsAnnotations#0a9f2@Offset(187.0, 2.0), RenderPadding#fc3f1@Offset(195.0, 2.0), _RenderSingleChildViewport#d487b@Offset(195.0, 2.0), RenderIgnorePointer#9a417@Offset(195.0, 2.0), RenderSemanticsAnnotations#19e4f@Offset(195.0, 2.0), RenderPointerListener#75574@Offset(195.0, 2.0), RenderSemanticsGestureHandler#45268@Offset(195.0, 2.0), RenderPointerListener#fa991@Offset(195.0, 2.0), _RenderScrollSemantics#2f4f4@Offset(195.0, 2.0), RenderPositionedBox#e0fbf@Offset(195.0, 2.0), _RenderInkFeatures#305fb@Offset(195.0, 2.0), RenderCustomPaint#ba08a@Offset(195.0, 2.0), RenderClipPath#ab6f3@Offset(195.0, 2.0), RenderFlex#86b70@Offset(195.0, 2.0), RenderConstrainedBox#00d14@Offset(195.0, 2.0), RenderConstrainedBox#54bed@Offset(195.0, 2.0), RenderPositionedBox#37dc3@Offset(195.0, 2.0), RenderPadding#db84b@Offset(195.0, 2.0), RenderCustomMultiChildLayoutBox#4bc76@Offset(195.0, 96.0), _RenderInkFeatures#a78d3@Offset(195.0, 96.0), RenderPhysicalModel#e7f9f@Offset(195.0, 96.0), RenderIndexedStack#9828b@Offset(195.0, 96.0), RenderAnimatedOpacity#3a594@Offset(195.0, 96.0), RenderClipRect#b6174@Offset(195.0, 96.0), _RenderLayoutBuilder#da0c2@Offset(195.0, 96.0), RenderCustomMultiChildLayoutBox#b8824@Offset(195.0, 96.0), _RenderInkFeatures#f8d6c@Offset(195.0, 96.0), RenderPhysicalModel#37695@Offset(195.0, 96.0), RenderSemanticsAnnotations#ab6e4@Offset(195.0, 96.0), RenderRepaintBoundary#ef00b@Offset(195.0, 96.0), RenderIgnorePointer#b0feb@Offset(195.0, 96.0), RenderAnimatedOpacity#c579b@Offset(195.0, 96.0), RenderRepaintBoundary#5215b@Offset(195.0, 96.0), RenderSemanticsAnnotations#653b2@Offset(195.0, 96.0), RenderOffstage#356a4@Offset(195.0, 96.0), RenderSemanticsAnnotations#7c503@Offset(195.0, 96.0), _RenderTheater#1a4c4@Offset(195.0, 96.0), RenderAbsorbPointer#6e37c@Offset(195.0, 96.0), RenderPointerListener#0789c@Offset(195.0, 96.0), RenderSemanticsAnnotations#164cc@Offset(195.0, 96.0), RenderSemanticsAnnotations#90e81@Offset(195.0, 96.0), RenderSemanticsAnnotations#d0519@Offset(195.0, 96.0), RenderSemanticsAnnotations#11419@Offset(195.0, 96.0), RenderTapRegionSurface#3dcff@Offset(195.0, 96.0), RenderSemanticsAnnotations#a40fd@Offset(195.0, 96.0), RenderSemanticsAnnotations#d9248@Offset(195.0, 96.0), RenderRepaintBoundary#d2794@Offset(195.0, 96.0), HitTestEntry<HitTestTarget>#e93aa(_ReusableRenderView#0b3e1), HitTestEntry<HitTestTarget>#43078(<AutomatedTestWidgetsFlutterBinding>))
#0      WidgetController._getElementPoint (package:flutter_test/src/controller.dart:2165:25)
#1      WidgetController.getCenter (package:flutter_test/src/controller.dart:1947:12)
#2      WidgetController.drag (package:flutter_test/src/controller.dart:1604:7)
#3      WidgetController.dragUntilVisible.<anonymous closure> (package:flutter_test/src/controller.dart:2483:17)
<asynchronous suspension>
#4      TestAsyncUtils.guard.<anonymous closure> (package:flutter_test/src/test_async_utils.dart:130:27)
<asynchronous suspension>
#5      WidgetController.scrollUntilVisible.<anonymous closure> (package:flutter_test/src/controller.dart:2439:7)
<asynchronous suspension>
#6      TestAsyncUtils.guard.<anonymous closure> (package:flutter_test/src/test_async_utils.dart:130:27)
<asynchronous suspension>
#7      main.<anonymous closure> (file:///home/runner/work/streetlift-apk/streetlift-apk/avant/test/visual_capture_test.dart:201:13)
<asynchronous suspension>
#8      testWidgets.<anonymous closure>.<anonymous closure> (package:flutter_test/src/widget_tester.dart:192:15)
<asynchronous suspension>
#9      TestWidgetsFlutterBinding._runTestBody (package:flutter_test/src/binding.dart:1953:5)
<asynchronous suspension>
#10     StackZoneSpecification._registerCallback.<anonymous closure> (package:stack_trace/src/stack_zone_specification.dart:114:42)
<asynchronous suspension>
To silence this warning, pass "warnIfMissed: false" to "drag()".
To make this warning fatal, set WidgetController.hitTestWarningShouldBeFatal to true.


Warning: A call to drag() with finder "Found 1 widget with type "Scrollable" descending from widget with type "StatsScreen" (ignoring all but last): [
  Scrollable(axisDirection: right, physics: null, restorationId: null, dependencies: [InheritedCupertinoTheme, MediaQuery, ScrollConfiguration, UnmanagedRestorationScope, _InheritedTheme, _LocalizationsScope-[GlobalKey#0a849]], state: ScrollableState#a9e47(position: ScrollPositionWithSingleContext#1c9e8(offset: 280.0, range: 0.0..768.0, viewport: 350.0, ScrollableState, ClampingScrollPhysics -> RangeMaintainingScrollPhysics, IdleScrollActivity#fe6b7, ScrollDirection.idle), effective physics: ClampingScrollPhysics -> RangeMaintainingScrollPhysics)),
]" derived an Offset (Offset(195.0, 96.0)) that would not hit test on the specified widget.
Maybe the widget is actually off-screen, or another widget is obscuring it, or the widget cannot receive pointer events.
The finder corresponds to this RenderBox: RenderClipRect#0df3c relayoutBoundary=up5
The hit test result at that offset is: HitTestResult(RenderPointerListener#61db0@Offset(28.5, 2.0), RenderSemanticsAnnotations#b7a86@Offset(28.5, 2.0), RenderMouseRegion#126d4@Offset(28.5, 2.0), RenderSemanticsAnnotations#72c31@Offset(28.5, 2.0), RenderMergeSemantics#42cc2@Offset(28.5, 2.0), _TabLabelBarRenderer#414c8@Offset(187.0, 2.0), RenderCustomPaint#61be0@Offset(187.0, 2.0), RenderSemanticsAnnotations#0a9f2@Offset(187.0, 2.0), RenderPadding#fc3f1@Offset(195.0, 2.0), _RenderSingleChildViewport#d487b@Offset(195.0, 2.0), RenderIgnorePointer#9a417@Offset(195.0, 2.0), RenderSemanticsAnnotations#19e4f@Offset(195.0, 2.0), RenderPointerListener#75574@Offset(195.0, 2.0), RenderSemanticsGestureHandler#45268@Offset(195.0, 2.0), RenderPointerListener#fa991@Offset(195.0, 2.0), _RenderScrollSemantics#2f4f4@Offset(195.0, 2.0), RenderPositionedBox#e0fbf@Offset(195.0, 2.0), _RenderInkFeatures#305fb@Offset(195.0, 2.0), RenderCustomPaint#ba08a@Offset(195.0, 2.0), RenderClipPath#ab6f3@Offset(195.0, 2.0), RenderFlex#86b70@Offset(195.0, 2.0), RenderConstrainedBox#00d14@Offset(195.0, 2.0), RenderConstrainedBox#54bed@Offset(195.0, 2.0), RenderPositionedBox#37dc3@Offset(195.0, 2.0), RenderPadding#db84b@Offset(195.0, 2.0), RenderCustomMultiChildLayoutBox#4bc76@Offset(195.0, 96.0), _RenderInkFeatures#a78d3@Offset(195.0, 96.0), RenderPhysicalModel#e7f9f@Offset(195.0, 96.0), RenderIndexedStack#9828b@Offset(195.0, 96.0), RenderAnimatedOpacity#3a594@Offset(195.0, 96.0), RenderClipRect#b6174@Offset(195.0, 96.0), _RenderLayoutBuilder#da0c2@Offset(195.0, 96.0), RenderCustomMultiChildLayoutBox#b8824@Offset(195.0, 96.0), _RenderInkFeatures#f8d6c@Offset(195.0, 96.0), RenderPhysicalModel#37695@Offset(195.0, 96.0), RenderSemanticsAnnotations#ab6e4@Offset(195.0, 96.0), RenderRepaintBoundary#ef00b@Offset(195.0, 96.0), RenderIgnorePointer#b0feb@Offset(195.0, 96.0), RenderAnimatedOpacity#c579b@Offset(195.0, 96.0), RenderRepaintBoundary#5215b@Offset(195.0, 96.0), RenderSemanticsAnnotations#653b2@Offset(195.0, 96.0), RenderOffstage#356a4@Offset(195.0, 96.0), RenderSemanticsAnnotations#7c503@Offset(195.0, 96.0), _RenderTheater#1a4c4@Offset(195.0, 96.0), RenderAbsorbPointer#6e37c@Offset(195.0, 96.0), RenderPointerListener#0789c@Offset(195.0, 96.0), RenderSemanticsAnnotations#164cc@Offset(195.0, 96.0), RenderSemanticsAnnotations#90e81@Offset(195.0, 96.0), RenderSemanticsAnnotations#d0519@Offset(195.0, 96.0), RenderSemanticsAnnotations#11419@Offset(195.0, 96.0), RenderTapRegionSurface#3dcff@Offset(195.0, 96.0), RenderSemanticsAnnotations#a40fd@Offset(195.0, 96.0), RenderSemanticsAnnotations#d9248@Offset(195.0, 96.0), RenderRepaintBoundary#d2794@Offset(195.0, 96.0), HitTestEntry<HitTestTarget>#8bf2c(_ReusableRenderView#0b3e1), HitTestEntry<HitTestTarget>#bfb6f(<AutomatedTestWidgetsFlutterBinding>))
#0      WidgetController._getElementPoint (package:flutter_test/src/controller.dart:2165:25)
#1      WidgetController.getCenter (package:flutter_test/src/controller.dart:1947:12)
#2      WidgetController.drag (package:flutter_test/src/controller.dart:1604:7)
#3      WidgetController.dragUntilVisible.<anonymous closure> (package:flutter_test/src/controller.dart:2483:17)
<asynchronous suspension>
#4      TestAsyncUtils.guard.<anonymous closure> (package:flutter_test/src/test_async_utils.dart:130:27)
<asynchronous suspension>
#5      WidgetController.scrollUntilVisible.<anonymous closure> (package:flutter_test/src/controller.dart:2439:7)
<asynchronous suspension>
#6      TestAsyncUtils.guard.<anonymous closure> (package:flutter_test/src/test_async_utils.dart:130:27)
<asynchronous suspension>
#7      main.<anonymous closure> (file:///home/runner/work/streetlift-apk/streetlift-apk/avant/test/visual_capture_test.dart:201:13)
<asynchronous suspension>
#8      testWidgets.<anonymous closure>.<anonymous closure> (package:flutter_test/src/widget_tester.dart:192:15)
<asynchronous suspension>
#9      TestWidgetsFlutterBinding._runTestBody (package:flutter_test/src/binding.dart:1953:5)
<asynchronous suspension>
#10     StackZoneSpecification._registerCallback.<anonymous closure> (package:stack_trace/src/stack_zone_specification.dart:114:42)
<asynchronous suspension>
To silence this warning, pass "warnIfMissed: false" to "drag()".
To make this warning fatal, set WidgetController.hitTestWarningShouldBeFatal to true.


Warning: A call to drag() with finder "Found 1 widget with type "Scrollable" descending from widget with type "StatsScreen" (ignoring all but last): [
  Scrollable(axisDirection: right, physics: null, restorationId: null, dependencies: [InheritedCupertinoTheme, MediaQuery, ScrollConfiguration, UnmanagedRestorationScope, _InheritedTheme, _LocalizationsScope-[GlobalKey#0a849]], state: ScrollableState#a9e47(position: ScrollPositionWithSingleContext#1c9e8(offset: 280.0, range: 0.0..768.0, viewport: 350.0, ScrollableState, ClampingScrollPhysics -> RangeMaintainingScrollPhysics, IdleScrollActivity#fe6b7, ScrollDirection.idle), effective physics: ClampingScrollPhysics -> RangeMaintainingScrollPhysics)),
]" derived an Offset (Offset(195.0, 96.0)) that would not hit test on the specified widget.
Maybe the widget is actually off-screen, or another widget is obscuring it, or the widget cannot receive pointer events.
The finder corresponds to this RenderBox: RenderClipRect#0df3c relayoutBoundary=up5
The hit test result at that offset is: HitTestResult(RenderPointerListener#61db0@Offset(28.5, 2.0), RenderSemanticsAnnotations#b7a86@Offset(28.5, 2.0), RenderMouseRegion#126d4@Offset(28.5, 2.0), RenderSemanticsAnnotations#72c31@Offset(28.5, 2.0), RenderMergeSemantics#42cc2@Offset(28.5, 2.0), _TabLabelBarRenderer#414c8@Offset(187.0, 2.0), RenderCustomPaint#61be0@Offset(187.0, 2.0), RenderSemanticsAnnotations#0a9f2@Offset(187.0, 2.0), RenderPadding#fc3f1@Offset(195.0, 2.0), _RenderSingleChildViewport#d487b@Offset(195.0, 2.0), RenderIgnorePointer#9a417@Offset(195.0, 2.0), RenderSemanticsAnnotations#19e4f@Offset(195.0, 2.0), RenderPointerListener#75574@Offset(195.0, 2.0), RenderSemanticsGestureHandler#45268@Offset(195.0, 2.0), RenderPointerListener#fa991@Offset(195.0, 2.0), _RenderScrollSemantics#2f4f4@Offset(195.0, 2.0), RenderPositionedBox#e0fbf@Offset(195.0, 2.0), _RenderInkFeatures#305fb@Offset(195.0, 2.0), RenderCustomPaint#ba08a@Offset(195.0, 2.0), RenderClipPath#ab6f3@Offset(195.0, 2.0), RenderFlex#86b70@Offset(195.0, 2.0), RenderConstrainedBox#00d14@Offset(195.0, 2.0), RenderConstrainedBox#54bed@Offset(195.0, 2.0), RenderPositionedBox#37dc3@Offset(195.0, 2.0), RenderPadding#db84b@Offset(195.0, 2.0), RenderCustomMultiChildLayoutBox#4bc76@Offset(195.0, 96.0), _RenderInkFeatures#a78d3@Offset(195.0, 96.0), RenderPhysicalModel#e7f9f@Offset(195.0, 96.0), RenderIndexedStack#9828b@Offset(195.0, 96.0), RenderAnimatedOpacity#3a594@Offset(195.0, 96.0), RenderClipRect#b6174@Offset(195.0, 96.0), _RenderLayoutBuilder#da0c2@Offset(195.0, 96.0), RenderCustomMultiChildLayoutBox#b8824@Offset(195.0, 96.0), _RenderInkFeatures#f8d6c@Offset(195.0, 96.0), RenderPhysicalModel#37695@Offset(195.0, 96.0), RenderSemanticsAnnotations#ab6e4@Offset(195.0, 96.0), RenderRepaintBoundary#ef00b@Offset(195.0, 96.0), RenderIgnorePointer#b0feb@Offset(195.0, 96.0), RenderAnimatedOpacity#c579b@Offset(195.0, 96.0), RenderRepaintBoundary#5215b@Offset(195.0, 96.0), RenderSemanticsAnnotations#653b2@Offset(195.0, 96.0), RenderOffstage#356a4@Offset(195.0, 96.0), RenderSemanticsAnnotations#7c503@Offset(195.0, 96.0), _RenderTheater#1a4c4@Offset(195.0, 96.0), RenderAbsorbPointer#6e37c@Offset(195.0, 96.0), RenderPointerListener#0789c@Offset(195.0, 96.0), RenderSemanticsAnnotations#164cc@Offset(195.0, 96.0), RenderSemanticsAnnotations#90e81@Offset(195.0, 96.0), RenderSemanticsAnnotations#d0519@Offset(195.0, 96.0), RenderSemanticsAnnotations#11419@Offset(195.0, 96.0), RenderTapRegionSurface#3dcff@Offset(195.0, 96.0), RenderSemanticsAnnotations#a40fd@Offset(195.0, 96.0), RenderSemanticsAnnotations#d9248@Offset(195.0, 96.0), RenderRepaintBoundary#d2794@Offset(195.0, 96.0), HitTestEntry<HitTestTarget>#e7b83(_ReusableRenderView#0b3e1), HitTestEntry<HitTestTarget>#b8c85(<AutomatedTestWidgetsFlutterBinding>))
#0      WidgetController._getElementPoint (package:flutter_test/src/controller.dart:2165:25)
#1      WidgetController.getCenter (package:flutter_test/src/controller.dart:1947:12)
#2      WidgetController.drag (package:flutter_test/src/controller.dart:1604:7)
#3      WidgetController.dragUntilVisible.<anonymous closure> (package:flutter_test/src/controller.dart:2483:17)
<asynchronous suspension>
#4      TestAsyncUtils.guard.<anonymous closure> (package:flutter_test/src/test_async_utils.dart:130:27)
<asynchronous suspension>
#5      WidgetController.scrollUntilVisible.<anonymous closure> (package:flutter_test/src/controller.dart:2439:7)
<asynchronous suspension>
#6      TestAsyncUtils.guard.<anonymous closure> (package:flutter_test/src/test_async_utils.dart:130:27)
<asynchronous suspension>
#7      main.<anonymous closure> (file:///home/runner/work/streetlift-apk/streetlift-apk/avant/test/visual_capture_test.dart:201:13)
<asynchronous suspension>
#8      testWidgets.<anonymous closure>.<anonymous closure> (package:flutter_test/src/widget_tester.dart:192:15)
<asynchronous suspension>
#9      TestWidgetsFlutterBinding._runTestBody (package:flutter_test/src/binding.dart:1953:5)
<asynchronous suspension>
#10     StackZoneSpecification._registerCallback.<anonymous closure> (package:stack_trace/src/stack_zone_specification.dart:114:42)
<asynchronous suspension>
To silence this warning, pass "warnIfMissed: false" to "drag()".
To make this warning fatal, set WidgetController.hitTestWarningShouldBeFatal to true.


Warning: A call to drag() with finder "Found 1 widget with type "Scrollable" descending from widget with type "StatsScreen" (ignoring all but last): [
  Scrollable(axisDirection: right, physics: null, restorationId: null, dependencies: [InheritedCupertinoTheme, MediaQuery, ScrollConfiguration, UnmanagedRestorationScope, _InheritedTheme, _LocalizationsScope-[GlobalKey#0a849]], state: ScrollableState#a9e47(position: ScrollPositionWithSingleContext#1c9e8(offset: 280.0, range: 0.0..768.0, viewport: 350.0, ScrollableState, ClampingScrollPhysics -> RangeMaintainingScrollPhysics, IdleScrollActivity#fe6b7, ScrollDirection.idle), effective physics: ClampingScrollPhysics -> RangeMaintainingScrollPhysics)),
]" derived an Offset (Offset(195.0, 96.0)) that would not hit test on the specified widget.
Maybe the widget is actually off-screen, or another widget is obscuring it, or the widget cannot receive pointer events.
The finder corresponds to this RenderBox: RenderClipRect#0df3c relayoutBoundary=up5
The hit test result at that offset is: HitTestResult(RenderPointerListener#61db0@Offset(28.5, 2.0), RenderSemanticsAnnotations#b7a86@Offset(28.5, 2.0), RenderMouseRegion#126d4@Offset(28.5, 2.0), RenderSemanticsAnnotations#72c31@Offset(28.5, 2.0), RenderMergeSemantics#42cc2@Offset(28.5, 2.0), _TabLabelBarRenderer#414c8@Offset(187.0, 2.0), RenderCustomPaint#61be0@Offset(187.0, 2.0), RenderSemanticsAnnotations#0a9f2@Offset(187.0, 2.0), RenderPadding#fc3f1@Offset(195.0, 2.0), _RenderSingleChildViewport#d487b@Offset(195.0, 2.0), RenderIgnorePointer#9a417@Offset(195.0, 2.0), RenderSemanticsAnnotations#19e4f@Offset(195.0, 2.0), RenderPointerListener#75574@Offset(195.0, 2.0), RenderSemanticsGestureHandler#45268@Offset(195.0, 2.0), RenderPointerListener#fa991@Offset(195.0, 2.0), _RenderScrollSemantics#2f4f4@Offset(195.0, 2.0), RenderPositionedBox#e0fbf@Offset(195.0, 2.0), _RenderInkFeatures#305fb@Offset(195.0, 2.0), RenderCustomPaint#ba08a@Offset(195.0, 2.0), RenderClipPath#ab6f3@Offset(195.0, 2.0), RenderFlex#86b70@Offset(195.0, 2.0), RenderConstrainedBox#00d14@Offset(195.0, 2.0), RenderConstrainedBox#54bed@Offset(195.0, 2.0), RenderPositionedBox#37dc3@Offset(195.0, 2.0), RenderPadding#db84b@Offset(195.0, 2.0), RenderCustomMultiChildLayoutBox#4bc76@Offset(195.0, 96.0), _RenderInkFeatures#a78d3@Offset(195.0, 96.0), RenderPhysicalModel#e7f9f@Offset(195.0, 96.0), RenderIndexedStack#9828b@Offset(195.0, 96.0), RenderAnimatedOpacity#3a594@Offset(195.0, 96.0), RenderClipRect#b6174@Offset(195.0, 96.0), _RenderLayoutBuilder#da0c2@Offset(195.0, 96.0), RenderCustomMultiChildLayoutBox#b8824@Offset(195.0, 96.0), _RenderInkFeatures#f8d6c@Offset(195.0, 96.0), RenderPhysicalModel#37695@Offset(195.0, 96.0), RenderSemanticsAnnotations#ab6e4@Offset(195.0, 96.0), RenderRepaintBoundary#ef00b@Offset(195.0, 96.0), RenderIgnorePointer#b0feb@Offset(195.0, 96.0), RenderAnimatedOpacity#c579b@Offset(195.0, 96.0), RenderRepaintBoundary#5215b@Offset(195.0, 96.0), RenderSemanticsAnnotations#653b2@Offset(195.0, 96.0), RenderOffstage#356a4@Offset(195.0, 96.0), RenderSemanticsAnnotations#7c503@Offset(195.0, 96.0), _RenderTheater#1a4c4@Offset(195.0, 96.0), RenderAbsorbPointer#6e37c@Offset(195.0, 96.0), RenderPointerListener#0789c@Offset(195.0, 96.0), RenderSemanticsAnnotations#164cc@Offset(195.0, 96.0), RenderSemanticsAnnotations#90e81@Offset(195.0, 96.0), RenderSemanticsAnnotations#d0519@Offset(195.0, 96.0), RenderSemanticsAnnotations#11419@Offset(195.0, 96.0), RenderTapRegionSurface#3dcff@Offset(195.0, 96.0), RenderSemanticsAnnotations#a40fd@Offset(195.0, 96.0), RenderSemanticsAnnotations#d9248@Offset(195.0, 96.0), RenderRepaintBoundary#d2794@Offset(195.0, 96.0), HitTestEntry<HitTestTarget>#7e53e(_ReusableRenderView#0b3e1), HitTestEntry<HitTestTarget>#a7a21(<AutomatedTestWidgetsFlutterBinding>))
#0      WidgetController._getElementPoint (package:flutter_test/src/controller.dart:2165:25)
#1      WidgetController.getCenter (package:flutter_test/src/controller.dart:1947:12)
#2      WidgetController.drag (package:flutter_test/src/controller.dart:1604:7)
#3      WidgetController.dragUntilVisible.<anonymous closure> (package:flutter_test/src/controller.dart:2483:17)
<asynchronous suspension>
#4      TestAsyncUtils.guard.<anonymous closure> (package:flutter_test/src/test_async_utils.dart:130:27)
<asynchronous suspension>
#5      WidgetController.scrollUntilVisible.<anonymous closure> (package:flutter_test/src/controller.dart:2439:7)
<asynchronous suspension>
#6      TestAsyncUtils.guard.<anonymous closure> (package:flutter_test/src/test_async_utils.dart:130:27)
<asynchronous suspension>
#7      main.<anonymous closure> (file:///home/runner/work/streetlift-apk/streetlift-apk/avant/test/visual_capture_test.dart:201:13)
<asynchronous suspension>
#8      testWidgets.<anonymous closure>.<anonymous closure> (package:flutter_test/src/widget_tester.dart:192:15)
<asynchronous suspension>
#9      TestWidgetsFlutterBinding._runTestBody (package:flutter_test/src/binding.dart:1953:5)
<asynchronous suspension>
#10     StackZoneSpecification._registerCallback.<anonymous closure> (package:stack_trace/src/stack_zone_specification.dart:114:42)
<asynchronous suspension>
To silence this warning, pass "warnIfMissed: false" to "drag()".
To make this warning fatal, set WidgetController.hitTestWarningShouldBeFatal to true.


Warning: A call to drag() with finder "Found 1 widget with type "Scrollable" descending from widget with type "StatsScreen" (ignoring all but last): [
  Scrollable(axisDirection: right, physics: null, restorationId: null, dependencies: [InheritedCupertinoTheme, MediaQuery, ScrollConfiguration, UnmanagedRestorationScope, _InheritedTheme, _LocalizationsScope-[GlobalKey#0a849]], state: ScrollableState#a9e47(position: ScrollPositionWithSingleContext#1c9e8(offset: 280.0, range: 0.0..768.0, viewport: 350.0, ScrollableState, ClampingScrollPhysics -> RangeMaintainingScrollPhysics, IdleScrollActivity#fe6b7, ScrollDirection.idle), effective physics: ClampingScrollPhysics -> RangeMaintainingScrollPhysics)),
]" derived an Offset (Offset(195.0, 96.0)) that would not hit test on the specified widget.
Maybe the widget is actually off-screen, or another widget is obscuring it, or the widget cannot receive pointer events.
The finder corresponds to this RenderBox: RenderClipRect#0df3c relayoutBoundary=up5
The hit test result at that offset is: HitTestResult(RenderPointerListener#61db0@Offset(28.5, 2.0), RenderSemanticsAnnotations#b7a86@Offset(28.5, 2.0), RenderMouseRegion#126d4@Offset(28.5, 2.0), RenderSemanticsAnnotations#72c31@Offset(28.5, 2.0), RenderMergeSemantics#42cc2@Offset(28.5, 2.0), _TabLabelBarRenderer#414c8@Offset(187.0, 2.0), RenderCustomPaint#61be0@Offset(187.0, 2.0), RenderSemanticsAnnotations#0a9f2@Offset(187.0, 2.0), RenderPadding#fc3f1@Offset(195.0, 2.0), _RenderSingleChildViewport#d487b@Offset(195.0, 2.0), RenderIgnorePointer#9a417@Offset(195.0, 2.0), RenderSemanticsAnnotations#19e4f@Offset(195.0, 2.0), RenderPointerListener#75574@Offset(195.0, 2.0), RenderSemanticsGestureHandler#45268@Offset(195.0, 2.0), RenderPointerListener#fa991@Offset(195.0, 2.0), _RenderScrollSemantics#2f4f4@Offset(195.0, 2.0), RenderPositionedBox#e0fbf@Offset(195.0, 2.0), _RenderInkFeatures#305fb@Offset(195.0, 2.0), RenderCustomPaint#ba08a@Offset(195.0, 2.0), RenderClipPath#ab6f3@Offset(195.0, 2.0), RenderFlex#86b70@Offset(195.0, 2.0), RenderConstrainedBox#00d14@Offset(195.0, 2.0), RenderConstrainedBox#54bed@Offset(195.0, 2.0), RenderPositionedBox#37dc3@Offset(195.0, 2.0), RenderPadding#db84b@Offset(195.0, 2.0), RenderCustomMultiChildLayoutBox#4bc76@Offset(195.0, 96.0), _RenderInkFeatures#a78d3@Offset(195.0, 96.0), RenderPhysicalModel#e7f9f@Offset(195.0, 96.0), RenderIndexedStack#9828b@Offset(195.0, 96.0), RenderAnimatedOpacity#3a594@Offset(195.0, 96.0), RenderClipRect#b6174@Offset(195.0, 96.0), _RenderLayoutBuilder#da0c2@Offset(195.0, 96.0), RenderCustomMultiChildLayoutBox#b8824@Offset(195.0, 96.0), _RenderInkFeatures#f8d6c@Offset(195.0, 96.0), RenderPhysicalModel#37695@Offset(195.0, 96.0), RenderSemanticsAnnotations#ab6e4@Offset(195.0, 96.0), RenderRepaintBoundary#ef00b@Offset(195.0, 96.0), RenderIgnorePointer#b0feb@Offset(195.0, 96.0), RenderAnimatedOpacity#c579b@Offset(195.0, 96.0), RenderRepaintBoundary#5215b@Offset(195.0, 96.0), RenderSemanticsAnnotations#653b2@Offset(195.0, 96.0), RenderOffstage#356a4@Offset(195.0, 96.0), RenderSemanticsAnnotations#7c503@Offset(195.0, 96.0), _RenderTheater#1a4c4@Offset(195.0, 96.0), RenderAbsorbPointer#6e37c@Offset(195.0, 96.0), RenderPointerListener#0789c@Offset(195.0, 96.0), RenderSemanticsAnnotations#164cc@Offset(195.0, 96.0), RenderSemanticsAnnotations#90e81@Offset(195.0, 96.0), RenderSemanticsAnnotations#d0519@Offset(195.0, 96.0), RenderSemanticsAnnotations#11419@Offset(195.0, 96.0), RenderTapRegionSurface#3dcff@Offset(195.0, 96.0), RenderSemanticsAnnotations#a40fd@Offset(195.0, 96.0), RenderSemanticsAnnotations#d9248@Offset(195.0, 96.0), RenderRepaintBoundary#d2794@Offset(195.0, 96.0), HitTestEntry<HitTestTarget>#8d9c6(_ReusableRenderView#0b3e1), HitTestEntry<HitTestTarget>#8725d(<AutomatedTestWidgetsFlutterBinding>))
#0      WidgetController._getElementPoint (package:flutter_test/src/controller.dart:2165:25)
#1      WidgetController.getCenter (package:flutter_test/src/controller.dart:1947:12)
#2      WidgetController.drag (package:flutter_test/src/controller.dart:1604:7)
#3      WidgetController.dragUntilVisible.<anonymous closure> (package:flutter_test/src/controller.dart:2483:17)
<asynchronous suspension>
#4      TestAsyncUtils.guard.<anonymous closure> (package:flutter_test/src/test_async_utils.dart:130:27)
<asynchronous suspension>
#5      WidgetController.scrollUntilVisible.<anonymous closure> (package:flutter_test/src/controller.dart:2439:7)
<asynchronous suspension>
#6      TestAsyncUtils.guard.<anonymous closure> (package:flutter_test/src/test_async_utils.dart:130:27)
<asynchronous suspension>
#7      main.<anonymous closure> (file:///home/runner/work/streetlift-apk/streetlift-apk/avant/test/visual_capture_test.dart:201:13)
<asynchronous suspension>
#8      testWidgets.<anonymous closure>.<anonymous closure> (package:flutter_test/src/widget_tester.dart:192:15)
<asynchronous suspension>
#9      TestWidgetsFlutterBinding._runTestBody (package:flutter_test/src/binding.dart:1953:5)
<asynchronous suspension>
#10     StackZoneSpecification._registerCallback.<anonymous closure> (package:stack_trace/src/stack_zone_specification.dart:114:42)
<asynchronous suspension>
To silence this warning, pass "warnIfMissed: false" to "drag()".
To make this warning fatal, set WidgetController.hitTestWarningShouldBeFatal to true.


Warning: A call to drag() with finder "Found 1 widget with type "Scrollable" descending from widget with type "StatsScreen" (ignoring all but last): [
  Scrollable(axisDirection: right, physics: null, restorationId: null, dependencies: [InheritedCupertinoTheme, MediaQuery, ScrollConfiguration, UnmanagedRestorationScope, _InheritedTheme, _LocalizationsScope-[GlobalKey#0a849]], state: ScrollableState#a9e47(position: ScrollPositionWithSingleContext#1c9e8(offset: 280.0, range: 0.0..768.0, viewport: 350.0, ScrollableState, ClampingScrollPhysics -> RangeMaintainingScrollPhysics, IdleScrollActivity#fe6b7, ScrollDirection.idle), effective physics: ClampingScrollPhysics -> RangeMaintainingScrollPhysics)),
]" derived an Offset (Offset(195.0, 96.0)) that would not hit test on the specified widget.
Maybe the widget is actually off-screen, or another widget is obscuring it, or the widget cannot receive pointer events.
The finder corresponds to this RenderBox: RenderClipRect#0df3c relayoutBoundary=up5
The hit test result at that offset is: HitTestResult(RenderPointerListener#61db0@Offset(28.5, 2.0), RenderSemanticsAnnotations#b7a86@Offset(28.5, 2.0), RenderMouseRegion#126d4@Offset(28.5, 2.0), RenderSemanticsAnnotations#72c31@Offset(28.5, 2.0), RenderMergeSemantics#42cc2@Offset(28.5, 2.0), _TabLabelBarRenderer#414c8@Offset(187.0, 2.0), RenderCustomPaint#61be0@Offset(187.0, 2.0), RenderSemanticsAnnotations#0a9f2@Offset(187.0, 2.0), RenderPadding#fc3f1@Offset(195.0, 2.0), _RenderSingleChildViewport#d487b@Offset(195.0, 2.0), RenderIgnorePointer#9a417@Offset(195.0, 2.0), RenderSemanticsAnnotations#19e4f@Offset(195.0, 2.0), RenderPointerListener#75574@Offset(195.0, 2.0), RenderSemanticsGestureHandler#45268@Offset(195.0, 2.0), RenderPointerListener#fa991@Offset(195.0, 2.0), _RenderScrollSemantics#2f4f4@Offset(195.0, 2.0), RenderPositionedBox#e0fbf@Offset(195.0, 2.0), _RenderInkFeatures#305fb@Offset(195.0, 2.0), RenderCustomPaint#ba08a@Offset(195.0, 2.0), RenderClipPath#ab6f3@Offset(195.0, 2.0), RenderFlex#86b70@Offset(195.0, 2.0), RenderConstrainedBox#00d14@Offset(195.0, 2.0), RenderConstrainedBox#54bed@Offset(195.0, 2.0), RenderPositionedBox#37dc3@Offset(195.0, 2.0), RenderPadding#db84b@Offset(195.0, 2.0), RenderCustomMultiChildLayoutBox#4bc76@Offset(195.0, 96.0), _RenderInkFeatures#a78d3@Offset(195.0, 96.0), RenderPhysicalModel#e7f9f@Offset(195.0, 96.0), RenderIndexedStack#9828b@Offset(195.0, 96.0), RenderAnimatedOpacity#3a594@Offset(195.0, 96.0), RenderClipRect#b6174@Offset(195.0, 96.0), _RenderLayoutBuilder#da0c2@Offset(195.0, 96.0), RenderCustomMultiChildLayoutBox#b8824@Offset(195.0, 96.0), _RenderInkFeatures#f8d6c@Offset(195.0, 96.0), RenderPhysicalModel#37695@Offset(195.0, 96.0), RenderSemanticsAnnotations#ab6e4@Offset(195.0, 96.0), RenderRepaintBoundary#ef00b@Offset(195.0, 96.0), RenderIgnorePointer#b0feb@Offset(195.0, 96.0), RenderAnimatedOpacity#c579b@Offset(195.0, 96.0), RenderRepaintBoundary#5215b@Offset(195.0, 96.0), RenderSemanticsAnnotations#653b2@Offset(195.0, 96.0), RenderOffstage#356a4@Offset(195.0, 96.0), RenderSemanticsAnnotations#7c503@Offset(195.0, 96.0), _RenderTheater#1a4c4@Offset(195.0, 96.0), RenderAbsorbPointer#6e37c@Offset(195.0, 96.0), RenderPointerListener#0789c@Offset(195.0, 96.0), RenderSemanticsAnnotations#164cc@Offset(195.0, 96.0), RenderSemanticsAnnotations#90e81@Offset(195.0, 96.0), RenderSemanticsAnnotations#d0519@Offset(195.0, 96.0), RenderSemanticsAnnotations#11419@Offset(195.0, 96.0), RenderTapRegionSurface#3dcff@Offset(195.0, 96.0), RenderSemanticsAnnotations#a40fd@Offset(195.0, 96.0), RenderSemanticsAnnotations#d9248@Offset(195.0, 96.0), RenderRepaintBoundary#d2794@Offset(195.0, 96.0), HitTestEntry<HitTestTarget>#279c4(_ReusableRenderView#0b3e1), HitTestEntry<HitTestTarget>#6e6fa(<AutomatedTestWidgetsFlutterBinding>))
#0      WidgetController._getElementPoint (package:flutter_test/src/controller.dart:2165:25)
#1      WidgetController.getCenter (package:flutter_test/src/controller.dart:1947:12)
#2      WidgetController.drag (package:flutter_test/src/controller.dart:1604:7)
#3      WidgetController.dragUntilVisible.<anonymous closure> (package:flutter_test/src/controller.dart:2483:17)
<asynchronous suspension>
#4      TestAsyncUtils.guard.<anonymous closure> (package:flutter_test/src/test_async_utils.dart:130:27)
<asynchronous suspension>
#5      WidgetController.scrollUntilVisible.<anonymous closure> (package:flutter_test/src/controller.dart:2439:7)
<asynchronous suspension>
#6      TestAsyncUtils.guard.<anonymous closure> (package:flutter_test/src/test_async_utils.dart:130:27)
<asynchronous suspension>
#7      main.<anonymous closure> (file:///home/runner/work/streetlift-apk/streetlift-apk/avant/test/visual_capture_test.dart:201:13)
<asynchronous suspension>
#8      testWidgets.<anonymous closure>.<anonymous closure> (package:flutter_test/src/widget_tester.dart:192:15)
<asynchronous suspension>
#9      TestWidgetsFlutterBinding._runTestBody (package:flutter_test/src/binding.dart:1953:5)
<asynchronous suspension>
#10     StackZoneSpecification._registerCallback.<anonymous closure> (package:stack_trace/src/stack_zone_specification.dart:114:42)
<asynchronous suspension>
To silence this warning, pass "warnIfMissed: false" to "drag()".
To make this warning fatal, set WidgetController.hitTestWarningShouldBeFatal to true.


Warning: A call to drag() with finder "Found 1 widget with type "Scrollable" descending from widget with type "StatsScreen" (ignoring all but last): [
  Scrollable(axisDirection: right, physics: null, restorationId: null, dependencies: [InheritedCupertinoTheme, MediaQuery, ScrollConfiguration, UnmanagedRestorationScope, _InheritedTheme, _LocalizationsScope-[GlobalKey#0a849]], state: ScrollableState#a9e47(position: ScrollPositionWithSingleContext#1c9e8(offset: 280.0, range: 0.0..768.0, viewport: 350.0, ScrollableState, ClampingScrollPhysics -> RangeMaintainingScrollPhysics, IdleScrollActivity#fe6b7, ScrollDirection.idle), effective physics: ClampingScrollPhysics -> RangeMaintainingScrollPhysics)),
]" derived an Offset (Offset(195.0, 96.0)) that would not hit test on the specified widget.
Maybe the widget is actually off-screen, or another widget is obscuring it, or the widget cannot receive pointer events.
The finder corresponds to this RenderBox: RenderClipRect#0df3c relayoutBoundary=up5
The hit test result at that offset is: HitTestResult(RenderPointerListener#61db0@Offset(28.5, 2.0), RenderSemanticsAnnotations#b7a86@Offset(28.5, 2.0), RenderMouseRegion#126d4@Offset(28.5, 2.0), RenderSemanticsAnnotations#72c31@Offset(28.5, 2.0), RenderMergeSemantics#42cc2@Offset(28.5, 2.0), _TabLabelBarRenderer#414c8@Offset(187.0, 2.0), RenderCustomPaint#61be0@Offset(187.0, 2.0), RenderSemanticsAnnotations#0a9f2@Offset(187.0, 2.0), RenderPadding#fc3f1@Offset(195.0, 2.0), _RenderSingleChildViewport#d487b@Offset(195.0, 2.0), RenderIgnorePointer#9a417@Offset(195.0, 2.0), RenderSemanticsAnnotations#19e4f@Offset(195.0, 2.0), RenderPointerListener#75574@Offset(195.0, 2.0), RenderSemanticsGestureHandler#45268@Offset(195.0, 2.0), RenderPointerListener#fa991@Offset(195.0, 2.0), _RenderScrollSemantics#2f4f4@Offset(195.0, 2.0), RenderPositionedBox#e0fbf@Offset(195.0, 2.0), _RenderInkFeatures#305fb@Offset(195.0, 2.0), RenderCustomPaint#ba08a@Offset(195.0, 2.0), RenderClipPath#ab6f3@Offset(195.0, 2.0), RenderFlex#86b70@Offset(195.0, 2.0), RenderConstrainedBox#00d14@Offset(195.0, 2.0), RenderConstrainedBox#54bed@Offset(195.0, 2.0), RenderPositionedBox#37dc3@Offset(195.0, 2.0), RenderPadding#db84b@Offset(195.0, 2.0), RenderCustomMultiChildLayoutBox#4bc76@Offset(195.0, 96.0), _RenderInkFeatures#a78d3@Offset(195.0, 96.0), RenderPhysicalModel#e7f9f@Offset(195.0, 96.0), RenderIndexedStack#9828b@Offset(195.0, 96.0), RenderAnimatedOpacity#3a594@Offset(195.0, 96.0), RenderClipRect#b6174@Offset(195.0, 96.0), _RenderLayoutBuilder#da0c2@Offset(195.0, 96.0), RenderCustomMultiChildLayoutBox#b8824@Offset(195.0, 96.0), _RenderInkFeatures#f8d6c@Offset(195.0, 96.0), RenderPhysicalModel#37695@Offset(195.0, 96.0), RenderSemanticsAnnotations#ab6e4@Offset(195.0, 96.0), RenderRepaintBoundary#ef00b@Offset(195.0, 96.0), RenderIgnorePointer#b0feb@Offset(195.0, 96.0), RenderAnimatedOpacity#c579b@Offset(195.0, 96.0), RenderRepaintBoundary#5215b@Offset(195.0, 96.0), RenderSemanticsAnnotations#653b2@Offset(195.0, 96.0), RenderOffstage#356a4@Offset(195.0, 96.0), RenderSemanticsAnnotations#7c503@Offset(195.0, 96.0), _RenderTheater#1a4c4@Offset(195.0, 96.0), RenderAbsorbPointer#6e37c@Offset(195.0, 96.0), RenderPointerListener#0789c@Offset(195.0, 96.0), RenderSemanticsAnnotations#164cc@Offset(195.0, 96.0), RenderSemanticsAnnotations#90e81@Offset(195.0, 96.0), RenderSemanticsAnnotations#d0519@Offset(195.0, 96.0), RenderSemanticsAnnotations#11419@Offset(195.0, 96.0), RenderTapRegionSurface#3dcff@Offset(195.0, 96.0), RenderSemanticsAnnotations#a40fd@Offset(195.0, 96.0), RenderSemanticsAnnotations#d9248@Offset(195.0, 96.0), RenderRepaintBoundary#d2794@Offset(195.0, 96.0), HitTestEntry<HitTestTarget>#46c9d(_ReusableRenderView#0b3e1), HitTestEntry<HitTestTarget>#919c6(<AutomatedTestWidgetsFlutterBinding>))
#0      WidgetController._getElementPoint (package:flutter_test/src/controller.dart:2165:25)
#1      WidgetController.getCenter (package:flutter_test/src/controller.dart:1947:12)
#2      WidgetController.drag (package:flutter_test/src/controller.dart:1604:7)
#3      WidgetController.dragUntilVisible.<anonymous closure> (package:flutter_test/src/controller.dart:2483:17)
<asynchronous suspension>
#4      TestAsyncUtils.guard.<anonymous closure> (package:flutter_test/src/test_async_utils.dart:130:27)
<asynchronous suspension>
#5      WidgetController.scrollUntilVisible.<anonymous closure> (package:flutter_test/src/controller.dart:2439:7)
<asynchronous suspension>
#6      TestAsyncUtils.guard.<anonymous closure> (package:flutter_test/src/test_async_utils.dart:130:27)
<asynchronous suspension>
#7      main.<anonymous closure> (file:///home/runner/work/streetlift-apk/streetlift-apk/avant/test/visual_capture_test.dart:201:13)
<asynchronous suspension>
#8      testWidgets.<anonymous closure>.<anonymous closure> (package:flutter_test/src/widget_tester.dart:192:15)
<asynchronous suspension>
#9      TestWidgetsFlutterBinding._runTestBody (package:flutter_test/src/binding.dart:1953:5)
<asynchronous suspension>
#10     StackZoneSpecification._registerCallback.<anonymous closure> (package:stack_trace/src/stack_zone_specification.dart:114:42)
<asynchronous suspension>
To silence this warning, pass "warnIfMissed: false" to "drag()".
To make this warning fatal, set WidgetController.hitTestWarningShouldBeFatal to true.


Warning: A call to drag() with finder "Found 1 widget with type "Scrollable" descending from widget with type "StatsScreen" (ignoring all but last): [
  Scrollable(axisDirection: right, physics: null, restorationId: null, dependencies: [InheritedCupertinoTheme, MediaQuery, ScrollConfiguration, UnmanagedRestorationScope, _InheritedTheme, _LocalizationsScope-[GlobalKey#0a849]], state: ScrollableState#a9e47(position: ScrollPositionWithSingleContext#1c9e8(offset: 280.0, range: 0.0..768.0, viewport: 350.0, ScrollableState, ClampingScrollPhysics -> RangeMaintainingScrollPhysics, IdleScrollActivity#fe6b7, ScrollDirection.idle), effective physics: ClampingScrollPhysics -> RangeMaintainingScrollPhysics)),
]" derived an Offset (Offset(195.0, 96.0)) that would not hit test on the specified widget.
Maybe the widget is actually off-screen, or another widget is obscuring it, or the widget cannot receive pointer events.
The finder corresponds to this RenderBox: RenderClipRect#0df3c relayoutBoundary=up5
The hit test result at that offset is: HitTestResult(RenderPointerListener#61db0@Offset(28.5, 2.0), RenderSemanticsAnnotations#b7a86@Offset(28.5, 2.0), RenderMouseRegion#126d4@Offset(28.5, 2.0), RenderSemanticsAnnotations#72c31@Offset(28.5, 2.0), RenderMergeSemantics#42cc2@Offset(28.5, 2.0), _TabLabelBarRenderer#414c8@Offset(187.0, 2.0), RenderCustomPaint#61be0@Offset(187.0, 2.0), RenderSemanticsAnnotations#0a9f2@Offset(187.0, 2.0), RenderPadding#fc3f1@Offset(195.0, 2.0), _RenderSingleChildViewport#d487b@Offset(195.0, 2.0), RenderIgnorePointer#9a417@Offset(195.0, 2.0), RenderSemanticsAnnotations#19e4f@Offset(195.0, 2.0), RenderPointerListener#75574@Offset(195.0, 2.0), RenderSemanticsGestureHandler#45268@Offset(195.0, 2.0), RenderPointerListener#fa991@Offset(195.0, 2.0), _RenderScrollSemantics#2f4f4@Offset(195.0, 2.0), RenderPositionedBox#e0fbf@Offset(195.0, 2.0), _RenderInkFeatures#305fb@Offset(195.0, 2.0), RenderCustomPaint#ba08a@Offset(195.0, 2.0), RenderClipPath#ab6f3@Offset(195.0, 2.0), RenderFlex#86b70@Offset(195.0, 2.0), RenderConstrainedBox#00d14@Offset(195.0, 2.0), RenderConstrainedBox#54bed@Offset(195.0, 2.0), RenderPositionedBox#37dc3@Offset(195.0, 2.0), RenderPadding#db84b@Offset(195.0, 2.0), RenderCustomMultiChildLayoutBox#4bc76@Offset(195.0, 96.0), _RenderInkFeatures#a78d3@Offset(195.0, 96.0), RenderPhysicalModel#e7f9f@Offset(195.0, 96.0), RenderIndexedStack#9828b@Offset(195.0, 96.0), RenderAnimatedOpacity#3a594@Offset(195.0, 96.0), RenderClipRect#b6174@Offset(195.0, 96.0), _RenderLayoutBuilder#da0c2@Offset(195.0, 96.0), RenderCustomMultiChildLayoutBox#b8824@Offset(195.0, 96.0), _RenderInkFeatures#f8d6c@Offset(195.0, 96.0), RenderPhysicalModel#37695@Offset(195.0, 96.0), RenderSemanticsAnnotations#ab6e4@Offset(195.0, 96.0), RenderRepaintBoundary#ef00b@Offset(195.0, 96.0), RenderIgnorePointer#b0feb@Offset(195.0, 96.0), RenderAnimatedOpacity#c579b@Offset(195.0, 96.0), RenderRepaintBoundary#5215b@Offset(195.0, 96.0), RenderSemanticsAnnotations#653b2@Offset(195.0, 96.0), RenderOffstage#356a4@Offset(195.0, 96.0), RenderSemanticsAnnotations#7c503@Offset(195.0, 96.0), _RenderTheater#1a4c4@Offset(195.0, 96.0), RenderAbsorbPointer#6e37c@Offset(195.0, 96.0), RenderPointerListener#0789c@Offset(195.0, 96.0), RenderSemanticsAnnotations#164cc@Offset(195.0, 96.0), RenderSemanticsAnnotations#90e81@Offset(195.0, 96.0), RenderSemanticsAnnotations#d0519@Offset(195.0, 96.0), RenderSemanticsAnnotations#11419@Offset(195.0, 96.0), RenderTapRegionSurface#3dcff@Offset(195.0, 96.0), RenderSemanticsAnnotations#a40fd@Offset(195.0, 96.0), RenderSemanticsAnnotations#d9248@Offset(195.0, 96.0), RenderRepaintBoundary#d2794@Offset(195.0, 96.0), HitTestEntry<HitTestTarget>#635c8(_ReusableRenderView#0b3e1), HitTestEntry<HitTestTarget>#19814(<AutomatedTestWidgetsFlutterBinding>))
#0      WidgetController._getElementPoint (package:flutter_test/src/controller.dart:2165:25)
#1      WidgetController.getCenter (package:flutter_test/src/controller.dart:1947:12)
#2      WidgetController.drag (package:flutter_test/src/controller.dart:1604:7)
#3      WidgetController.dragUntilVisible.<anonymous closure> (package:flutter_test/src/controller.dart:2483:17)
<asynchronous suspension>
#4      TestAsyncUtils.guard.<anonymous closure> (package:flutter_test/src/test_async_utils.dart:130:27)
<asynchronous suspension>
#5      WidgetController.scrollUntilVisible.<anonymous closure> (package:flutter_test/src/controller.dart:2439:7)
<asynchronous suspension>
#6      TestAsyncUtils.guard.<anonymous closure> (package:flutter_test/src/test_async_utils.dart:130:27)
<asynchronous suspension>
#7      main.<anonymous closure> (file:///home/runner/work/streetlift-apk/streetlift-apk/avant/test/visual_capture_test.dart:201:13)
<asynchronous suspension>
#8      testWidgets.<anonymous closure>.<anonymous closure> (package:flutter_test/src/widget_tester.dart:192:15)
<asynchronous suspension>
#9      TestWidgetsFlutterBinding._runTestBody (package:flutter_test/src/binding.dart:1953:5)
<asynchronous suspension>
#10     StackZoneSpecification._registerCallback.<anonymous closure> (package:stack_trace/src/stack_zone_specification.dart:114:42)
<asynchronous suspension>
To silence this warning, pass "warnIfMissed: false" to "drag()".
To make this warning fatal, set WidgetController.hitTestWarningShouldBeFatal to true.


Warning: A call to drag() with finder "Found 1 widget with type "Scrollable" descending from widget with type "StatsScreen" (ignoring all but last): [
  Scrollable(axisDirection: right, physics: null, restorationId: null, dependencies: [InheritedCupertinoTheme, MediaQuery, ScrollConfiguration, UnmanagedRestorationScope, _InheritedTheme, _LocalizationsScope-[GlobalKey#0a849]], state: ScrollableState#a9e47(position: ScrollPositionWithSingleContext#1c9e8(offset: 280.0, range: 0.0..768.0, viewport: 350.0, ScrollableState, ClampingScrollPhysics -> RangeMaintainingScrollPhysics, IdleScrollActivity#fe6b7, ScrollDirection.idle), effective physics: ClampingScrollPhysics -> RangeMaintainingScrollPhysics)),
]" derived an Offset (Offset(195.0, 96.0)) that would not hit test on the specified widget.
Maybe the widget is actually off-screen, or another widget is obscuring it, or the widget cannot receive pointer events.
The finder corresponds to this RenderBox: RenderClipRect#0df3c relayoutBoundary=up5
The hit test result at that offset is: HitTestResult(RenderPointerListener#61db0@Offset(28.5, 2.0), RenderSemanticsAnnotations#b7a86@Offset(28.5, 2.0), RenderMouseRegion#126d4@Offset(28.5, 2.0), RenderSemanticsAnnotations#72c31@Offset(28.5, 2.0), RenderMergeSemantics#42cc2@Offset(28.5, 2.0), _TabLabelBarRenderer#414c8@Offset(187.0, 2.0), RenderCustomPaint#61be0@Offset(187.0, 2.0), RenderSemanticsAnnotations#0a9f2@Offset(187.0, 2.0), RenderPadding#fc3f1@Offset(195.0, 2.0), _RenderSingleChildViewport#d487b@Offset(195.0, 2.0), RenderIgnorePointer#9a417@Offset(195.0, 2.0), RenderSemanticsAnnotations#19e4f@Offset(195.0, 2.0), RenderPointerListener#75574@Offset(195.0, 2.0), RenderSemanticsGestureHandler#45268@Offset(195.0, 2.0), RenderPointerListener#fa991@Offset(195.0, 2.0), _RenderScrollSemantics#2f4f4@Offset(195.0, 2.0), RenderPositionedBox#e0fbf@Offset(195.0, 2.0), _RenderInkFeatures#305fb@Offset(195.0, 2.0), RenderCustomPaint#ba08a@Offset(195.0, 2.0), RenderClipPath#ab6f3@Offset(195.0, 2.0), RenderFlex#86b70@Offset(195.0, 2.0), RenderConstrainedBox#00d14@Offset(195.0, 2.0), RenderConstrainedBox#54bed@Offset(195.0, 2.0), RenderPositionedBox#37dc3@Offset(195.0, 2.0), RenderPadding#db84b@Offset(195.0, 2.0), RenderCustomMultiChildLayoutBox#4bc76@Offset(195.0, 96.0), _RenderInkFeatures#a78d3@Offset(195.0, 96.0), RenderPhysicalModel#e7f9f@Offset(195.0, 96.0), RenderIndexedStack#9828b@Offset(195.0, 96.0), RenderAnimatedOpacity#3a594@Offset(195.0, 96.0), RenderClipRect#b6174@Offset(195.0, 96.0), _RenderLayoutBuilder#da0c2@Offset(195.0, 96.0), RenderCustomMultiChildLayoutBox#b8824@Offset(195.0, 96.0), _RenderInkFeatures#f8d6c@Offset(195.0, 96.0), RenderPhysicalModel#37695@Offset(195.0, 96.0), RenderSemanticsAnnotations#ab6e4@Offset(195.0, 96.0), RenderRepaintBoundary#ef00b@Offset(195.0, 96.0), RenderIgnorePointer#b0feb@Offset(195.0, 96.0), RenderAnimatedOpacity#c579b@Offset(195.0, 96.0), RenderRepaintBoundary#5215b@Offset(195.0, 96.0), RenderSemanticsAnnotations#653b2@Offset(195.0, 96.0), RenderOffstage#356a4@Offset(195.0, 96.0), RenderSemanticsAnnotations#7c503@Offset(195.0, 96.0), _RenderTheater#1a4c4@Offset(195.0, 96.0), RenderAbsorbPointer#6e37c@Offset(195.0, 96.0), RenderPointerListener#0789c@Offset(195.0, 96.0), RenderSemanticsAnnotations#164cc@Offset(195.0, 96.0), RenderSemanticsAnnotations#90e81@Offset(195.0, 96.0), RenderSemanticsAnnotations#d0519@Offset(195.0, 96.0), RenderSemanticsAnnotations#11419@Offset(195.0, 96.0), RenderTapRegionSurface#3dcff@Offset(195.0, 96.0), RenderSemanticsAnnotations#a40fd@Offset(195.0, 96.0), RenderSemanticsAnnotations#d9248@Offset(195.0, 96.0), RenderRepaintBoundary#d2794@Offset(195.0, 96.0), HitTestEntry<HitTestTarget>#6cda9(_ReusableRenderView#0b3e1), HitTestEntry<HitTestTarget>#d5b0d(<AutomatedTestWidgetsFlutterBinding>))
#0      WidgetController._getElementPoint (package:flutter_test/src/controller.dart:2165:25)
#1      WidgetController.getCenter (package:flutter_test/src/controller.dart:1947:12)
#2      WidgetController.drag (package:flutter_test/src/controller.dart:1604:7)
#3      WidgetController.dragUntilVisible.<anonymous closure> (package:flutter_test/src/controller.dart:2483:17)
<asynchronous suspension>
#4      TestAsyncUtils.guard.<anonymous closure> (package:flutter_test/src/test_async_utils.dart:130:27)
<asynchronous suspension>
#5      WidgetController.scrollUntilVisible.<anonymous closure> (package:flutter_test/src/controller.dart:2439:7)
<asynchronous suspension>
#6      TestAsyncUtils.guard.<anonymous closure> (package:flutter_test/src/test_async_utils.dart:130:27)
<asynchronous suspension>
#7      main.<anonymous closure> (file:///home/runner/work/streetlift-apk/streetlift-apk/avant/test/visual_capture_test.dart:201:13)
<asynchronous suspension>
#8      testWidgets.<anonymous closure>.<anonymous closure> (package:flutter_test/src/widget_tester.dart:192:15)
<asynchronous suspension>
#9      TestWidgetsFlutterBinding._runTestBody (package:flutter_test/src/binding.dart:1953:5)
<asynchronous suspension>
#10     StackZoneSpecification._registerCallback.<anonymous closure> (package:stack_trace/src/stack_zone_specification.dart:114:42)
<asynchronous suspension>
To silence this warning, pass "warnIfMissed: false" to "drag()".
To make this warning fatal, set WidgetController.hitTestWarningShouldBeFatal to true.


Warning: A call to drag() with finder "Found 1 widget with type "Scrollable" descending from widget with type "StatsScreen" (ignoring all but last): [
  Scrollable(axisDirection: right, physics: null, restorationId: null, dependencies: [InheritedCupertinoTheme, MediaQuery, ScrollConfiguration, UnmanagedRestorationScope, _InheritedTheme, _LocalizationsScope-[GlobalKey#0a849]], state: ScrollableState#a9e47(position: ScrollPositionWithSingleContext#1c9e8(offset: 280.0, range: 0.0..768.0, viewport: 350.0, ScrollableState, ClampingScrollPhysics -> RangeMaintainingScrollPhysics, IdleScrollActivity#fe6b7, ScrollDirection.idle), effective physics: ClampingScrollPhysics -> RangeMaintainingScrollPhysics)),
]" derived an Offset (Offset(195.0, 96.0)) that would not hit test on the specified widget.
Maybe the widget is actually off-screen, or another widget is obscuring it, or the widget cannot receive pointer events.
The finder corresponds to this RenderBox: RenderClipRect#0df3c relayoutBoundary=up5
The hit test result at that offset is: HitTestResult(RenderPointerListener#61db0@Offset(28.5, 2.0), RenderSemanticsAnnotations#b7a86@Offset(28.5, 2.0), RenderMouseRegion#126d4@Offset(28.5, 2.0), RenderSemanticsAnnotations#72c31@Offset(28.5, 2.0), RenderMergeSemantics#42cc2@Offset(28.5, 2.0), _TabLabelBarRenderer#414c8@Offset(187.0, 2.0), RenderCustomPaint#61be0@Offset(187.0, 2.0), RenderSemanticsAnnotations#0a9f2@Offset(187.0, 2.0), RenderPadding#fc3f1@Offset(195.0, 2.0), _RenderSingleChildViewport#d487b@Offset(195.0, 2.0), RenderIgnorePointer#9a417@Offset(195.0, 2.0), RenderSemanticsAnnotations#19e4f@Offset(195.0, 2.0), RenderPointerListener#75574@Offset(195.0, 2.0), RenderSemanticsGestureHandler#45268@Offset(195.0, 2.0), RenderPointerListener#fa991@Offset(195.0, 2.0), _RenderScrollSemantics#2f4f4@Offset(195.0, 2.0), RenderPositionedBox#e0fbf@Offset(195.0, 2.0), _RenderInkFeatures#305fb@Offset(195.0, 2.0), RenderCustomPaint#ba08a@Offset(195.0, 2.0), RenderClipPath#ab6f3@Offset(195.0, 2.0), RenderFlex#86b70@Offset(195.0, 2.0), RenderConstrainedBox#00d14@Offset(195.0, 2.0), RenderConstrainedBox#54bed@Offset(195.0, 2.0), RenderPositionedBox#37dc3@Offset(195.0, 2.0), RenderPadding#db84b@Offset(195.0, 2.0), RenderCustomMultiChildLayoutBox#4bc76@Offset(195.0, 96.0), _RenderInkFeatures#a78d3@Offset(195.0, 96.0), RenderPhysicalModel#e7f9f@Offset(195.0, 96.0), RenderIndexedStack#9828b@Offset(195.0, 96.0), RenderAnimatedOpacity#3a594@Offset(195.0, 96.0), RenderClipRect#b6174@Offset(195.0, 96.0), _RenderLayoutBuilder#da0c2@Offset(195.0, 96.0), RenderCustomMultiChildLayoutBox#b8824@Offset(195.0, 96.0), _RenderInkFeatures#f8d6c@Offset(195.0, 96.0), RenderPhysicalModel#37695@Offset(195.0, 96.0), RenderSemanticsAnnotations#ab6e4@Offset(195.0, 96.0), RenderRepaintBoundary#ef00b@Offset(195.0, 96.0), RenderIgnorePointer#b0feb@Offset(195.0, 96.0), RenderAnimatedOpacity#c579b@Offset(195.0, 96.0), RenderRepaintBoundary#5215b@Offset(195.0, 96.0), RenderSemanticsAnnotations#653b2@Offset(195.0, 96.0), RenderOffstage#356a4@Offset(195.0, 96.0), RenderSemanticsAnnotations#7c503@Offset(195.0, 96.0), _RenderTheater#1a4c4@Offset(195.0, 96.0), RenderAbsorbPointer#6e37c@Offset(195.0, 96.0), RenderPointerListener#0789c@Offset(195.0, 96.0), RenderSemanticsAnnotations#164cc@Offset(195.0, 96.0), RenderSemanticsAnnotations#90e81@Offset(195.0, 96.0), RenderSemanticsAnnotations#d0519@Offset(195.0, 96.0), RenderSemanticsAnnotations#11419@Offset(195.0, 96.0), RenderTapRegionSurface#3dcff@Offset(195.0, 96.0), RenderSemanticsAnnotations#a40fd@Offset(195.0, 96.0), RenderSemanticsAnnotations#d9248@Offset(195.0, 96.0), RenderRepaintBoundary#d2794@Offset(195.0, 96.0), HitTestEntry<HitTestTarget>#b1858(_ReusableRenderView#0b3e1), HitTestEntry<HitTestTarget>#775ed(<AutomatedTestWidgetsFlutterBinding>))
#0      WidgetController._getElementPoint (package:flutter_test/src/controller.dart:2165:25)
#1      WidgetController.getCenter (package:flutter_test/src/controller.dart:1947:12)
#2      WidgetController.drag (package:flutter_test/src/controller.dart:1604:7)
#3      WidgetController.dragUntilVisible.<anonymous closure> (package:flutter_test/src/controller.dart:2483:17)
<asynchronous suspension>
#4      TestAsyncUtils.guard.<anonymous closure> (package:flutter_test/src/test_async_utils.dart:130:27)
<asynchronous suspension>
#5      WidgetController.scrollUntilVisible.<anonymous closure> (package:flutter_test/src/controller.dart:2439:7)
<asynchronous suspension>
#6      TestAsyncUtils.guard.<anonymous closure> (package:flutter_test/src/test_async_utils.dart:130:27)
<asynchronous suspension>
#7      main.<anonymous closure> (file:///home/runner/work/streetlift-apk/streetlift-apk/avant/test/visual_capture_test.dart:201:13)
<asynchronous suspension>
#8      testWidgets.<anonymous closure>.<anonymous closure> (package:flutter_test/src/widget_tester.dart:192:15)
<asynchronous suspension>
#9      TestWidgetsFlutterBinding._runTestBody (package:flutter_test/src/binding.dart:1953:5)
<asynchronous suspension>
#10     StackZoneSpecification._registerCallback.<anonymous closure> (package:stack_trace/src/stack_zone_specification.dart:114:42)
<asynchronous suspension>
To silence this warning, pass "warnIfMissed: false" to "drag()".
To make this warning fatal, set WidgetController.hitTestWarningShouldBeFatal to true.


Warning: A call to drag() with finder "Found 1 widget with type "Scrollable" descending from widget with type "StatsScreen" (ignoring all but last): [
  Scrollable(axisDirection: right, physics: null, restorationId: null, dependencies: [InheritedCupertinoTheme, MediaQuery, ScrollConfiguration, UnmanagedRestorationScope, _InheritedTheme, _LocalizationsScope-[GlobalKey#0a849]], state: ScrollableState#a9e47(position: ScrollPositionWithSingleContext#1c9e8(offset: 280.0, range: 0.0..768.0, viewport: 350.0, ScrollableState, ClampingScrollPhysics -> RangeMaintainingScrollPhysics, IdleScrollActivity#fe6b7, ScrollDirection.idle), effective physics: ClampingScrollPhysics -> RangeMaintainingScrollPhysics)),
]" derived an Offset (Offset(195.0, 96.0)) that would not hit test on the specified widget.
Maybe the widget is actually off-screen, or another widget is obscuring it, or the widget cannot receive pointer events.
The finder corresponds to this RenderBox: RenderClipRect#0df3c relayoutBoundary=up5
The hit test result at that offset is: HitTestResult(RenderPointerListener#61db0@Offset(28.5, 2.0), RenderSemanticsAnnotations#b7a86@Offset(28.5, 2.0), RenderMouseRegion#126d4@Offset(28.5, 2.0), RenderSemanticsAnnotations#72c31@Offset(28.5, 2.0), RenderMergeSemantics#42cc2@Offset(28.5, 2.0), _TabLabelBarRenderer#414c8@Offset(187.0, 2.0), RenderCustomPaint#61be0@Offset(187.0, 2.0), RenderSemanticsAnnotations#0a9f2@Offset(187.0, 2.0), RenderPadding#fc3f1@Offset(195.0, 2.0), _RenderSingleChildViewport#d487b@Offset(195.0, 2.0), RenderIgnorePointer#9a417@Offset(195.0, 2.0), RenderSemanticsAnnotations#19e4f@Offset(195.0, 2.0), RenderPointerListener#75574@Offset(195.0, 2.0), RenderSemanticsGestureHandler#45268@Offset(195.0, 2.0), RenderPointerListener#fa991@Offset(195.0, 2.0), _RenderScrollSemantics#2f4f4@Offset(195.0, 2.0), RenderPositionedBox#e0fbf@Offset(195.0, 2.0), _RenderInkFeatures#305fb@Offset(195.0, 2.0), RenderCustomPaint#ba08a@Offset(195.0, 2.0), RenderClipPath#ab6f3@Offset(195.0, 2.0), RenderFlex#86b70@Offset(195.0, 2.0), RenderConstrainedBox#00d14@Offset(195.0, 2.0), RenderConstrainedBox#54bed@Offset(195.0, 2.0), RenderPositionedBox#37dc3@Offset(195.0, 2.0), RenderPadding#db84b@Offset(195.0, 2.0), RenderCustomMultiChildLayoutBox#4bc76@Offset(195.0, 96.0), _RenderInkFeatures#a78d3@Offset(195.0, 96.0), RenderPhysicalModel#e7f9f@Offset(195.0, 96.0), RenderIndexedStack#9828b@Offset(195.0, 96.0), RenderAnimatedOpacity#3a594@Offset(195.0, 96.0), RenderClipRect#b6174@Offset(195.0, 96.0), _RenderLayoutBuilder#da0c2@Offset(195.0, 96.0), RenderCustomMultiChildLayoutBox#b8824@Offset(195.0, 96.0), _RenderInkFeatures#f8d6c@Offset(195.0, 96.0), RenderPhysicalModel#37695@Offset(195.0, 96.0), RenderSemanticsAnnotations#ab6e4@Offset(195.0, 96.0), RenderRepaintBoundary#ef00b@Offset(195.0, 96.0), RenderIgnorePointer#b0feb@Offset(195.0, 96.0), RenderAnimatedOpacity#c579b@Offset(195.0, 96.0), RenderRepaintBoundary#5215b@Offset(195.0, 96.0), RenderSemanticsAnnotations#653b2@Offset(195.0, 96.0), RenderOffstage#356a4@Offset(195.0, 96.0), RenderSemanticsAnnotations#7c503@Offset(195.0, 96.0), _RenderTheater#1a4c4@Offset(195.0, 96.0), RenderAbsorbPointer#6e37c@Offset(195.0, 96.0), RenderPointerListener#0789c@Offset(195.0, 96.0), RenderSemanticsAnnotations#164cc@Offset(195.0, 96.0), RenderSemanticsAnnotations#90e81@Offset(195.0, 96.0), RenderSemanticsAnnotations#d0519@Offset(195.0, 96.0), RenderSemanticsAnnotations#11419@Offset(195.0, 96.0), RenderTapRegionSurface#3dcff@Offset(195.0, 96.0), RenderSemanticsAnnotations#a40fd@Offset(195.0, 96.0), RenderSemanticsAnnotations#d9248@Offset(195.0, 96.0), RenderRepaintBoundary#d2794@Offset(195.0, 96.0), HitTestEntry<HitTestTarget>#3c4c0(_ReusableRenderView#0b3e1), HitTestEntry<HitTestTarget>#c802c(<AutomatedTestWidgetsFlutterBinding>))
#0      WidgetController._getElementPoint (package:flutter_test/src/controller.dart:2165:25)
#1      WidgetController.getCenter (package:flutter_test/src/controller.dart:1947:12)
#2      WidgetController.drag (package:flutter_test/src/controller.dart:1604:7)
#3      WidgetController.dragUntilVisible.<anonymous closure> (package:flutter_test/src/controller.dart:2483:17)
<asynchronous suspension>
#4      TestAsyncUtils.guard.<anonymous closure> (package:flutter_test/src/test_async_utils.dart:130:27)
<asynchronous suspension>
#5      WidgetController.scrollUntilVisible.<anonymous closure> (package:flutter_test/src/controller.dart:2439:7)
<asynchronous suspension>
#6      TestAsyncUtils.guard.<anonymous closure> (package:flutter_test/src/test_async_utils.dart:130:27)
<asynchronous suspension>
#7      main.<anonymous closure> (file:///home/runner/work/streetlift-apk/streetlift-apk/avant/test/visual_capture_test.dart:201:13)
<asynchronous suspension>
#8      testWidgets.<anonymous closure>.<anonymous closure> (package:flutter_test/src/widget_tester.dart:192:15)
<asynchronous suspension>
#9      TestWidgetsFlutterBinding._runTestBody (package:flutter_test/src/binding.dart:1953:5)
<asynchronous suspension>
#10     StackZoneSpecification._registerCallback.<anonymous closure> (package:stack_trace/src/stack_zone_specification.dart:114:42)
<asynchronous suspension>
To silence this warning, pass "warnIfMissed: false" to "drag()".
To make this warning fatal, set WidgetController.hitTestWarningShouldBeFatal to true.


Warning: A call to drag() with finder "Found 1 widget with type "Scrollable" descending from widget with type "StatsScreen" (ignoring all but last): [
  Scrollable(axisDirection: right, physics: null, restorationId: null, dependencies: [InheritedCupertinoTheme, MediaQuery, ScrollConfiguration, UnmanagedRestorationScope, _InheritedTheme, _LocalizationsScope-[GlobalKey#0a849]], state: ScrollableState#a9e47(position: ScrollPositionWithSingleContext#1c9e8(offset: 280.0, range: 0.0..768.0, viewport: 350.0, ScrollableState, ClampingScrollPhysics -> RangeMaintainingScrollPhysics, IdleScrollActivity#fe6b7, ScrollDirection.idle), effective physics: ClampingScrollPhysics -> RangeMaintainingScrollPhysics)),
]" derived an Offset (Offset(195.0, 96.0)) that would not hit test on the specified widget.
Maybe the widget is actually off-screen, or another widget is obscuring it, or the widget cannot receive pointer events.
The finder corresponds to this RenderBox: RenderClipRect#0df3c relayoutBoundary=up5
The hit test result at that offset is: HitTestResult(RenderPointerListener#61db0@Offset(28.5, 2.0), RenderSemanticsAnnotations#b7a86@Offset(28.5, 2.0), RenderMouseRegion#126d4@Offset(28.5, 2.0), RenderSemanticsAnnotations#72c31@Offset(28.5, 2.0), RenderMergeSemantics#42cc2@Offset(28.5, 2.0), _TabLabelBarRenderer#414c8@Offset(187.0, 2.0), RenderCustomPaint#61be0@Offset(187.0, 2.0), RenderSemanticsAnnotations#0a9f2@Offset(187.0, 2.0), RenderPadding#fc3f1@Offset(195.0, 2.0), _RenderSingleChildViewport#d487b@Offset(195.0, 2.0), RenderIgnorePointer#9a417@Offset(195.0, 2.0), RenderSemanticsAnnotations#19e4f@Offset(195.0, 2.0), RenderPointerListener#75574@Offset(195.0, 2.0), RenderSemanticsGestureHandler#45268@Offset(195.0, 2.0), RenderPointerListener#fa991@Offset(195.0, 2.0), _RenderScrollSemantics#2f4f4@Offset(195.0, 2.0), RenderPositionedBox#e0fbf@Offset(195.0, 2.0), _RenderInkFeatures#305fb@Offset(195.0, 2.0), RenderCustomPaint#ba08a@Offset(195.0, 2.0), RenderClipPath#ab6f3@Offset(195.0, 2.0), RenderFlex#86b70@Offset(195.0, 2.0), RenderConstrainedBox#00d14@Offset(195.0, 2.0), RenderConstrainedBox#54bed@Offset(195.0, 2.0), RenderPositionedBox#37dc3@Offset(195.0, 2.0), RenderPadding#db84b@Offset(195.0, 2.0), RenderCustomMultiChildLayoutBox#4bc76@Offset(195.0, 96.0), _RenderInkFeatures#a78d3@Offset(195.0, 96.0), RenderPhysicalModel#e7f9f@Offset(195.0, 96.0), RenderIndexedStack#9828b@Offset(195.0, 96.0), RenderAnimatedOpacity#3a594@Offset(195.0, 96.0), RenderClipRect#b6174@Offset(195.0, 96.0), _RenderLayoutBuilder#da0c2@Offset(195.0, 96.0), RenderCustomMultiChildLayoutBox#b8824@Offset(195.0, 96.0), _RenderInkFeatures#f8d6c@Offset(195.0, 96.0), RenderPhysicalModel#37695@Offset(195.0, 96.0), RenderSemanticsAnnotations#ab6e4@Offset(195.0, 96.0), RenderRepaintBoundary#ef00b@Offset(195.0, 96.0), RenderIgnorePointer#b0feb@Offset(195.0, 96.0), RenderAnimatedOpacity#c579b@Offset(195.0, 96.0), RenderRepaintBoundary#5215b@Offset(195.0, 96.0), RenderSemanticsAnnotations#653b2@Offset(195.0, 96.0), RenderOffstage#356a4@Offset(195.0, 96.0), RenderSemanticsAnnotations#7c503@Offset(195.0, 96.0), _RenderTheater#1a4c4@Offset(195.0, 96.0), RenderAbsorbPointer#6e37c@Offset(195.0, 96.0), RenderPointerListener#0789c@Offset(195.0, 96.0), RenderSemanticsAnnotations#164cc@Offset(195.0, 96.0), RenderSemanticsAnnotations#90e81@Offset(195.0, 96.0), RenderSemanticsAnnotations#d0519@Offset(195.0, 96.0), RenderSemanticsAnnotations#11419@Offset(195.0, 96.0), RenderTapRegionSurface#3dcff@Offset(195.0, 96.0), RenderSemanticsAnnotations#a40fd@Offset(195.0, 96.0), RenderSemanticsAnnotations#d9248@Offset(195.0, 96.0), RenderRepaintBoundary#d2794@Offset(195.0, 96.0), HitTestEntry<HitTestTarget>#d605e(_ReusableRenderView#0b3e1), HitTestEntry<HitTestTarget>#11154(<AutomatedTestWidgetsFlutterBinding>))
#0      WidgetController._getElementPoint (package:flutter_test/src/controller.dart:2165:25)
#1      WidgetController.getCenter (package:flutter_test/src/controller.dart:1947:12)
#2      WidgetController.drag (package:flutter_test/src/controller.dart:1604:7)
#3      WidgetController.dragUntilVisible.<anonymous closure> (package:flutter_test/src/controller.dart:2483:17)
<asynchronous suspension>
#4      TestAsyncUtils.guard.<anonymous closure> (package:flutter_test/src/test_async_utils.dart:130:27)
<asynchronous suspension>
#5      WidgetController.scrollUntilVisible.<anonymous closure> (package:flutter_test/src/controller.dart:2439:7)
<asynchronous suspension>
#6      TestAsyncUtils.guard.<anonymous closure> (package:flutter_test/src/test_async_utils.dart:130:27)
<asynchronous suspension>
#7      main.<anonymous closure> (file:///home/runner/work/streetlift-apk/streetlift-apk/avant/test/visual_capture_test.dart:201:13)
<asynchronous suspension>
#8      testWidgets.<anonymous closure>.<anonymous closure> (package:flutter_test/src/widget_tester.dart:192:15)
<asynchronous suspension>
#9      TestWidgetsFlutterBinding._runTestBody (package:flutter_test/src/binding.dart:1953:5)
<asynchronous suspension>
#10     StackZoneSpecification._registerCallback.<anonymous closure> (package:stack_trace/src/stack_zone_specification.dart:114:42)
<asynchronous suspension>
To silence this warning, pass "warnIfMissed: false" to "drag()".
To make this warning fatal, set WidgetController.hitTestWarningShouldBeFatal to true.


Warning: A call to drag() with finder "Found 1 widget with type "Scrollable" descending from widget with type "StatsScreen" (ignoring all but last): [
  Scrollable(axisDirection: right, physics: null, restorationId: null, dependencies: [InheritedCupertinoTheme, MediaQuery, ScrollConfiguration, UnmanagedRestorationScope, _InheritedTheme, _LocalizationsScope-[GlobalKey#0a849]], state: ScrollableState#a9e47(position: ScrollPositionWithSingleContext#1c9e8(offset: 280.0, range: 0.0..768.0, viewport: 350.0, ScrollableState, ClampingScrollPhysics -> RangeMaintainingScrollPhysics, IdleScrollActivity#fe6b7, ScrollDirection.idle), effective physics: ClampingScrollPhysics -> RangeMaintainingScrollPhysics)),
]" derived an Offset (Offset(195.0, 96.0)) that would not hit test on the specified widget.
Maybe the widget is actually off-screen, or another widget is obscuring it, or the widget cannot receive pointer events.
The finder corresponds to this RenderBox: RenderClipRect#0df3c relayoutBoundary=up5
The hit test result at that offset is: HitTestResult(RenderPointerListener#61db0@Offset(28.5, 2.0), RenderSemanticsAnnotations#b7a86@Offset(28.5, 2.0), RenderMouseRegion#126d4@Offset(28.5, 2.0), RenderSemanticsAnnotations#72c31@Offset(28.5, 2.0), RenderMergeSemantics#42cc2@Offset(28.5, 2.0), _TabLabelBarRenderer#414c8@Offset(187.0, 2.0), RenderCustomPaint#61be0@Offset(187.0, 2.0), RenderSemanticsAnnotations#0a9f2@Offset(187.0, 2.0), RenderPadding#fc3f1@Offset(195.0, 2.0), _RenderSingleChildViewport#d487b@Offset(195.0, 2.0), RenderIgnorePointer#9a417@Offset(195.0, 2.0), RenderSemanticsAnnotations#19e4f@Offset(195.0, 2.0), RenderPointerListener#75574@Offset(195.0, 2.0), RenderSemanticsGestureHandler#45268@Offset(195.0, 2.0), RenderPointerListener#fa991@Offset(195.0, 2.0), _RenderScrollSemantics#2f4f4@Offset(195.0, 2.0), RenderPositionedBox#e0fbf@Offset(195.0, 2.0), _RenderInkFeatures#305fb@Offset(195.0, 2.0), RenderCustomPaint#ba08a@Offset(195.0, 2.0), RenderClipPath#ab6f3@Offset(195.0, 2.0), RenderFlex#86b70@Offset(195.0, 2.0), RenderConstrainedBox#00d14@Offset(195.0, 2.0), RenderConstrainedBox#54bed@Offset(195.0, 2.0), RenderPositionedBox#37dc3@Offset(195.0, 2.0), RenderPadding#db84b@Offset(195.0, 2.0), RenderCustomMultiChildLayoutBox#4bc76@Offset(195.0, 96.0), _RenderInkFeatures#a78d3@Offset(195.0, 96.0), RenderPhysicalModel#e7f9f@Offset(195.0, 96.0), RenderIndexedStack#9828b@Offset(195.0, 96.0), RenderAnimatedOpacity#3a594@Offset(195.0, 96.0), RenderClipRect#b6174@Offset(195.0, 96.0), _RenderLayoutBuilder#da0c2@Offset(195.0, 96.0), RenderCustomMultiChildLayoutBox#b8824@Offset(195.0, 96.0), _RenderInkFeatures#f8d6c@Offset(195.0, 96.0), RenderPhysicalModel#37695@Offset(195.0, 96.0), RenderSemanticsAnnotations#ab6e4@Offset(195.0, 96.0), RenderRepaintBoundary#ef00b@Offset(195.0, 96.0), RenderIgnorePointer#b0feb@Offset(195.0, 96.0), RenderAnimatedOpacity#c579b@Offset(195.0, 96.0), RenderRepaintBoundary#5215b@Offset(195.0, 96.0), RenderSemanticsAnnotations#653b2@Offset(195.0, 96.0), RenderOffstage#356a4@Offset(195.0, 96.0), RenderSemanticsAnnotations#7c503@Offset(195.0, 96.0), _RenderTheater#1a4c4@Offset(195.0, 96.0), RenderAbsorbPointer#6e37c@Offset(195.0, 96.0), RenderPointerListener#0789c@Offset(195.0, 96.0), RenderSemanticsAnnotations#164cc@Offset(195.0, 96.0), RenderSemanticsAnnotations#90e81@Offset(195.0, 96.0), RenderSemanticsAnnotations#d0519@Offset(195.0, 96.0), RenderSemanticsAnnotations#11419@Offset(195.0, 96.0), RenderTapRegionSurface#3dcff@Offset(195.0, 96.0), RenderSemanticsAnnotations#a40fd@Offset(195.0, 96.0), RenderSemanticsAnnotations#d9248@Offset(195.0, 96.0), RenderRepaintBoundary#d2794@Offset(195.0, 96.0), HitTestEntry<HitTestTarget>#669ee(_ReusableRenderView#0b3e1), HitTestEntry<HitTestTarget>#4bb06(<AutomatedTestWidgetsFlutterBinding>))
#0      WidgetController._getElementPoint (package:flutter_test/src/controller.dart:2165:25)
#1      WidgetController.getCenter (package:flutter_test/src/controller.dart:1947:12)
#2      WidgetController.drag (package:flutter_test/src/controller.dart:1604:7)
#3      WidgetController.dragUntilVisible.<anonymous closure> (package:flutter_test/src/controller.dart:2483:17)
<asynchronous suspension>
#4      TestAsyncUtils.guard.<anonymous closure> (package:flutter_test/src/test_async_utils.dart:130:27)
<asynchronous suspension>
#5      WidgetController.scrollUntilVisible.<anonymous closure> (package:flutter_test/src/controller.dart:2439:7)
<asynchronous suspension>
#6      TestAsyncUtils.guard.<anonymous closure> (package:flutter_test/src/test_async_utils.dart:130:27)
<asynchronous suspension>
#7      main.<anonymous closure> (file:///home/runner/work/streetlift-apk/streetlift-apk/avant/test/visual_capture_test.dart:201:13)
<asynchronous suspension>
#8      testWidgets.<anonymous closure>.<anonymous closure> (package:flutter_test/src/widget_tester.dart:192:15)
<asynchronous suspension>
#9      TestWidgetsFlutterBinding._runTestBody (package:flutter_test/src/binding.dart:1953:5)
<asynchronous suspension>
#10     StackZoneSpecification._registerCallback.<anonymous closure> (package:stack_trace/src/stack_zone_specification.dart:114:42)
<asynchronous suspension>
To silence this warning, pass "warnIfMissed: false" to "drag()".
To make this warning fatal, set WidgetController.hitTestWarningShouldBeFatal to true.


Warning: A call to drag() with finder "Found 1 widget with type "Scrollable" descending from widget with type "StatsScreen" (ignoring all but last): [
  Scrollable(axisDirection: right, physics: null, restorationId: null, dependencies: [InheritedCupertinoTheme, MediaQuery, ScrollConfiguration, UnmanagedRestorationScope, _InheritedTheme, _LocalizationsScope-[GlobalKey#0a849]], state: ScrollableState#a9e47(position: ScrollPositionWithSingleContext#1c9e8(offset: 280.0, range: 0.0..768.0, viewport: 350.0, ScrollableState, ClampingScrollPhysics -> RangeMaintainingScrollPhysics, IdleScrollActivity#fe6b7, ScrollDirection.idle), effective physics: ClampingScrollPhysics -> RangeMaintainingScrollPhysics)),
]" derived an Offset (Offset(195.0, 96.0)) that would not hit test on the specified widget.
Maybe the widget is actually off-screen, or another widget is obscuring it, or the widget cannot receive pointer events.
The finder corresponds to this RenderBox: RenderClipRect#0df3c relayoutBoundary=up5
The hit test result at that offset is: HitTestResult(RenderPointerListener#61db0@Offset(28.5, 2.0), RenderSemanticsAnnotations#b7a86@Offset(28.5, 2.0), RenderMouseRegion#126d4@Offset(28.5, 2.0), RenderSemanticsAnnotations#72c31@Offset(28.5, 2.0), RenderMergeSemantics#42cc2@Offset(28.5, 2.0), _TabLabelBarRenderer#414c8@Offset(187.0, 2.0), RenderCustomPaint#61be0@Offset(187.0, 2.0), RenderSemanticsAnnotations#0a9f2@Offset(187.0, 2.0), RenderPadding#fc3f1@Offset(195.0, 2.0), _RenderSingleChildViewport#d487b@Offset(195.0, 2.0), RenderIgnorePointer#9a417@Offset(195.0, 2.0), RenderSemanticsAnnotations#19e4f@Offset(195.0, 2.0), RenderPointerListener#75574@Offset(195.0, 2.0), RenderSemanticsGestureHandler#45268@Offset(195.0, 2.0), RenderPointerListener#fa991@Offset(195.0, 2.0), _RenderScrollSemantics#2f4f4@Offset(195.0, 2.0), RenderPositionedBox#e0fbf@Offset(195.0, 2.0), _RenderInkFeatures#305fb@Offset(195.0, 2.0), RenderCustomPaint#ba08a@Offset(195.0, 2.0), RenderClipPath#ab6f3@Offset(195.0, 2.0), RenderFlex#86b70@Offset(195.0, 2.0), RenderConstrainedBox#00d14@Offset(195.0, 2.0), RenderConstrainedBox#54bed@Offset(195.0, 2.0), RenderPositionedBox#37dc3@Offset(195.0, 2.0), RenderPadding#db84b@Offset(195.0, 2.0), RenderCustomMultiChildLayoutBox#4bc76@Offset(195.0, 96.0), _RenderInkFeatures#a78d3@Offset(195.0, 96.0), RenderPhysicalModel#e7f9f@Offset(195.0, 96.0), RenderIndexedStack#9828b@Offset(195.0, 96.0), RenderAnimatedOpacity#3a594@Offset(195.0, 96.0), RenderClipRect#b6174@Offset(195.0, 96.0), _RenderLayoutBuilder#da0c2@Offset(195.0, 96.0), RenderCustomMultiChildLayoutBox#b8824@Offset(195.0, 96.0), _RenderInkFeatures#f8d6c@Offset(195.0, 96.0), RenderPhysicalModel#37695@Offset(195.0, 96.0), RenderSemanticsAnnotations#ab6e4@Offset(195.0, 96.0), RenderRepaintBoundary#ef00b@Offset(195.0, 96.0), RenderIgnorePointer#b0feb@Offset(195.0, 96.0), RenderAnimatedOpacity#c579b@Offset(195.0, 96.0), RenderRepaintBoundary#5215b@Offset(195.0, 96.0), RenderSemanticsAnnotations#653b2@Offset(195.0, 96.0), RenderOffstage#356a4@Offset(195.0, 96.0), RenderSemanticsAnnotations#7c503@Offset(195.0, 96.0), _RenderTheater#1a4c4@Offset(195.0, 96.0), RenderAbsorbPointer#6e37c@Offset(195.0, 96.0), RenderPointerListener#0789c@Offset(195.0, 96.0), RenderSemanticsAnnotations#164cc@Offset(195.0, 96.0), RenderSemanticsAnnotations#90e81@Offset(195.0, 96.0), RenderSemanticsAnnotations#d0519@Offset(195.0, 96.0), RenderSemanticsAnnotations#11419@Offset(195.0, 96.0), RenderTapRegionSurface#3dcff@Offset(195.0, 96.0), RenderSemanticsAnnotations#a40fd@Offset(195.0, 96.0), RenderSemanticsAnnotations#d9248@Offset(195.0, 96.0), RenderRepaintBoundary#d2794@Offset(195.0, 96.0), HitTestEntry<HitTestTarget>#32605(_ReusableRenderView#0b3e1), HitTestEntry<HitTestTarget>#3caee(<AutomatedTestWidgetsFlutterBinding>))
#0      WidgetController._getElementPoint (package:flutter_test/src/controller.dart:2165:25)
#1      WidgetController.getCenter (package:flutter_test/src/controller.dart:1947:12)
#2      WidgetController.drag (package:flutter_test/src/controller.dart:1604:7)
#3      WidgetController.dragUntilVisible.<anonymous closure> (package:flutter_test/src/controller.dart:2483:17)
<asynchronous suspension>
#4      TestAsyncUtils.guard.<anonymous closure> (package:flutter_test/src/test_async_utils.dart:130:27)
<asynchronous suspension>
#5      WidgetController.scrollUntilVisible.<anonymous closure> (package:flutter_test/src/controller.dart:2439:7)
<asynchronous suspension>
#6      TestAsyncUtils.guard.<anonymous closure> (package:flutter_test/src/test_async_utils.dart:130:27)
<asynchronous suspension>
#7      main.<anonymous closure> (file:///home/runner/work/streetlift-apk/streetlift-apk/avant/test/visual_capture_test.dart:201:13)
<asynchronous suspension>
#8      testWidgets.<anonymous closure>.<anonymous closure> (package:flutter_test/src/widget_tester.dart:192:15)
<asynchronous suspension>
#9      TestWidgetsFlutterBinding._runTestBody (package:flutter_test/src/binding.dart:1953:5)
<asynchronous suspension>
#10     StackZoneSpecification._registerCallback.<anonymous closure> (package:stack_trace/src/stack_zone_specification.dart:114:42)
<asynchronous suspension>
To silence this warning, pass "warnIfMissed: false" to "drag()".
To make this warning fatal, set WidgetController.hitTestWarningShouldBeFatal to true.


Warning: A call to drag() with finder "Found 1 widget with type "Scrollable" descending from widget with type "StatsScreen" (ignoring all but last): [
  Scrollable(axisDirection: right, physics: null, restorationId: null, dependencies: [InheritedCupertinoTheme, MediaQuery, ScrollConfiguration, UnmanagedRestorationScope, _InheritedTheme, _LocalizationsScope-[GlobalKey#0a849]], state: ScrollableState#a9e47(position: ScrollPositionWithSingleContext#1c9e8(offset: 280.0, range: 0.0..768.0, viewport: 350.0, ScrollableState, ClampingScrollPhysics -> RangeMaintainingScrollPhysics, IdleScrollActivity#fe6b7, ScrollDirection.idle), effective physics: ClampingScrollPhysics -> RangeMaintainingScrollPhysics)),
]" derived an Offset (Offset(195.0, 96.0)) that would not hit test on the specified widget.
Maybe the widget is actually off-screen, or another widget is obscuring it, or the widget cannot receive pointer events.
The finder corresponds to this RenderBox: RenderClipRect#0df3c relayoutBoundary=up5
The hit test result at that offset is: HitTestResult(RenderPointerListener#61db0@Offset(28.5, 2.0), RenderSemanticsAnnotations#b7a86@Offset(28.5, 2.0), RenderMouseRegion#126d4@Offset(28.5, 2.0), RenderSemanticsAnnotations#72c31@Offset(28.5, 2.0), RenderMergeSemantics#42cc2@Offset(28.5, 2.0), _TabLabelBarRenderer#414c8@Offset(187.0, 2.0), RenderCustomPaint#61be0@Offset(187.0, 2.0), RenderSemanticsAnnotations#0a9f2@Offset(187.0, 2.0), RenderPadding#fc3f1@Offset(195.0, 2.0), _RenderSingleChildViewport#d487b@Offset(195.0, 2.0), RenderIgnorePointer#9a417@Offset(195.0, 2.0), RenderSemanticsAnnotations#19e4f@Offset(195.0, 2.0), RenderPointerListener#75574@Offset(195.0, 2.0), RenderSemanticsGestureHandler#45268@Offset(195.0, 2.0), RenderPointerListener#fa991@Offset(195.0, 2.0), _RenderScrollSemantics#2f4f4@Offset(195.0, 2.0), RenderPositionedBox#e0fbf@Offset(195.0, 2.0), _RenderInkFeatures#305fb@Offset(195.0, 2.0), RenderCustomPaint#ba08a@Offset(195.0, 2.0), RenderClipPath#ab6f3@Offset(195.0, 2.0), RenderFlex#86b70@Offset(195.0, 2.0), RenderConstrainedBox#00d14@Offset(195.0, 2.0), RenderConstrainedBox#54bed@Offset(195.0, 2.0), RenderPositionedBox#37dc3@Offset(195.0, 2.0), RenderPadding#db84b@Offset(195.0, 2.0), RenderCustomMultiChildLayoutBox#4bc76@Offset(195.0, 96.0), _RenderInkFeatures#a78d3@Offset(195.0, 96.0), RenderPhysicalModel#e7f9f@Offset(195.0, 96.0), RenderIndexedStack#9828b@Offset(195.0, 96.0), RenderAnimatedOpacity#3a594@Offset(195.0, 96.0), RenderClipRect#b6174@Offset(195.0, 96.0), _RenderLayoutBuilder#da0c2@Offset(195.0, 96.0), RenderCustomMultiChildLayoutBox#b8824@Offset(195.0, 96.0), _RenderInkFeatures#f8d6c@Offset(195.0, 96.0), RenderPhysicalModel#37695@Offset(195.0, 96.0), RenderSemanticsAnnotations#ab6e4@Offset(195.0, 96.0), RenderRepaintBoundary#ef00b@Offset(195.0, 96.0), RenderIgnorePointer#b0feb@Offset(195.0, 96.0), RenderAnimatedOpacity#c579b@Offset(195.0, 96.0), RenderRepaintBoundary#5215b@Offset(195.0, 96.0), RenderSemanticsAnnotations#653b2@Offset(195.0, 96.0), RenderOffstage#356a4@Offset(195.0, 96.0), RenderSemanticsAnnotations#7c503@Offset(195.0, 96.0), _RenderTheater#1a4c4@Offset(195.0, 96.0), RenderAbsorbPointer#6e37c@Offset(195.0, 96.0), RenderPointerListener#0789c@Offset(195.0, 96.0), RenderSemanticsAnnotations#164cc@Offset(195.0, 96.0), RenderSemanticsAnnotations#90e81@Offset(195.0, 96.0), RenderSemanticsAnnotations#d0519@Offset(195.0, 96.0), RenderSemanticsAnnotations#11419@Offset(195.0, 96.0), RenderTapRegionSurface#3dcff@Offset(195.0, 96.0), RenderSemanticsAnnotations#a40fd@Offset(195.0, 96.0), RenderSemanticsAnnotations#d9248@Offset(195.0, 96.0), RenderRepaintBoundary#d2794@Offset(195.0, 96.0), HitTestEntry<HitTestTarget>#85c59(_ReusableRenderView#0b3e1), HitTestEntry<HitTestTarget>#5c5a9(<AutomatedTestWidgetsFlutterBinding>))
#0      WidgetController._getElementPoint (package:flutter_test/src/controller.dart:2165:25)
#1      WidgetController.getCenter (package:flutter_test/src/controller.dart:1947:12)
#2      WidgetController.drag (package:flutter_test/src/controller.dart:1604:7)
#3      WidgetController.dragUntilVisible.<anonymous closure> (package:flutter_test/src/controller.dart:2483:17)
<asynchronous suspension>
#4      TestAsyncUtils.guard.<anonymous closure> (package:flutter_test/src/test_async_utils.dart:130:27)
<asynchronous suspension>
#5      WidgetController.scrollUntilVisible.<anonymous closure> (package:flutter_test/src/controller.dart:2439:7)
<asynchronous suspension>
#6      TestAsyncUtils.guard.<anonymous closure> (package:flutter_test/src/test_async_utils.dart:130:27)
<asynchronous suspension>
#7      main.<anonymous closure> (file:///home/runner/work/streetlift-apk/streetlift-apk/avant/test/visual_capture_test.dart:201:13)
<asynchronous suspension>
#8      testWidgets.<anonymous closure>.<anonymous closure> (package:flutter_test/src/widget_tester.dart:192:15)
<asynchronous suspension>
#9      TestWidgetsFlutterBinding._runTestBody (package:flutter_test/src/binding.dart:1953:5)
<asynchronous suspension>
#10     StackZoneSpecification._registerCallback.<anonymous closure> (package:stack_trace/src/stack_zone_specification.dart:114:42)
<asynchronous suspension>
To silence this warning, pass "warnIfMissed: false" to "drag()".
To make this warning fatal, set WidgetController.hitTestWarningShouldBeFatal to true.


Warning: A call to drag() with finder "Found 1 widget with type "Scrollable" descending from widget with type "StatsScreen" (ignoring all but last): [
  Scrollable(axisDirection: right, physics: null, restorationId: null, dependencies: [InheritedCupertinoTheme, MediaQuery, ScrollConfiguration, UnmanagedRestorationScope, _InheritedTheme, _LocalizationsScope-[GlobalKey#0a849]], state: ScrollableState#a9e47(position: ScrollPositionWithSingleContext#1c9e8(offset: 280.0, range: 0.0..768.0, viewport: 350.0, ScrollableState, ClampingScrollPhysics -> RangeMaintainingScrollPhysics, IdleScrollActivity#fe6b7, ScrollDirection.idle), effective physics: ClampingScrollPhysics -> RangeMaintainingScrollPhysics)),
]" derived an Offset (Offset(195.0, 96.0)) that would not hit test on the specified widget.
Maybe the widget is actually off-screen, or another widget is obscuring it, or the widget cannot receive pointer events.
The finder corresponds to this RenderBox: RenderClipRect#0df3c relayoutBoundary=up5
The hit test result at that offset is: HitTestResult(RenderPointerListener#61db0@Offset(28.5, 2.0), RenderSemanticsAnnotations#b7a86@Offset(28.5, 2.0), RenderMouseRegion#126d4@Offset(28.5, 2.0), RenderSemanticsAnnotations#72c31@Offset(28.5, 2.0), RenderMergeSemantics#42cc2@Offset(28.5, 2.0), _TabLabelBarRenderer#414c8@Offset(187.0, 2.0), RenderCustomPaint#61be0@Offset(187.0, 2.0), RenderSemanticsAnnotations#0a9f2@Offset(187.0, 2.0), RenderPadding#fc3f1@Offset(195.0, 2.0), _RenderSingleChildViewport#d487b@Offset(195.0, 2.0), RenderIgnorePointer#9a417@Offset(195.0, 2.0), RenderSemanticsAnnotations#19e4f@Offset(195.0, 2.0), RenderPointerListener#75574@Offset(195.0, 2.0), RenderSemanticsGestureHandler#45268@Offset(195.0, 2.0), RenderPointerListener#fa991@Offset(195.0, 2.0), _RenderScrollSemantics#2f4f4@Offset(195.0, 2.0), RenderPositionedBox#e0fbf@Offset(195.0, 2.0), _RenderInkFeatures#305fb@Offset(195.0, 2.0), RenderCustomPaint#ba08a@Offset(195.0, 2.0), RenderClipPath#ab6f3@Offset(195.0, 2.0), RenderFlex#86b70@Offset(195.0, 2.0), RenderConstrainedBox#00d14@Offset(195.0, 2.0), RenderConstrainedBox#54bed@Offset(195.0, 2.0), RenderPositionedBox#37dc3@Offset(195.0, 2.0), RenderPadding#db84b@Offset(195.0, 2.0), RenderCustomMultiChildLayoutBox#4bc76@Offset(195.0, 96.0), _RenderInkFeatures#a78d3@Offset(195.0, 96.0), RenderPhysicalModel#e7f9f@Offset(195.0, 96.0), RenderIndexedStack#9828b@Offset(195.0, 96.0), RenderAnimatedOpacity#3a594@Offset(195.0, 96.0), RenderClipRect#b6174@Offset(195.0, 96.0), _RenderLayoutBuilder#da0c2@Offset(195.0, 96.0), RenderCustomMultiChildLayoutBox#b8824@Offset(195.0, 96.0), _RenderInkFeatures#f8d6c@Offset(195.0, 96.0), RenderPhysicalModel#37695@Offset(195.0, 96.0), RenderSemanticsAnnotations#ab6e4@Offset(195.0, 96.0), RenderRepaintBoundary#ef00b@Offset(195.0, 96.0), RenderIgnorePointer#b0feb@Offset(195.0, 96.0), RenderAnimatedOpacity#c579b@Offset(195.0, 96.0), RenderRepaintBoundary#5215b@Offset(195.0, 96.0), RenderSemanticsAnnotations#653b2@Offset(195.0, 96.0), RenderOffstage#356a4@Offset(195.0, 96.0), RenderSemanticsAnnotations#7c503@Offset(195.0, 96.0), _RenderTheater#1a4c4@Offset(195.0, 96.0), RenderAbsorbPointer#6e37c@Offset(195.0, 96.0), RenderPointerListener#0789c@Offset(195.0, 96.0), RenderSemanticsAnnotations#164cc@Offset(195.0, 96.0), RenderSemanticsAnnotations#90e81@Offset(195.0, 96.0), RenderSemanticsAnnotations#d0519@Offset(195.0, 96.0), RenderSemanticsAnnotations#11419@Offset(195.0, 96.0), RenderTapRegionSurface#3dcff@Offset(195.0, 96.0), RenderSemanticsAnnotations#a40fd@Offset(195.0, 96.0), RenderSemanticsAnnotations#d9248@Offset(195.0, 96.0), RenderRepaintBoundary#d2794@Offset(195.0, 96.0), HitTestEntry<HitTestTarget>#6d952(_ReusableRenderView#0b3e1), HitTestEntry<HitTestTarget>#5bfbc(<AutomatedTestWidgetsFlutterBinding>))
#0      WidgetController._getElementPoint (package:flutter_test/src/controller.dart:2165:25)
#1      WidgetController.getCenter (package:flutter_test/src/controller.dart:1947:12)
#2      WidgetController.drag (package:flutter_test/src/controller.dart:1604:7)
#3      WidgetController.dragUntilVisible.<anonymous closure> (package:flutter_test/src/controller.dart:2483:17)
<asynchronous suspension>
#4      TestAsyncUtils.guard.<anonymous closure> (package:flutter_test/src/test_async_utils.dart:130:27)
<asynchronous suspension>
#5      WidgetController.scrollUntilVisible.<anonymous closure> (package:flutter_test/src/controller.dart:2439:7)
<asynchronous suspension>
#6      TestAsyncUtils.guard.<anonymous closure> (package:flutter_test/src/test_async_utils.dart:130:27)
<asynchronous suspension>
#7      main.<anonymous closure> (file:///home/runner/work/streetlift-apk/streetlift-apk/avant/test/visual_capture_test.dart:201:13)
<asynchronous suspension>
#8      testWidgets.<anonymous closure>.<anonymous closure> (package:flutter_test/src/widget_tester.dart:192:15)
<asynchronous suspension>
#9      TestWidgetsFlutterBinding._runTestBody (package:flutter_test/src/binding.dart:1953:5)
<asynchronous suspension>
#10     StackZoneSpecification._registerCallback.<anonymous closure> (package:stack_trace/src/stack_zone_specification.dart:114:42)
<asynchronous suspension>
To silence this warning, pass "warnIfMissed: false" to "drag()".
To make this warning fatal, set WidgetController.hitTestWarningShouldBeFatal to true.


Warning: A call to drag() with finder "Found 1 widget with type "Scrollable" descending from widget with type "StatsScreen" (ignoring all but last): [
  Scrollable(axisDirection: right, physics: null, restorationId: null, dependencies: [InheritedCupertinoTheme, MediaQuery, ScrollConfiguration, UnmanagedRestorationScope, _InheritedTheme, _LocalizationsScope-[GlobalKey#0a849]], state: ScrollableState#a9e47(position: ScrollPositionWithSingleContext#1c9e8(offset: 280.0, range: 0.0..768.0, viewport: 350.0, ScrollableState, ClampingScrollPhysics -> RangeMaintainingScrollPhysics, IdleScrollActivity#fe6b7, ScrollDirection.idle), effective physics: ClampingScrollPhysics -> RangeMaintainingScrollPhysics)),
]" derived an Offset (Offset(195.0, 96.0)) that would not hit test on the specified widget.
Maybe the widget is actually off-screen, or another widget is obscuring it, or the widget cannot receive pointer events.
The finder corresponds to this RenderBox: RenderClipRect#0df3c relayoutBoundary=up5
The hit test result at that offset is: HitTestResult(RenderPointerListener#61db0@Offset(28.5, 2.0), RenderSemanticsAnnotations#b7a86@Offset(28.5, 2.0), RenderMouseRegion#126d4@Offset(28.5, 2.0), RenderSemanticsAnnotations#72c31@Offset(28.5, 2.0), RenderMergeSemantics#42cc2@Offset(28.5, 2.0), _TabLabelBarRenderer#414c8@Offset(187.0, 2.0), RenderCustomPaint#61be0@Offset(187.0, 2.0), RenderSemanticsAnnotations#0a9f2@Offset(187.0, 2.0), RenderPadding#fc3f1@Offset(195.0, 2.0), _RenderSingleChildViewport#d487b@Offset(195.0, 2.0), RenderIgnorePointer#9a417@Offset(195.0, 2.0), RenderSemanticsAnnotations#19e4f@Offset(195.0, 2.0), RenderPointerListener#75574@Offset(195.0, 2.0), RenderSemanticsGestureHandler#45268@Offset(195.0, 2.0), RenderPointerListener#fa991@Offset(195.0, 2.0), _RenderScrollSemantics#2f4f4@Offset(195.0, 2.0), RenderPositionedBox#e0fbf@Offset(195.0, 2.0), _RenderInkFeatures#305fb@Offset(195.0, 2.0), RenderCustomPaint#ba08a@Offset(195.0, 2.0), RenderClipPath#ab6f3@Offset(195.0, 2.0), RenderFlex#86b70@Offset(195.0, 2.0), RenderConstrainedBox#00d14@Offset(195.0, 2.0), RenderConstrainedBox#54bed@Offset(195.0, 2.0), RenderPositionedBox#37dc3@Offset(195.0, 2.0), RenderPadding#db84b@Offset(195.0, 2.0), RenderCustomMultiChildLayoutBox#4bc76@Offset(195.0, 96.0), _RenderInkFeatures#a78d3@Offset(195.0, 96.0), RenderPhysicalModel#e7f9f@Offset(195.0, 96.0), RenderIndexedStack#9828b@Offset(195.0, 96.0), RenderAnimatedOpacity#3a594@Offset(195.0, 96.0), RenderClipRect#b6174@Offset(195.0, 96.0), _RenderLayoutBuilder#da0c2@Offset(195.0, 96.0), RenderCustomMultiChildLayoutBox#b8824@Offset(195.0, 96.0), _RenderInkFeatures#f8d6c@Offset(195.0, 96.0), RenderPhysicalModel#37695@Offset(195.0, 96.0), RenderSemanticsAnnotations#ab6e4@Offset(195.0, 96.0), RenderRepaintBoundary#ef00b@Offset(195.0, 96.0), RenderIgnorePointer#b0feb@Offset(195.0, 96.0), RenderAnimatedOpacity#c579b@Offset(195.0, 96.0), RenderRepaintBoundary#5215b@Offset(195.0, 96.0), RenderSemanticsAnnotations#653b2@Offset(195.0, 96.0), RenderOffstage#356a4@Offset(195.0, 96.0), RenderSemanticsAnnotations#7c503@Offset(195.0, 96.0), _RenderTheater#1a4c4@Offset(195.0, 96.0), RenderAbsorbPointer#6e37c@Offset(195.0, 96.0), RenderPointerListener#0789c@Offset(195.0, 96.0), RenderSemanticsAnnotations#164cc@Offset(195.0, 96.0), RenderSemanticsAnnotations#90e81@Offset(195.0, 96.0), RenderSemanticsAnnotations#d0519@Offset(195.0, 96.0), RenderSemanticsAnnotations#11419@Offset(195.0, 96.0), RenderTapRegionSurface#3dcff@Offset(195.0, 96.0), RenderSemanticsAnnotations#a40fd@Offset(195.0, 96.0), RenderSemanticsAnnotations#d9248@Offset(195.0, 96.0), RenderRepaintBoundary#d2794@Offset(195.0, 96.0), HitTestEntry<HitTestTarget>#1fee6(_ReusableRenderView#0b3e1), HitTestEntry<HitTestTarget>#9c86a(<AutomatedTestWidgetsFlutterBinding>))
#0      WidgetController._getElementPoint (package:flutter_test/src/controller.dart:2165:25)
#1      WidgetController.getCenter (package:flutter_test/src/controller.dart:1947:12)
#2      WidgetController.drag (package:flutter_test/src/controller.dart:1604:7)
#3      WidgetController.dragUntilVisible.<anonymous closure> (package:flutter_test/src/controller.dart:2483:17)
<asynchronous suspension>
#4      TestAsyncUtils.guard.<anonymous closure> (package:flutter_test/src/test_async_utils.dart:130:27)
<asynchronous suspension>
#5      WidgetController.scrollUntilVisible.<anonymous closure> (package:flutter_test/src/controller.dart:2439:7)
<asynchronous suspension>
#6      TestAsyncUtils.guard.<anonymous closure> (package:flutter_test/src/test_async_utils.dart:130:27)
<asynchronous suspension>
#7      main.<anonymous closure> (file:///home/runner/work/streetlift-apk/streetlift-apk/avant/test/visual_capture_test.dart:201:13)
<asynchronous suspension>
#8      testWidgets.<anonymous closure>.<anonymous closure> (package:flutter_test/src/widget_tester.dart:192:15)
<asynchronous suspension>
#9      TestWidgetsFlutterBinding._runTestBody (package:flutter_test/src/binding.dart:1953:5)
<asynchronous suspension>
#10     StackZoneSpecification._registerCallback.<anonymous closure> (package:stack_trace/src/stack_zone_specification.dart:114:42)
<asynchronous suspension>
To silence this warning, pass "warnIfMissed: false" to "drag()".
To make this warning fatal, set WidgetController.hitTestWarningShouldBeFatal to true.


Warning: A call to drag() with finder "Found 1 widget with type "Scrollable" descending from widget with type "StatsScreen" (ignoring all but last): [
  Scrollable(axisDirection: right, physics: null, restorationId: null, dependencies: [InheritedCupertinoTheme, MediaQuery, ScrollConfiguration, UnmanagedRestorationScope, _InheritedTheme, _LocalizationsScope-[GlobalKey#0a849]], state: ScrollableState#a9e47(position: ScrollPositionWithSingleContext#1c9e8(offset: 280.0, range: 0.0..768.0, viewport: 350.0, ScrollableState, ClampingScrollPhysics -> RangeMaintainingScrollPhysics, IdleScrollActivity#fe6b7, ScrollDirection.idle), effective physics: ClampingScrollPhysics -> RangeMaintainingScrollPhysics)),
]" derived an Offset (Offset(195.0, 96.0)) that would not hit test on the specified widget.
Maybe the widget is actually off-screen, or another widget is obscuring it, or the widget cannot receive pointer events.
The finder corresponds to this RenderBox: RenderClipRect#0df3c relayoutBoundary=up5
The hit test result at that offset is: HitTestResult(RenderPointerListener#61db0@Offset(28.5, 2.0), RenderSemanticsAnnotations#b7a86@Offset(28.5, 2.0), RenderMouseRegion#126d4@Offset(28.5, 2.0), RenderSemanticsAnnotations#72c31@Offset(28.5, 2.0), RenderMergeSemantics#42cc2@Offset(28.5, 2.0), _TabLabelBarRenderer#414c8@Offset(187.0, 2.0), RenderCustomPaint#61be0@Offset(187.0, 2.0), RenderSemanticsAnnotations#0a9f2@Offset(187.0, 2.0), RenderPadding#fc3f1@Offset(195.0, 2.0), _RenderSingleChildViewport#d487b@Offset(195.0, 2.0), RenderIgnorePointer#9a417@Offset(195.0, 2.0), RenderSemanticsAnnotations#19e4f@Offset(195.0, 2.0), RenderPointerListener#75574@Offset(195.0, 2.0), RenderSemanticsGestureHandler#45268@Offset(195.0, 2.0), RenderPointerListener#fa991@Offset(195.0, 2.0), _RenderScrollSemantics#2f4f4@Offset(195.0, 2.0), RenderPositionedBox#e0fbf@Offset(195.0, 2.0), _RenderInkFeatures#305fb@Offset(195.0, 2.0), RenderCustomPaint#ba08a@Offset(195.0, 2.0), RenderClipPath#ab6f3@Offset(195.0, 2.0), RenderFlex#86b70@Offset(195.0, 2.0), RenderConstrainedBox#00d14@Offset(195.0, 2.0), RenderConstrainedBox#54bed@Offset(195.0, 2.0), RenderPositionedBox#37dc3@Offset(195.0, 2.0), RenderPadding#db84b@Offset(195.0, 2.0), RenderCustomMultiChildLayoutBox#4bc76@Offset(195.0, 96.0), _RenderInkFeatures#a78d3@Offset(195.0, 96.0), RenderPhysicalModel#e7f9f@Offset(195.0, 96.0), RenderIndexedStack#9828b@Offset(195.0, 96.0), RenderAnimatedOpacity#3a594@Offset(195.0, 96.0), RenderClipRect#b6174@Offset(195.0, 96.0), _RenderLayoutBuilder#da0c2@Offset(195.0, 96.0), RenderCustomMultiChildLayoutBox#b8824@Offset(195.0, 96.0), _RenderInkFeatures#f8d6c@Offset(195.0, 96.0), RenderPhysicalModel#37695@Offset(195.0, 96.0), RenderSemanticsAnnotations#ab6e4@Offset(195.0, 96.0), RenderRepaintBoundary#ef00b@Offset(195.0, 96.0), RenderIgnorePointer#b0feb@Offset(195.0, 96.0), RenderAnimatedOpacity#c579b@Offset(195.0, 96.0), RenderRepaintBoundary#5215b@Offset(195.0, 96.0), RenderSemanticsAnnotations#653b2@Offset(195.0, 96.0), RenderOffstage#356a4@Offset(195.0, 96.0), RenderSemanticsAnnotations#7c503@Offset(195.0, 96.0), _RenderTheater#1a4c4@Offset(195.0, 96.0), RenderAbsorbPointer#6e37c@Offset(195.0, 96.0), RenderPointerListener#0789c@Offset(195.0, 96.0), RenderSemanticsAnnotations#164cc@Offset(195.0, 96.0), RenderSemanticsAnnotations#90e81@Offset(195.0, 96.0), RenderSemanticsAnnotations#d0519@Offset(195.0, 96.0), RenderSemanticsAnnotations#11419@Offset(195.0, 96.0), RenderTapRegionSurface#3dcff@Offset(195.0, 96.0), RenderSemanticsAnnotations#a40fd@Offset(195.0, 96.0), RenderSemanticsAnnotations#d9248@Offset(195.0, 96.0), RenderRepaintBoundary#d2794@Offset(195.0, 96.0), HitTestEntry<HitTestTarget>#b9353(_ReusableRenderView#0b3e1), HitTestEntry<HitTestTarget>#a9fed(<AutomatedTestWidgetsFlutterBinding>))
#0      WidgetController._getElementPoint (package:flutter_test/src/controller.dart:2165:25)
#1      WidgetController.getCenter (package:flutter_test/src/controller.dart:1947:12)
#2      WidgetController.drag (package:flutter_test/src/controller.dart:1604:7)
#3      WidgetController.dragUntilVisible.<anonymous closure> (package:flutter_test/src/controller.dart:2483:17)
<asynchronous suspension>
#4      TestAsyncUtils.guard.<anonymous closure> (package:flutter_test/src/test_async_utils.dart:130:27)
<asynchronous suspension>
#5      WidgetController.scrollUntilVisible.<anonymous closure> (package:flutter_test/src/controller.dart:2439:7)
<asynchronous suspension>
#6      TestAsyncUtils.guard.<anonymous closure> (package:flutter_test/src/test_async_utils.dart:130:27)
<asynchronous suspension>
#7      main.<anonymous closure> (file:///home/runner/work/streetlift-apk/streetlift-apk/avant/test/visual_capture_test.dart:201:13)
<asynchronous suspension>
#8      testWidgets.<anonymous closure>.<anonymous closure> (package:flutter_test/src/widget_tester.dart:192:15)
<asynchronous suspension>
#9      TestWidgetsFlutterBinding._runTestBody (package:flutter_test/src/binding.dart:1953:5)
<asynchronous suspension>
#10     StackZoneSpecification._registerCallback.<anonymous closure> (package:stack_trace/src/stack_zone_specification.dart:114:42)
<asynchronous suspension>
To silence this warning, pass "warnIfMissed: false" to "drag()".
To make this warning fatal, set WidgetController.hitTestWarningShouldBeFatal to true.


Warning: A call to drag() with finder "Found 1 widget with type "Scrollable" descending from widget with type "StatsScreen" (ignoring all but last): [
  Scrollable(axisDirection: right, physics: null, restorationId: null, dependencies: [InheritedCupertinoTheme, MediaQuery, ScrollConfiguration, UnmanagedRestorationScope, _InheritedTheme, _LocalizationsScope-[GlobalKey#0a849]], state: ScrollableState#a9e47(position: ScrollPositionWithSingleContext#1c9e8(offset: 280.0, range: 0.0..768.0, viewport: 350.0, ScrollableState, ClampingScrollPhysics -> RangeMaintainingScrollPhysics, IdleScrollActivity#fe6b7, ScrollDirection.idle), effective physics: ClampingScrollPhysics -> RangeMaintainingScrollPhysics)),
]" derived an Offset (Offset(195.0, 96.0)) that would not hit test on the specified widget.
Maybe the widget is actually off-screen, or another widget is obscuring it, or the widget cannot receive pointer events.
The finder corresponds to this RenderBox: RenderClipRect#0df3c relayoutBoundary=up5
The hit test result at that offset is: HitTestResult(RenderPointerListener#61db0@Offset(28.5, 2.0), RenderSemanticsAnnotations#b7a86@Offset(28.5, 2.0), RenderMouseRegion#126d4@Offset(28.5, 2.0), RenderSemanticsAnnotations#72c31@Offset(28.5, 2.0), RenderMergeSemantics#42cc2@Offset(28.5, 2.0), _TabLabelBarRenderer#414c8@Offset(187.0, 2.0), RenderCustomPaint#61be0@Offset(187.0, 2.0), RenderSemanticsAnnotations#0a9f2@Offset(187.0, 2.0), RenderPadding#fc3f1@Offset(195.0, 2.0), _RenderSingleChildViewport#d487b@Offset(195.0, 2.0), RenderIgnorePointer#9a417@Offset(195.0, 2.0), RenderSemanticsAnnotations#19e4f@Offset(195.0, 2.0), RenderPointerListener#75574@Offset(195.0, 2.0), RenderSemanticsGestureHandler#45268@Offset(195.0, 2.0), RenderPointerListener#fa991@Offset(195.0, 2.0), _RenderScrollSemantics#2f4f4@Offset(195.0, 2.0), RenderPositionedBox#e0fbf@Offset(195.0, 2.0), _RenderInkFeatures#305fb@Offset(195.0, 2.0), RenderCustomPaint#ba08a@Offset(195.0, 2.0), RenderClipPath#ab6f3@Offset(195.0, 2.0), RenderFlex#86b70@Offset(195.0, 2.0), RenderConstrainedBox#00d14@Offset(195.0, 2.0), RenderConstrainedBox#54bed@Offset(195.0, 2.0), RenderPositionedBox#37dc3@Offset(195.0, 2.0), RenderPadding#db84b@Offset(195.0, 2.0), RenderCustomMultiChildLayoutBox#4bc76@Offset(195.0, 96.0), _RenderInkFeatures#a78d3@Offset(195.0, 96.0), RenderPhysicalModel#e7f9f@Offset(195.0, 96.0), RenderIndexedStack#9828b@Offset(195.0, 96.0), RenderAnimatedOpacity#3a594@Offset(195.0, 96.0), RenderClipRect#b6174@Offset(195.0, 96.0), _RenderLayoutBuilder#da0c2@Offset(195.0, 96.0), RenderCustomMultiChildLayoutBox#b8824@Offset(195.0, 96.0), _RenderInkFeatures#f8d6c@Offset(195.0, 96.0), RenderPhysicalModel#37695@Offset(195.0, 96.0), RenderSemanticsAnnotations#ab6e4@Offset(195.0, 96.0), RenderRepaintBoundary#ef00b@Offset(195.0, 96.0), RenderIgnorePointer#b0feb@Offset(195.0, 96.0), RenderAnimatedOpacity#c579b@Offset(195.0, 96.0), RenderRepaintBoundary#5215b@Offset(195.0, 96.0), RenderSemanticsAnnotations#653b2@Offset(195.0, 96.0), RenderOffstage#356a4@Offset(195.0, 96.0), RenderSemanticsAnnotations#7c503@Offset(195.0, 96.0), _RenderTheater#1a4c4@Offset(195.0, 96.0), RenderAbsorbPointer#6e37c@Offset(195.0, 96.0), RenderPointerListener#0789c@Offset(195.0, 96.0), RenderSemanticsAnnotations#164cc@Offset(195.0, 96.0), RenderSemanticsAnnotations#90e81@Offset(195.0, 96.0), RenderSemanticsAnnotations#d0519@Offset(195.0, 96.0), RenderSemanticsAnnotations#11419@Offset(195.0, 96.0), RenderTapRegionSurface#3dcff@Offset(195.0, 96.0), RenderSemanticsAnnotations#a40fd@Offset(195.0, 96.0), RenderSemanticsAnnotations#d9248@Offset(195.0, 96.0), RenderRepaintBoundary#d2794@Offset(195.0, 96.0), HitTestEntry<HitTestTarget>#72b63(_ReusableRenderView#0b3e1), HitTestEntry<HitTestTarget>#2a9d6(<AutomatedTestWidgetsFlutterBinding>))
#0      WidgetController._getElementPoint (package:flutter_test/src/controller.dart:2165:25)
#1      WidgetController.getCenter (package:flutter_test/src/controller.dart:1947:12)
#2      WidgetController.drag (package:flutter_test/src/controller.dart:1604:7)
#3      WidgetController.dragUntilVisible.<anonymous closure> (package:flutter_test/src/controller.dart:2483:17)
<asynchronous suspension>
#4      TestAsyncUtils.guard.<anonymous closure> (package:flutter_test/src/test_async_utils.dart:130:27)
<asynchronous suspension>
#5      WidgetController.scrollUntilVisible.<anonymous closure> (package:flutter_test/src/controller.dart:2439:7)
<asynchronous suspension>
#6      TestAsyncUtils.guard.<anonymous closure> (package:flutter_test/src/test_async_utils.dart:130:27)
<asynchronous suspension>
#7      main.<anonymous closure> (file:///home/runner/work/streetlift-apk/streetlift-apk/avant/test/visual_capture_test.dart:201:13)
<asynchronous suspension>
#8      testWidgets.<anonymous closure>.<anonymous closure> (package:flutter_test/src/widget_tester.dart:192:15)
<asynchronous suspension>
#9      TestWidgetsFlutterBinding._runTestBody (package:flutter_test/src/binding.dart:1953:5)
<asynchronous suspension>
#10     StackZoneSpecification._registerCallback.<anonymous closure> (package:stack_trace/src/stack_zone_specification.dart:114:42)
<asynchronous suspension>
To silence this warning, pass "warnIfMissed: false" to "drag()".
To make this warning fatal, set WidgetController.hitTestWarningShouldBeFatal to true.


Warning: A call to drag() with finder "Found 1 widget with type "Scrollable" descending from widget with type "StatsScreen" (ignoring all but last): [
  Scrollable(axisDirection: right, physics: null, restorationId: null, dependencies: [InheritedCupertinoTheme, MediaQuery, ScrollConfiguration, UnmanagedRestorationScope, _InheritedTheme, _LocalizationsScope-[GlobalKey#0a849]], state: ScrollableState#a9e47(position: ScrollPositionWithSingleContext#1c9e8(offset: 280.0, range: 0.0..768.0, viewport: 350.0, ScrollableState, ClampingScrollPhysics -> RangeMaintainingScrollPhysics, IdleScrollActivity#fe6b7, ScrollDirection.idle), effective physics: ClampingScrollPhysics -> RangeMaintainingScrollPhysics)),
]" derived an Offset (Offset(195.0, 96.0)) that would not hit test on the specified widget.
Maybe the widget is actually off-screen, or another widget is obscuring it, or the widget cannot receive pointer events.
The finder corresponds to this RenderBox: RenderClipRect#0df3c relayoutBoundary=up5
The hit test result at that offset is: HitTestResult(RenderPointerListener#61db0@Offset(28.5, 2.0), RenderSemanticsAnnotations#b7a86@Offset(28.5, 2.0), RenderMouseRegion#126d4@Offset(28.5, 2.0), RenderSemanticsAnnotations#72c31@Offset(28.5, 2.0), RenderMergeSemantics#42cc2@Offset(28.5, 2.0), _TabLabelBarRenderer#414c8@Offset(187.0, 2.0), RenderCustomPaint#61be0@Offset(187.0, 2.0), RenderSemanticsAnnotations#0a9f2@Offset(187.0, 2.0), RenderPadding#fc3f1@Offset(195.0, 2.0), _RenderSingleChildViewport#d487b@Offset(195.0, 2.0), RenderIgnorePointer#9a417@Offset(195.0, 2.0), RenderSemanticsAnnotations#19e4f@Offset(195.0, 2.0), RenderPointerListener#75574@Offset(195.0, 2.0), RenderSemanticsGestureHandler#45268@Offset(195.0, 2.0), RenderPointerListener#fa991@Offset(195.0, 2.0), _RenderScrollSemantics#2f4f4@Offset(195.0, 2.0), RenderPositionedBox#e0fbf@Offset(195.0, 2.0), _RenderInkFeatures#305fb@Offset(195.0, 2.0), RenderCustomPaint#ba08a@Offset(195.0, 2.0), RenderClipPath#ab6f3@Offset(195.0, 2.0), RenderFlex#86b70@Offset(195.0, 2.0), RenderConstrainedBox#00d14@Offset(195.0, 2.0), RenderConstrainedBox#54bed@Offset(195.0, 2.0), RenderPositionedBox#37dc3@Offset(195.0, 2.0), RenderPadding#db84b@Offset(195.0, 2.0), RenderCustomMultiChildLayoutBox#4bc76@Offset(195.0, 96.0), _RenderInkFeatures#a78d3@Offset(195.0, 96.0), RenderPhysicalModel#e7f9f@Offset(195.0, 96.0), RenderIndexedStack#9828b@Offset(195.0, 96.0), RenderAnimatedOpacity#3a594@Offset(195.0, 96.0), RenderClipRect#b6174@Offset(195.0, 96.0), _RenderLayoutBuilder#da0c2@Offset(195.0, 96.0), RenderCustomMultiChildLayoutBox#b8824@Offset(195.0, 96.0), _RenderInkFeatures#f8d6c@Offset(195.0, 96.0), RenderPhysicalModel#37695@Offset(195.0, 96.0), RenderSemanticsAnnotations#ab6e4@Offset(195.0, 96.0), RenderRepaintBoundary#ef00b@Offset(195.0, 96.0), RenderIgnorePointer#b0feb@Offset(195.0, 96.0), RenderAnimatedOpacity#c579b@Offset(195.0, 96.0), RenderRepaintBoundary#5215b@Offset(195.0, 96.0), RenderSemanticsAnnotations#653b2@Offset(195.0, 96.0), RenderOffstage#356a4@Offset(195.0, 96.0), RenderSemanticsAnnotations#7c503@Offset(195.0, 96.0), _RenderTheater#1a4c4@Offset(195.0, 96.0), RenderAbsorbPointer#6e37c@Offset(195.0, 96.0), RenderPointerListener#0789c@Offset(195.0, 96.0), RenderSemanticsAnnotations#164cc@Offset(195.0, 96.0), RenderSemanticsAnnotations#90e81@Offset(195.0, 96.0), RenderSemanticsAnnotations#d0519@Offset(195.0, 96.0), RenderSemanticsAnnotations#11419@Offset(195.0, 96.0), RenderTapRegionSurface#3dcff@Offset(195.0, 96.0), RenderSemanticsAnnotations#a40fd@Offset(195.0, 96.0), RenderSemanticsAnnotations#d9248@Offset(195.0, 96.0), RenderRepaintBoundary#d2794@Offset(195.0, 96.0), HitTestEntry<HitTestTarget>#c1205(_ReusableRenderView#0b3e1), HitTestEntry<HitTestTarget>#88774(<AutomatedTestWidgetsFlutterBinding>))
#0      WidgetController._getElementPoint (package:flutter_test/src/controller.dart:2165:25)
#1      WidgetController.getCenter (package:flutter_test/src/controller.dart:1947:12)
#2      WidgetController.drag (package:flutter_test/src/controller.dart:1604:7)
#3      WidgetController.dragUntilVisible.<anonymous closure> (package:flutter_test/src/controller.dart:2483:17)
<asynchronous suspension>
#4      TestAsyncUtils.guard.<anonymous closure> (package:flutter_test/src/test_async_utils.dart:130:27)
<asynchronous suspension>
#5      WidgetController.scrollUntilVisible.<anonymous closure> (package:flutter_test/src/controller.dart:2439:7)
<asynchronous suspension>
#6      TestAsyncUtils.guard.<anonymous closure> (package:flutter_test/src/test_async_utils.dart:130:27)
<asynchronous suspension>
#7      main.<anonymous closure> (file:///home/runner/work/streetlift-apk/streetlift-apk/avant/test/visual_capture_test.dart:201:13)
<asynchronous suspension>
#8      testWidgets.<anonymous closure>.<anonymous closure> (package:flutter_test/src/widget_tester.dart:192:15)
<asynchronous suspension>
#9      TestWidgetsFlutterBinding._runTestBody (package:flutter_test/src/binding.dart:1953:5)
<asynchronous suspension>
#10     StackZoneSpecification._registerCallback.<anonymous closure> (package:stack_trace/src/stack_zone_specification.dart:114:42)
<asynchronous suspension>
To silence this warning, pass "warnIfMissed: false" to "drag()".
To make this warning fatal, set WidgetController.hitTestWarningShouldBeFatal to true.


Warning: A call to drag() with finder "Found 1 widget with type "Scrollable" descending from widget with type "StatsScreen" (ignoring all but last): [
  Scrollable(axisDirection: right, physics: null, restorationId: null, dependencies: [InheritedCupertinoTheme, MediaQuery, ScrollConfiguration, UnmanagedRestorationScope, _InheritedTheme, _LocalizationsScope-[GlobalKey#0a849]], state: ScrollableState#a9e47(position: ScrollPositionWithSingleContext#1c9e8(offset: 280.0, range: 0.0..768.0, viewport: 350.0, ScrollableState, ClampingScrollPhysics -> RangeMaintainingScrollPhysics, IdleScrollActivity#fe6b7, ScrollDirection.idle), effective physics: ClampingScrollPhysics -> RangeMaintainingScrollPhysics)),
]" derived an Offset (Offset(195.0, 96.0)) that would not hit test on the specified widget.
Maybe the widget is actually off-screen, or another widget is obscuring it, or the widget cannot receive pointer events.
The finder corresponds to this RenderBox: RenderClipRect#0df3c relayoutBoundary=up5
The hit test result at that offset is: HitTestResult(RenderPointerListener#61db0@Offset(28.5, 2.0), RenderSemanticsAnnotations#b7a86@Offset(28.5, 2.0), RenderMouseRegion#126d4@Offset(28.5, 2.0), RenderSemanticsAnnotations#72c31@Offset(28.5, 2.0), RenderMergeSemantics#42cc2@Offset(28.5, 2.0), _TabLabelBarRenderer#414c8@Offset(187.0, 2.0), RenderCustomPaint#61be0@Offset(187.0, 2.0), RenderSemanticsAnnotations#0a9f2@Offset(187.0, 2.0), RenderPadding#fc3f1@Offset(195.0, 2.0), _RenderSingleChildViewport#d487b@Offset(195.0, 2.0), RenderIgnorePointer#9a417@Offset(195.0, 2.0), RenderSemanticsAnnotations#19e4f@Offset(195.0, 2.0), RenderPointerListener#75574@Offset(195.0, 2.0), RenderSemanticsGestureHandler#45268@Offset(195.0, 2.0), RenderPointerListener#fa991@Offset(195.0, 2.0), _RenderScrollSemantics#2f4f4@Offset(195.0, 2.0), RenderPositionedBox#e0fbf@Offset(195.0, 2.0), _RenderInkFeatures#305fb@Offset(195.0, 2.0), RenderCustomPaint#ba08a@Offset(195.0, 2.0), RenderClipPath#ab6f3@Offset(195.0, 2.0), RenderFlex#86b70@Offset(195.0, 2.0), RenderConstrainedBox#00d14@Offset(195.0, 2.0), RenderConstrainedBox#54bed@Offset(195.0, 2.0), RenderPositionedBox#37dc3@Offset(195.0, 2.0), RenderPadding#db84b@Offset(195.0, 2.0), RenderCustomMultiChildLayoutBox#4bc76@Offset(195.0, 96.0), _RenderInkFeatures#a78d3@Offset(195.0, 96.0), RenderPhysicalModel#e7f9f@Offset(195.0, 96.0), RenderIndexedStack#9828b@Offset(195.0, 96.0), RenderAnimatedOpacity#3a594@Offset(195.0, 96.0), RenderClipRect#b6174@Offset(195.0, 96.0), _RenderLayoutBuilder#da0c2@Offset(195.0, 96.0), RenderCustomMultiChildLayoutBox#b8824@Offset(195.0, 96.0), _RenderInkFeatures#f8d6c@Offset(195.0, 96.0), RenderPhysicalModel#37695@Offset(195.0, 96.0), RenderSemanticsAnnotations#ab6e4@Offset(195.0, 96.0), RenderRepaintBoundary#ef00b@Offset(195.0, 96.0), RenderIgnorePointer#b0feb@Offset(195.0, 96.0), RenderAnimatedOpacity#c579b@Offset(195.0, 96.0), RenderRepaintBoundary#5215b@Offset(195.0, 96.0), RenderSemanticsAnnotations#653b2@Offset(195.0, 96.0), RenderOffstage#356a4@Offset(195.0, 96.0), RenderSemanticsAnnotations#7c503@Offset(195.0, 96.0), _RenderTheater#1a4c4@Offset(195.0, 96.0), RenderAbsorbPointer#6e37c@Offset(195.0, 96.0), RenderPointerListener#0789c@Offset(195.0, 96.0), RenderSemanticsAnnotations#164cc@Offset(195.0, 96.0), RenderSemanticsAnnotations#90e81@Offset(195.0, 96.0), RenderSemanticsAnnotations#d0519@Offset(195.0, 96.0), RenderSemanticsAnnotations#11419@Offset(195.0, 96.0), RenderTapRegionSurface#3dcff@Offset(195.0, 96.0), RenderSemanticsAnnotations#a40fd@Offset(195.0, 96.0), RenderSemanticsAnnotations#d9248@Offset(195.0, 96.0), RenderRepaintBoundary#d2794@Offset(195.0, 96.0), HitTestEntry<HitTestTarget>#95693(_ReusableRenderView#0b3e1), HitTestEntry<HitTestTarget>#abc8b(<AutomatedTestWidgetsFlutterBinding>))
#0      WidgetController._getElementPoint (package:flutter_test/src/controller.dart:2165:25)
#1      WidgetController.getCenter (package:flutter_test/src/controller.dart:1947:12)
#2      WidgetController.drag (package:flutter_test/src/controller.dart:1604:7)
#3      WidgetController.dragUntilVisible.<anonymous closure> (package:flutter_test/src/controller.dart:2483:17)
<asynchronous suspension>
#4      TestAsyncUtils.guard.<anonymous closure> (package:flutter_test/src/test_async_utils.dart:130:27)
<asynchronous suspension>
#5      WidgetController.scrollUntilVisible.<anonymous closure> (package:flutter_test/src/controller.dart:2439:7)
<asynchronous suspension>
#6      TestAsyncUtils.guard.<anonymous closure> (package:flutter_test/src/test_async_utils.dart:130:27)
<asynchronous suspension>
#7      main.<anonymous closure> (file:///home/runner/work/streetlift-apk/streetlift-apk/avant/test/visual_capture_test.dart:201:13)
<asynchronous suspension>
#8      testWidgets.<anonymous closure>.<anonymous closure> (package:flutter_test/src/widget_tester.dart:192:15)
<asynchronous suspension>
#9      TestWidgetsFlutterBinding._runTestBody (package:flutter_test/src/binding.dart:1953:5)
<asynchronous suspension>
#10     StackZoneSpecification._registerCallback.<anonymous closure> (package:stack_trace/src/stack_zone_specification.dart:114:42)
<asynchronous suspension>
To silence this warning, pass "warnIfMissed: false" to "drag()".
To make this warning fatal, set WidgetController.hitTestWarningShouldBeFatal to true.


Warning: A call to drag() with finder "Found 1 widget with type "Scrollable" descending from widget with type "StatsScreen" (ignoring all but last): [
  Scrollable(axisDirection: right, physics: null, restorationId: null, dependencies: [InheritedCupertinoTheme, MediaQuery, ScrollConfiguration, UnmanagedRestorationScope, _InheritedTheme, _LocalizationsScope-[GlobalKey#0a849]], state: ScrollableState#a9e47(position: ScrollPositionWithSingleContext#1c9e8(offset: 280.0, range: 0.0..768.0, viewport: 350.0, ScrollableState, ClampingScrollPhysics -> RangeMaintainingScrollPhysics, IdleScrollActivity#fe6b7, ScrollDirection.idle), effective physics: ClampingScrollPhysics -> RangeMaintainingScrollPhysics)),
]" derived an Offset (Offset(195.0, 96.0)) that would not hit test on the specified widget.
Maybe the widget is actually off-screen, or another widget is obscuring it, or the widget cannot receive pointer events.
The finder corresponds to this RenderBox: RenderClipRect#0df3c relayoutBoundary=up5
The hit test result at that offset is: HitTestResult(RenderPointerListener#61db0@Offset(28.5, 2.0), RenderSemanticsAnnotations#b7a86@Offset(28.5, 2.0), RenderMouseRegion#126d4@Offset(28.5, 2.0), RenderSemanticsAnnotations#72c31@Offset(28.5, 2.0), RenderMergeSemantics#42cc2@Offset(28.5, 2.0), _TabLabelBarRenderer#414c8@Offset(187.0, 2.0), RenderCustomPaint#61be0@Offset(187.0, 2.0), RenderSemanticsAnnotations#0a9f2@Offset(187.0, 2.0), RenderPadding#fc3f1@Offset(195.0, 2.0), _RenderSingleChildViewport#d487b@Offset(195.0, 2.0), RenderIgnorePointer#9a417@Offset(195.0, 2.0), RenderSemanticsAnnotations#19e4f@Offset(195.0, 2.0), RenderPointerListener#75574@Offset(195.0, 2.0), RenderSemanticsGestureHandler#45268@Offset(195.0, 2.0), RenderPointerListener#fa991@Offset(195.0, 2.0), _RenderScrollSemantics#2f4f4@Offset(195.0, 2.0), RenderPositionedBox#e0fbf@Offset(195.0, 2.0), _RenderInkFeatures#305fb@Offset(195.0, 2.0), RenderCustomPaint#ba08a@Offset(195.0, 2.0), RenderClipPath#ab6f3@Offset(195.0, 2.0), RenderFlex#86b70@Offset(195.0, 2.0), RenderConstrainedBox#00d14@Offset(195.0, 2.0), RenderConstrainedBox#54bed@Offset(195.0, 2.0), RenderPositionedBox#37dc3@Offset(195.0, 2.0), RenderPadding#db84b@Offset(195.0, 2.0), RenderCustomMultiChildLayoutBox#4bc76@Offset(195.0, 96.0), _RenderInkFeatures#a78d3@Offset(195.0, 96.0), RenderPhysicalModel#e7f9f@Offset(195.0, 96.0), RenderIndexedStack#9828b@Offset(195.0, 96.0), RenderAnimatedOpacity#3a594@Offset(195.0, 96.0), RenderClipRect#b6174@Offset(195.0, 96.0), _RenderLayoutBuilder#da0c2@Offset(195.0, 96.0), RenderCustomMultiChildLayoutBox#b8824@Offset(195.0, 96.0), _RenderInkFeatures#f8d6c@Offset(195.0, 96.0), RenderPhysicalModel#37695@Offset(195.0, 96.0), RenderSemanticsAnnotations#ab6e4@Offset(195.0, 96.0), RenderRepaintBoundary#ef00b@Offset(195.0, 96.0), RenderIgnorePointer#b0feb@Offset(195.0, 96.0), RenderAnimatedOpacity#c579b@Offset(195.0, 96.0), RenderRepaintBoundary#5215b@Offset(195.0, 96.0), RenderSemanticsAnnotations#653b2@Offset(195.0, 96.0), RenderOffstage#356a4@Offset(195.0, 96.0), RenderSemanticsAnnotations#7c503@Offset(195.0, 96.0), _RenderTheater#1a4c4@Offset(195.0, 96.0), RenderAbsorbPointer#6e37c@Offset(195.0, 96.0), RenderPointerListener#0789c@Offset(195.0, 96.0), RenderSemanticsAnnotations#164cc@Offset(195.0, 96.0), RenderSemanticsAnnotations#90e81@Offset(195.0, 96.0), RenderSemanticsAnnotations#d0519@Offset(195.0, 96.0), RenderSemanticsAnnotations#11419@Offset(195.0, 96.0), RenderTapRegionSurface#3dcff@Offset(195.0, 96.0), RenderSemanticsAnnotations#a40fd@Offset(195.0, 96.0), RenderSemanticsAnnotations#d9248@Offset(195.0, 96.0), RenderRepaintBoundary#d2794@Offset(195.0, 96.0), HitTestEntry<HitTestTarget>#3fc97(_ReusableRenderView#0b3e1), HitTestEntry<HitTestTarget>#32387(<AutomatedTestWidgetsFlutterBinding>))
#0      WidgetController._getElementPoint (package:flutter_test/src/controller.dart:2165:25)
#1      WidgetController.getCenter (package:flutter_test/src/controller.dart:1947:12)
#2      WidgetController.drag (package:flutter_test/src/controller.dart:1604:7)
#3      WidgetController.dragUntilVisible.<anonymous closure> (package:flutter_test/src/controller.dart:2483:17)
<asynchronous suspension>
#4      TestAsyncUtils.guard.<anonymous closure> (package:flutter_test/src/test_async_utils.dart:130:27)
<asynchronous suspension>
#5      WidgetController.scrollUntilVisible.<anonymous closure> (package:flutter_test/src/controller.dart:2439:7)
<asynchronous suspension>
#6      TestAsyncUtils.guard.<anonymous closure> (package:flutter_test/src/test_async_utils.dart:130:27)
<asynchronous suspension>
#7      main.<anonymous closure> (file:///home/runner/work/streetlift-apk/streetlift-apk/avant/test/visual_capture_test.dart:201:13)
<asynchronous suspension>
#8      testWidgets.<anonymous closure>.<anonymous closure> (package:flutter_test/src/widget_tester.dart:192:15)
<asynchronous suspension>
#9      TestWidgetsFlutterBinding._runTestBody (package:flutter_test/src/binding.dart:1953:5)
<asynchronous suspension>
#10     StackZoneSpecification._registerCallback.<anonymous closure> (package:stack_trace/src/stack_zone_specification.dart:114:42)
<asynchronous suspension>
To silence this warning, pass "warnIfMissed: false" to "drag()".
To make this warning fatal, set WidgetController.hitTestWarningShouldBeFatal to true.


Warning: A call to drag() with finder "Found 1 widget with type "Scrollable" descending from widget with type "StatsScreen" (ignoring all but last): [
  Scrollable(axisDirection: right, physics: null, restorationId: null, dependencies: [InheritedCupertinoTheme, MediaQuery, ScrollConfiguration, UnmanagedRestorationScope, _InheritedTheme, _LocalizationsScope-[GlobalKey#0a849]], state: ScrollableState#a9e47(position: ScrollPositionWithSingleContext#1c9e8(offset: 280.0, range: 0.0..768.0, viewport: 350.0, ScrollableState, ClampingScrollPhysics -> RangeMaintainingScrollPhysics, IdleScrollActivity#fe6b7, ScrollDirection.idle), effective physics: ClampingScrollPhysics -> RangeMaintainingScrollPhysics)),
]" derived an Offset (Offset(195.0, 96.0)) that would not hit test on the specified widget.
Maybe the widget is actually off-screen, or another widget is obscuring it, or the widget cannot receive pointer events.
The finder corresponds to this RenderBox: RenderClipRect#0df3c relayoutBoundary=up5
The hit test result at that offset is: HitTestResult(RenderPointerListener#61db0@Offset(28.5, 2.0), RenderSemanticsAnnotations#b7a86@Offset(28.5, 2.0), RenderMouseRegion#126d4@Offset(28.5, 2.0), RenderSemanticsAnnotations#72c31@Offset(28.5, 2.0), RenderMergeSemantics#42cc2@Offset(28.5, 2.0), _TabLabelBarRenderer#414c8@Offset(187.0, 2.0), RenderCustomPaint#61be0@Offset(187.0, 2.0), RenderSemanticsAnnotations#0a9f2@Offset(187.0, 2.0), RenderPadding#fc3f1@Offset(195.0, 2.0), _RenderSingleChildViewport#d487b@Offset(195.0, 2.0), RenderIgnorePointer#9a417@Offset(195.0, 2.0), RenderSemanticsAnnotations#19e4f@Offset(195.0, 2.0), RenderPointerListener#75574@Offset(195.0, 2.0), RenderSemanticsGestureHandler#45268@Offset(195.0, 2.0), RenderPointerListener#fa991@Offset(195.0, 2.0), _RenderScrollSemantics#2f4f4@Offset(195.0, 2.0), RenderPositionedBox#e0fbf@Offset(195.0, 2.0), _RenderInkFeatures#305fb@Offset(195.0, 2.0), RenderCustomPaint#ba08a@Offset(195.0, 2.0), RenderClipPath#ab6f3@Offset(195.0, 2.0), RenderFlex#86b70@Offset(195.0, 2.0), RenderConstrainedBox#00d14@Offset(195.0, 2.0), RenderConstrainedBox#54bed@Offset(195.0, 2.0), RenderPositionedBox#37dc3@Offset(195.0, 2.0), RenderPadding#db84b@Offset(195.0, 2.0), RenderCustomMultiChildLayoutBox#4bc76@Offset(195.0, 96.0), _RenderInkFeatures#a78d3@Offset(195.0, 96.0), RenderPhysicalModel#e7f9f@Offset(195.0, 96.0), RenderIndexedStack#9828b@Offset(195.0, 96.0), RenderAnimatedOpacity#3a594@Offset(195.0, 96.0), RenderClipRect#b6174@Offset(195.0, 96.0), _RenderLayoutBuilder#da0c2@Offset(195.0, 96.0), RenderCustomMultiChildLayoutBox#b8824@Offset(195.0, 96.0), _RenderInkFeatures#f8d6c@Offset(195.0, 96.0), RenderPhysicalModel#37695@Offset(195.0, 96.0), RenderSemanticsAnnotations#ab6e4@Offset(195.0, 96.0), RenderRepaintBoundary#ef00b@Offset(195.0, 96.0), RenderIgnorePointer#b0feb@Offset(195.0, 96.0), RenderAnimatedOpacity#c579b@Offset(195.0, 96.0), RenderRepaintBoundary#5215b@Offset(195.0, 96.0), RenderSemanticsAnnotations#653b2@Offset(195.0, 96.0), RenderOffstage#356a4@Offset(195.0, 96.0), RenderSemanticsAnnotations#7c503@Offset(195.0, 96.0), _RenderTheater#1a4c4@Offset(195.0, 96.0), RenderAbsorbPointer#6e37c@Offset(195.0, 96.0), RenderPointerListener#0789c@Offset(195.0, 96.0), RenderSemanticsAnnotations#164cc@Offset(195.0, 96.0), RenderSemanticsAnnotations#90e81@Offset(195.0, 96.0), RenderSemanticsAnnotations#d0519@Offset(195.0, 96.0), RenderSemanticsAnnotations#11419@Offset(195.0, 96.0), RenderTapRegionSurface#3dcff@Offset(195.0, 96.0), RenderSemanticsAnnotations#a40fd@Offset(195.0, 96.0), RenderSemanticsAnnotations#d9248@Offset(195.0, 96.0), RenderRepaintBoundary#d2794@Offset(195.0, 96.0), HitTestEntry<HitTestTarget>#8ff6e(_ReusableRenderView#0b3e1), HitTestEntry<HitTestTarget>#c9313(<AutomatedTestWidgetsFlutterBinding>))
#0      WidgetController._getElementPoint (package:flutter_test/src/controller.dart:2165:25)
#1      WidgetController.getCenter (package:flutter_test/src/controller.dart:1947:12)
#2      WidgetController.drag (package:flutter_test/src/controller.dart:1604:7)
#3      WidgetController.dragUntilVisible.<anonymous closure> (package:flutter_test/src/controller.dart:2483:17)
<asynchronous suspension>
#4      TestAsyncUtils.guard.<anonymous closure> (package:flutter_test/src/test_async_utils.dart:130:27)
<asynchronous suspension>
#5      WidgetController.scrollUntilVisible.<anonymous closure> (package:flutter_test/src/controller.dart:2439:7)
<asynchronous suspension>
#6      TestAsyncUtils.guard.<anonymous closure> (package:flutter_test/src/test_async_utils.dart:130:27)
<asynchronous suspension>
#7      main.<anonymous closure> (file:///home/runner/work/streetlift-apk/streetlift-apk/avant/test/visual_capture_test.dart:201:13)
<asynchronous suspension>
#8      testWidgets.<anonymous closure>.<anonymous closure> (package:flutter_test/src/widget_tester.dart:192:15)
<asynchronous suspension>
#9      TestWidgetsFlutterBinding._runTestBody (package:flutter_test/src/binding.dart:1953:5)
<asynchronous suspension>
#10     StackZoneSpecification._registerCallback.<anonymous closure> (package:stack_trace/src/stack_zone_specification.dart:114:42)
<asynchronous suspension>
To silence this warning, pass "warnIfMissed: false" to "drag()".
To make this warning fatal, set WidgetController.hitTestWarningShouldBeFatal to true.


Warning: A call to drag() with finder "Found 1 widget with type "Scrollable" descending from widget with type "StatsScreen" (ignoring all but last): [
  Scrollable(axisDirection: right, physics: null, restorationId: null, dependencies: [InheritedCupertinoTheme, MediaQuery, ScrollConfiguration, UnmanagedRestorationScope, _InheritedTheme, _LocalizationsScope-[GlobalKey#0a849]], state: ScrollableState#a9e47(position: ScrollPositionWithSingleContext#1c9e8(offset: 280.0, range: 0.0..768.0, viewport: 350.0, ScrollableState, ClampingScrollPhysics -> RangeMaintainingScrollPhysics, IdleScrollActivity#fe6b7, ScrollDirection.idle), effective physics: ClampingScrollPhysics -> RangeMaintainingScrollPhysics)),
]" derived an Offset (Offset(195.0, 96.0)) that would not hit test on the specified widget.
Maybe the widget is actually off-screen, or another widget is obscuring it, or the widget cannot receive pointer events.
The finder corresponds to this RenderBox: RenderClipRect#0df3c relayoutBoundary=up5
The hit test result at that offset is: HitTestResult(RenderPointerListener#61db0@Offset(28.5, 2.0), RenderSemanticsAnnotations#b7a86@Offset(28.5, 2.0), RenderMouseRegion#126d4@Offset(28.5, 2.0), RenderSemanticsAnnotations#72c31@Offset(28.5, 2.0), RenderMergeSemantics#42cc2@Offset(28.5, 2.0), _TabLabelBarRenderer#414c8@Offset(187.0, 2.0), RenderCustomPaint#61be0@Offset(187.0, 2.0), RenderSemanticsAnnotations#0a9f2@Offset(187.0, 2.0), RenderPadding#fc3f1@Offset(195.0, 2.0), _RenderSingleChildViewport#d487b@Offset(195.0, 2.0), RenderIgnorePointer#9a417@Offset(195.0, 2.0), RenderSemanticsAnnotations#19e4f@Offset(195.0, 2.0), RenderPointerListener#75574@Offset(195.0, 2.0), RenderSemanticsGestureHandler#45268@Offset(195.0, 2.0), RenderPointerListener#fa991@Offset(195.0, 2.0), _RenderScrollSemantics#2f4f4@Offset(195.0, 2.0), RenderPositionedBox#e0fbf@Offset(195.0, 2.0), _RenderInkFeatures#305fb@Offset(195.0, 2.0), RenderCustomPaint#ba08a@Offset(195.0, 2.0), RenderClipPath#ab6f3@Offset(195.0, 2.0), RenderFlex#86b70@Offset(195.0, 2.0), RenderConstrainedBox#00d14@Offset(195.0, 2.0), RenderConstrainedBox#54bed@Offset(195.0, 2.0), RenderPositionedBox#37dc3@Offset(195.0, 2.0), RenderPadding#db84b@Offset(195.0, 2.0), RenderCustomMultiChildLayoutBox#4bc76@Offset(195.0, 96.0), _RenderInkFeatures#a78d3@Offset(195.0, 96.0), RenderPhysicalModel#e7f9f@Offset(195.0, 96.0), RenderIndexedStack#9828b@Offset(195.0, 96.0), RenderAnimatedOpacity#3a594@Offset(195.0, 96.0), RenderClipRect#b6174@Offset(195.0, 96.0), _RenderLayoutBuilder#da0c2@Offset(195.0, 96.0), RenderCustomMultiChildLayoutBox#b8824@Offset(195.0, 96.0), _RenderInkFeatures#f8d6c@Offset(195.0, 96.0), RenderPhysicalModel#37695@Offset(195.0, 96.0), RenderSemanticsAnnotations#ab6e4@Offset(195.0, 96.0), RenderRepaintBoundary#ef00b@Offset(195.0, 96.0), RenderIgnorePointer#b0feb@Offset(195.0, 96.0), RenderAnimatedOpacity#c579b@Offset(195.0, 96.0), RenderRepaintBoundary#5215b@Offset(195.0, 96.0), RenderSemanticsAnnotations#653b2@Offset(195.0, 96.0), RenderOffstage#356a4@Offset(195.0, 96.0), RenderSemanticsAnnotations#7c503@Offset(195.0, 96.0), _RenderTheater#1a4c4@Offset(195.0, 96.0), RenderAbsorbPointer#6e37c@Offset(195.0, 96.0), RenderPointerListener#0789c@Offset(195.0, 96.0), RenderSemanticsAnnotations#164cc@Offset(195.0, 96.0), RenderSemanticsAnnotations#90e81@Offset(195.0, 96.0), RenderSemanticsAnnotations#d0519@Offset(195.0, 96.0), RenderSemanticsAnnotations#11419@Offset(195.0, 96.0), RenderTapRegionSurface#3dcff@Offset(195.0, 96.0), RenderSemanticsAnnotations#a40fd@Offset(195.0, 96.0), RenderSemanticsAnnotations#d9248@Offset(195.0, 96.0), RenderRepaintBoundary#d2794@Offset(195.0, 96.0), HitTestEntry<HitTestTarget>#9efdb(_ReusableRenderView#0b3e1), HitTestEntry<HitTestTarget>#41653(<AutomatedTestWidgetsFlutterBinding>))
#0      WidgetController._getElementPoint (package:flutter_test/src/controller.dart:2165:25)
#1      WidgetController.getCenter (package:flutter_test/src/controller.dart:1947:12)
#2      WidgetController.drag (package:flutter_test/src/controller.dart:1604:7)
#3      WidgetController.dragUntilVisible.<anonymous closure> (package:flutter_test/src/controller.dart:2483:17)
<asynchronous suspension>
#4      TestAsyncUtils.guard.<anonymous closure> (package:flutter_test/src/test_async_utils.dart:130:27)
<asynchronous suspension>
#5      WidgetController.scrollUntilVisible.<anonymous closure> (package:flutter_test/src/controller.dart:2439:7)
<asynchronous suspension>
#6      TestAsyncUtils.guard.<anonymous closure> (package:flutter_test/src/test_async_utils.dart:130:27)
<asynchronous suspension>
#7      main.<anonymous closure> (file:///home/runner/work/streetlift-apk/streetlift-apk/avant/test/visual_capture_test.dart:201:13)
<asynchronous suspension>
#8      testWidgets.<anonymous closure>.<anonymous closure> (package:flutter_test/src/widget_tester.dart:192:15)
<asynchronous suspension>
#9      TestWidgetsFlutterBinding._runTestBody (package:flutter_test/src/binding.dart:1953:5)
<asynchronous suspension>
#10     StackZoneSpecification._registerCallback.<anonymous closure> (package:stack_trace/src/stack_zone_specification.dart:114:42)
<asynchronous suspension>
To silence this warning, pass "warnIfMissed: false" to "drag()".
To make this warning fatal, set WidgetController.hitTestWarningShouldBeFatal to true.


Warning: A call to drag() with finder "Found 1 widget with type "Scrollable" descending from widget with type "StatsScreen" (ignoring all but last): [
  Scrollable(axisDirection: right, physics: null, restorationId: null, dependencies: [InheritedCupertinoTheme, MediaQuery, ScrollConfiguration, UnmanagedRestorationScope, _InheritedTheme, _LocalizationsScope-[GlobalKey#0a849]], state: ScrollableState#a9e47(position: ScrollPositionWithSingleContext#1c9e8(offset: 280.0, range: 0.0..768.0, viewport: 350.0, ScrollableState, ClampingScrollPhysics -> RangeMaintainingScrollPhysics, IdleScrollActivity#fe6b7, ScrollDirection.idle), effective physics: ClampingScrollPhysics -> RangeMaintainingScrollPhysics)),
]" derived an Offset (Offset(195.0, 96.0)) that would not hit test on the specified widget.
Maybe the widget is actually off-screen, or another widget is obscuring it, or the widget cannot receive pointer events.
The finder corresponds to this RenderBox: RenderClipRect#0df3c relayoutBoundary=up5
The hit test result at that offset is: HitTestResult(RenderPointerListener#61db0@Offset(28.5, 2.0), RenderSemanticsAnnotations#b7a86@Offset(28.5, 2.0), RenderMouseRegion#126d4@Offset(28.5, 2.0), RenderSemanticsAnnotations#72c31@Offset(28.5, 2.0), RenderMergeSemantics#42cc2@Offset(28.5, 2.0), _TabLabelBarRenderer#414c8@Offset(187.0, 2.0), RenderCustomPaint#61be0@Offset(187.0, 2.0), RenderSemanticsAnnotations#0a9f2@Offset(187.0, 2.0), RenderPadding#fc3f1@Offset(195.0, 2.0), _RenderSingleChildViewport#d487b@Offset(195.0, 2.0), RenderIgnorePointer#9a417@Offset(195.0, 2.0), RenderSemanticsAnnotations#19e4f@Offset(195.0, 2.0), RenderPointerListener#75574@Offset(195.0, 2.0), RenderSemanticsGestureHandler#45268@Offset(195.0, 2.0), RenderPointerListener#fa991@Offset(195.0, 2.0), _RenderScrollSemantics#2f4f4@Offset(195.0, 2.0), RenderPositionedBox#e0fbf@Offset(195.0, 2.0), _RenderInkFeatures#305fb@Offset(195.0, 2.0), RenderCustomPaint#ba08a@Offset(195.0, 2.0), RenderClipPath#ab6f3@Offset(195.0, 2.0), RenderFlex#86b70@Offset(195.0, 2.0), RenderConstrainedBox#00d14@Offset(195.0, 2.0), RenderConstrainedBox#54bed@Offset(195.0, 2.0), RenderPositionedBox#37dc3@Offset(195.0, 2.0), RenderPadding#db84b@Offset(195.0, 2.0), RenderCustomMultiChildLayoutBox#4bc76@Offset(195.0, 96.0), _RenderInkFeatures#a78d3@Offset(195.0, 96.0), RenderPhysicalModel#e7f9f@Offset(195.0, 96.0), RenderIndexedStack#9828b@Offset(195.0, 96.0), RenderAnimatedOpacity#3a594@Offset(195.0, 96.0), RenderClipRect#b6174@Offset(195.0, 96.0), _RenderLayoutBuilder#da0c2@Offset(195.0, 96.0), RenderCustomMultiChildLayoutBox#b8824@Offset(195.0, 96.0), _RenderInkFeatures#f8d6c@Offset(195.0, 96.0), RenderPhysicalModel#37695@Offset(195.0, 96.0), RenderSemanticsAnnotations#ab6e4@Offset(195.0, 96.0), RenderRepaintBoundary#ef00b@Offset(195.0, 96.0), RenderIgnorePointer#b0feb@Offset(195.0, 96.0), RenderAnimatedOpacity#c579b@Offset(195.0, 96.0), RenderRepaintBoundary#5215b@Offset(195.0, 96.0), RenderSemanticsAnnotations#653b2@Offset(195.0, 96.0), RenderOffstage#356a4@Offset(195.0, 96.0), RenderSemanticsAnnotations#7c503@Offset(195.0, 96.0), _RenderTheater#1a4c4@Offset(195.0, 96.0), RenderAbsorbPointer#6e37c@Offset(195.0, 96.0), RenderPointerListener#0789c@Offset(195.0, 96.0), RenderSemanticsAnnotations#164cc@Offset(195.0, 96.0), RenderSemanticsAnnotations#90e81@Offset(195.0, 96.0), RenderSemanticsAnnotations#d0519@Offset(195.0, 96.0), RenderSemanticsAnnotations#11419@Offset(195.0, 96.0), RenderTapRegionSurface#3dcff@Offset(195.0, 96.0), RenderSemanticsAnnotations#a40fd@Offset(195.0, 96.0), RenderSemanticsAnnotations#d9248@Offset(195.0, 96.0), RenderRepaintBoundary#d2794@Offset(195.0, 96.0), HitTestEntry<HitTestTarget>#dc0ed(_ReusableRenderView#0b3e1), HitTestEntry<HitTestTarget>#f157f(<AutomatedTestWidgetsFlutterBinding>))
#0      WidgetController._getElementPoint (package:flutter_test/src/controller.dart:2165:25)
#1      WidgetController.getCenter (package:flutter_test/src/controller.dart:1947:12)
#2      WidgetController.drag (package:flutter_test/src/controller.dart:1604:7)
#3      WidgetController.dragUntilVisible.<anonymous closure> (package:flutter_test/src/controller.dart:2483:17)
<asynchronous suspension>
#4      TestAsyncUtils.guard.<anonymous closure> (package:flutter_test/src/test_async_utils.dart:130:27)
<asynchronous suspension>
#5      WidgetController.scrollUntilVisible.<anonymous closure> (package:flutter_test/src/controller.dart:2439:7)
<asynchronous suspension>
#6      TestAsyncUtils.guard.<anonymous closure> (package:flutter_test/src/test_async_utils.dart:130:27)
<asynchronous suspension>
#7      main.<anonymous closure> (file:///home/runner/work/streetlift-apk/streetlift-apk/avant/test/visual_capture_test.dart:201:13)
<asynchronous suspension>
#8      testWidgets.<anonymous closure>.<anonymous closure> (package:flutter_test/src/widget_tester.dart:192:15)
<asynchronous suspension>
#9      TestWidgetsFlutterBinding._runTestBody (package:flutter_test/src/binding.dart:1953:5)
<asynchronous suspension>
#10     StackZoneSpecification._registerCallback.<anonymous closure> (package:stack_trace/src/stack_zone_specification.dart:114:42)
<asynchronous suspension>
To silence this warning, pass "warnIfMissed: false" to "drag()".
To make this warning fatal, set WidgetController.hitTestWarningShouldBeFatal to true.


Warning: A call to drag() with finder "Found 1 widget with type "Scrollable" descending from widget with type "StatsScreen" (ignoring all but last): [
  Scrollable(axisDirection: right, physics: null, restorationId: null, dependencies: [InheritedCupertinoTheme, MediaQuery, ScrollConfiguration, UnmanagedRestorationScope, _InheritedTheme, _LocalizationsScope-[GlobalKey#0a849]], state: ScrollableState#a9e47(position: ScrollPositionWithSingleContext#1c9e8(offset: 280.0, range: 0.0..768.0, viewport: 350.0, ScrollableState, ClampingScrollPhysics -> RangeMaintainingScrollPhysics, IdleScrollActivity#fe6b7, ScrollDirection.idle), effective physics: ClampingScrollPhysics -> RangeMaintainingScrollPhysics)),
]" derived an Offset (Offset(195.0, 96.0)) that would not hit test on the specified widget.
Maybe the widget is actually off-screen, or another widget is obscuring it, or the widget cannot receive pointer events.
The finder corresponds to this RenderBox: RenderClipRect#0df3c relayoutBoundary=up5
The hit test result at that offset is: HitTestResult(RenderPointerListener#61db0@Offset(28.5, 2.0), RenderSemanticsAnnotations#b7a86@Offset(28.5, 2.0), RenderMouseRegion#126d4@Offset(28.5, 2.0), RenderSemanticsAnnotations#72c31@Offset(28.5, 2.0), RenderMergeSemantics#42cc2@Offset(28.5, 2.0), _TabLabelBarRenderer#414c8@Offset(187.0, 2.0), RenderCustomPaint#61be0@Offset(187.0, 2.0), RenderSemanticsAnnotations#0a9f2@Offset(187.0, 2.0), RenderPadding#fc3f1@Offset(195.0, 2.0), _RenderSingleChildViewport#d487b@Offset(195.0, 2.0), RenderIgnorePointer#9a417@Offset(195.0, 2.0), RenderSemanticsAnnotations#19e4f@Offset(195.0, 2.0), RenderPointerListener#75574@Offset(195.0, 2.0), RenderSemanticsGestureHandler#45268@Offset(195.0, 2.0), RenderPointerListener#fa991@Offset(195.0, 2.0), _RenderScrollSemantics#2f4f4@Offset(195.0, 2.0), RenderPositionedBox#e0fbf@Offset(195.0, 2.0), _RenderInkFeatures#305fb@Offset(195.0, 2.0), RenderCustomPaint#ba08a@Offset(195.0, 2.0), RenderClipPath#ab6f3@Offset(195.0, 2.0), RenderFlex#86b70@Offset(195.0, 2.0), RenderConstrainedBox#00d14@Offset(195.0, 2.0), RenderConstrainedBox#54bed@Offset(195.0, 2.0), RenderPositionedBox#37dc3@Offset(195.0, 2.0), RenderPadding#db84b@Offset(195.0, 2.0), RenderCustomMultiChildLayoutBox#4bc76@Offset(195.0, 96.0), _RenderInkFeatures#a78d3@Offset(195.0, 96.0), RenderPhysicalModel#e7f9f@Offset(195.0, 96.0), RenderIndexedStack#9828b@Offset(195.0, 96.0), RenderAnimatedOpacity#3a594@Offset(195.0, 96.0), RenderClipRect#b6174@Offset(195.0, 96.0), _RenderLayoutBuilder#da0c2@Offset(195.0, 96.0), RenderCustomMultiChildLayoutBox#b8824@Offset(195.0, 96.0), _RenderInkFeatures#f8d6c@Offset(195.0, 96.0), RenderPhysicalModel#37695@Offset(195.0, 96.0), RenderSemanticsAnnotations#ab6e4@Offset(195.0, 96.0), RenderRepaintBoundary#ef00b@Offset(195.0, 96.0), RenderIgnorePointer#b0feb@Offset(195.0, 96.0), RenderAnimatedOpacity#c579b@Offset(195.0, 96.0), RenderRepaintBoundary#5215b@Offset(195.0, 96.0), RenderSemanticsAnnotations#653b2@Offset(195.0, 96.0), RenderOffstage#356a4@Offset(195.0, 96.0), RenderSemanticsAnnotations#7c503@Offset(195.0, 96.0), _RenderTheater#1a4c4@Offset(195.0, 96.0), RenderAbsorbPointer#6e37c@Offset(195.0, 96.0), RenderPointerListener#0789c@Offset(195.0, 96.0), RenderSemanticsAnnotations#164cc@Offset(195.0, 96.0), RenderSemanticsAnnotations#90e81@Offset(195.0, 96.0), RenderSemanticsAnnotations#d0519@Offset(195.0, 96.0), RenderSemanticsAnnotations#11419@Offset(195.0, 96.0), RenderTapRegionSurface#3dcff@Offset(195.0, 96.0), RenderSemanticsAnnotations#a40fd@Offset(195.0, 96.0), RenderSemanticsAnnotations#d9248@Offset(195.0, 96.0), RenderRepaintBoundary#d2794@Offset(195.0, 96.0), HitTestEntry<HitTestTarget>#53a0b(_ReusableRenderView#0b3e1), HitTestEntry<HitTestTarget>#202ad(<AutomatedTestWidgetsFlutterBinding>))
#0      WidgetController._getElementPoint (package:flutter_test/src/controller.dart:2165:25)
#1      WidgetController.getCenter (package:flutter_test/src/controller.dart:1947:12)
#2      WidgetController.drag (package:flutter_test/src/controller.dart:1604:7)
#3      WidgetController.dragUntilVisible.<anonymous closure> (package:flutter_test/src/controller.dart:2483:17)
<asynchronous suspension>
#4      TestAsyncUtils.guard.<anonymous closure> (package:flutter_test/src/test_async_utils.dart:130:27)
<asynchronous suspension>
#5      WidgetController.scrollUntilVisible.<anonymous closure> (package:flutter_test/src/controller.dart:2439:7)
<asynchronous suspension>
#6      TestAsyncUtils.guard.<anonymous closure> (package:flutter_test/src/test_async_utils.dart:130:27)
<asynchronous suspension>
#7      main.<anonymous closure> (file:///home/runner/work/streetlift-apk/streetlift-apk/avant/test/visual_capture_test.dart:201:13)
<asynchronous suspension>
#8      testWidgets.<anonymous closure>.<anonymous closure> (package:flutter_test/src/widget_tester.dart:192:15)
<asynchronous suspension>
#9      TestWidgetsFlutterBinding._runTestBody (package:flutter_test/src/binding.dart:1953:5)
<asynchronous suspension>
#10     StackZoneSpecification._registerCallback.<anonymous closure> (package:stack_trace/src/stack_zone_specification.dart:114:42)
<asynchronous suspension>
To silence this warning, pass "warnIfMissed: false" to "drag()".
To make this warning fatal, set WidgetController.hitTestWarningShouldBeFatal to true.


Warning: A call to drag() with finder "Found 1 widget with type "Scrollable" descending from widget with type "StatsScreen" (ignoring all but last): [
  Scrollable(axisDirection: right, physics: null, restorationId: null, dependencies: [InheritedCupertinoTheme, MediaQuery, ScrollConfiguration, UnmanagedRestorationScope, _InheritedTheme, _LocalizationsScope-[GlobalKey#0a849]], state: ScrollableState#a9e47(position: ScrollPositionWithSingleContext#1c9e8(offset: 280.0, range: 0.0..768.0, viewport: 350.0, ScrollableState, ClampingScrollPhysics -> RangeMaintainingScrollPhysics, IdleScrollActivity#fe6b7, ScrollDirection.idle), effective physics: ClampingScrollPhysics -> RangeMaintainingScrollPhysics)),
]" derived an Offset (Offset(195.0, 96.0)) that would not hit test on the specified widget.
Maybe the widget is actually off-screen, or another widget is obscuring it, or the widget cannot receive pointer events.
The finder corresponds to this RenderBox: RenderClipRect#0df3c relayoutBoundary=up5
The hit test result at that offset is: HitTestResult(RenderPointerListener#61db0@Offset(28.5, 2.0), RenderSemanticsAnnotations#b7a86@Offset(28.5, 2.0), RenderMouseRegion#126d4@Offset(28.5, 2.0), RenderSemanticsAnnotations#72c31@Offset(28.5, 2.0), RenderMergeSemantics#42cc2@Offset(28.5, 2.0), _TabLabelBarRenderer#414c8@Offset(187.0, 2.0), RenderCustomPaint#61be0@Offset(187.0, 2.0), RenderSemanticsAnnotations#0a9f2@Offset(187.0, 2.0), RenderPadding#fc3f1@Offset(195.0, 2.0), _RenderSingleChildViewport#d487b@Offset(195.0, 2.0), RenderIgnorePointer#9a417@Offset(195.0, 2.0), RenderSemanticsAnnotations#19e4f@Offset(195.0, 2.0), RenderPointerListener#75574@Offset(195.0, 2.0), RenderSemanticsGestureHandler#45268@Offset(195.0, 2.0), RenderPointerListener#fa991@Offset(195.0, 2.0), _RenderScrollSemantics#2f4f4@Offset(195.0, 2.0), RenderPositionedBox#e0fbf@Offset(195.0, 2.0), _RenderInkFeatures#305fb@Offset(195.0, 2.0), RenderCustomPaint#ba08a@Offset(195.0, 2.0), RenderClipPath#ab6f3@Offset(195.0, 2.0), RenderFlex#86b70@Offset(195.0, 2.0), RenderConstrainedBox#00d14@Offset(195.0, 2.0), RenderConstrainedBox#54bed@Offset(195.0, 2.0), RenderPositionedBox#37dc3@Offset(195.0, 2.0), RenderPadding#db84b@Offset(195.0, 2.0), RenderCustomMultiChildLayoutBox#4bc76@Offset(195.0, 96.0), _RenderInkFeatures#a78d3@Offset(195.0, 96.0), RenderPhysicalModel#e7f9f@Offset(195.0, 96.0), RenderIndexedStack#9828b@Offset(195.0, 96.0), RenderAnimatedOpacity#3a594@Offset(195.0, 96.0), RenderClipRect#b6174@Offset(195.0, 96.0), _RenderLayoutBuilder#da0c2@Offset(195.0, 96.0), RenderCustomMultiChildLayoutBox#b8824@Offset(195.0, 96.0), _RenderInkFeatures#f8d6c@Offset(195.0, 96.0), RenderPhysicalModel#37695@Offset(195.0, 96.0), RenderSemanticsAnnotations#ab6e4@Offset(195.0, 96.0), RenderRepaintBoundary#ef00b@Offset(195.0, 96.0), RenderIgnorePointer#b0feb@Offset(195.0, 96.0), RenderAnimatedOpacity#c579b@Offset(195.0, 96.0), RenderRepaintBoundary#5215b@Offset(195.0, 96.0), RenderSemanticsAnnotations#653b2@Offset(195.0, 96.0), RenderOffstage#356a4@Offset(195.0, 96.0), RenderSemanticsAnnotations#7c503@Offset(195.0, 96.0), _RenderTheater#1a4c4@Offset(195.0, 96.0), RenderAbsorbPointer#6e37c@Offset(195.0, 96.0), RenderPointerListener#0789c@Offset(195.0, 96.0), RenderSemanticsAnnotations#164cc@Offset(195.0, 96.0), RenderSemanticsAnnotations#90e81@Offset(195.0, 96.0), RenderSemanticsAnnotations#d0519@Offset(195.0, 96.0), RenderSemanticsAnnotations#11419@Offset(195.0, 96.0), RenderTapRegionSurface#3dcff@Offset(195.0, 96.0), RenderSemanticsAnnotations#a40fd@Offset(195.0, 96.0), RenderSemanticsAnnotations#d9248@Offset(195.0, 96.0), RenderRepaintBoundary#d2794@Offset(195.0, 96.0), HitTestEntry<HitTestTarget>#eb2d1(_ReusableRenderView#0b3e1), HitTestEntry<HitTestTarget>#e8ed7(<AutomatedTestWidgetsFlutterBinding>))
#0      WidgetController._getElementPoint (package:flutter_test/src/controller.dart:2165:25)
#1      WidgetController.getCenter (package:flutter_test/src/controller.dart:1947:12)
#2      WidgetController.drag (package:flutter_test/src/controller.dart:1604:7)
#3      WidgetController.dragUntilVisible.<anonymous closure> (package:flutter_test/src/controller.dart:2483:17)
<asynchronous suspension>
#4      TestAsyncUtils.guard.<anonymous closure> (package:flutter_test/src/test_async_utils.dart:130:27)
<asynchronous suspension>
#5      WidgetController.scrollUntilVisible.<anonymous closure> (package:flutter_test/src/controller.dart:2439:7)
<asynchronous suspension>
#6      TestAsyncUtils.guard.<anonymous closure> (package:flutter_test/src/test_async_utils.dart:130:27)
<asynchronous suspension>
#7      main.<anonymous closure> (file:///home/runner/work/streetlift-apk/streetlift-apk/avant/test/visual_capture_test.dart:201:13)
<asynchronous suspension>
#8      testWidgets.<anonymous closure>.<anonymous closure> (package:flutter_test/src/widget_tester.dart:192:15)
<asynchronous suspension>
#9      TestWidgetsFlutterBinding._runTestBody (package:flutter_test/src/binding.dart:1953:5)
<asynchronous suspension>
#10     StackZoneSpecification._registerCallback.<anonymous closure> (package:stack_trace/src/stack_zone_specification.dart:114:42)
<asynchronous suspension>
To silence this warning, pass "warnIfMissed: false" to "drag()".
To make this warning fatal, set WidgetController.hitTestWarningShouldBeFatal to true.


Warning: A call to drag() with finder "Found 1 widget with type "Scrollable" descending from widget with type "StatsScreen" (ignoring all but last): [
  Scrollable(axisDirection: right, physics: null, restorationId: null, dependencies: [InheritedCupertinoTheme, MediaQuery, ScrollConfiguration, UnmanagedRestorationScope, _InheritedTheme, _LocalizationsScope-[GlobalKey#0a849]], state: ScrollableState#a9e47(position: ScrollPositionWithSingleContext#1c9e8(offset: 280.0, range: 0.0..768.0, viewport: 350.0, ScrollableState, ClampingScrollPhysics -> RangeMaintainingScrollPhysics, IdleScrollActivity#fe6b7, ScrollDirection.idle), effective physics: ClampingScrollPhysics -> RangeMaintainingScrollPhysics)),
]" derived an Offset (Offset(195.0, 96.0)) that would not hit test on the specified widget.
Maybe the widget is actually off-screen, or another widget is obscuring it, or the widget cannot receive pointer events.
The finder corresponds to this RenderBox: RenderClipRect#0df3c relayoutBoundary=up5
The hit test result at that offset is: HitTestResult(RenderPointerListener#61db0@Offset(28.5, 2.0), RenderSemanticsAnnotations#b7a86@Offset(28.5, 2.0), RenderMouseRegion#126d4@Offset(28.5, 2.0), RenderSemanticsAnnotations#72c31@Offset(28.5, 2.0), RenderMergeSemantics#42cc2@Offset(28.5, 2.0), _TabLabelBarRenderer#414c8@Offset(187.0, 2.0), RenderCustomPaint#61be0@Offset(187.0, 2.0), RenderSemanticsAnnotations#0a9f2@Offset(187.0, 2.0), RenderPadding#fc3f1@Offset(195.0, 2.0), _RenderSingleChildViewport#d487b@Offset(195.0, 2.0), RenderIgnorePointer#9a417@Offset(195.0, 2.0), RenderSemanticsAnnotations#19e4f@Offset(195.0, 2.0), RenderPointerListener#75574@Offset(195.0, 2.0), RenderSemanticsGestureHandler#45268@Offset(195.0, 2.0), RenderPointerListener#fa991@Offset(195.0, 2.0), _RenderScrollSemantics#2f4f4@Offset(195.0, 2.0), RenderPositionedBox#e0fbf@Offset(195.0, 2.0), _RenderInkFeatures#305fb@Offset(195.0, 2.0), RenderCustomPaint#ba08a@Offset(195.0, 2.0), RenderClipPath#ab6f3@Offset(195.0, 2.0), RenderFlex#86b70@Offset(195.0, 2.0), RenderConstrainedBox#00d14@Offset(195.0, 2.0), RenderConstrainedBox#54bed@Offset(195.0, 2.0), RenderPositionedBox#37dc3@Offset(195.0, 2.0), RenderPadding#db84b@Offset(195.0, 2.0), RenderCustomMultiChildLayoutBox#4bc76@Offset(195.0, 96.0), _RenderInkFeatures#a78d3@Offset(195.0, 96.0), RenderPhysicalModel#e7f9f@Offset(195.0, 96.0), RenderIndexedStack#9828b@Offset(195.0, 96.0), RenderAnimatedOpacity#3a594@Offset(195.0, 96.0), RenderClipRect#b6174@Offset(195.0, 96.0), _RenderLayoutBuilder#da0c2@Offset(195.0, 96.0), RenderCustomMultiChildLayoutBox#b8824@Offset(195.0, 96.0), _RenderInkFeatures#f8d6c@Offset(195.0, 96.0), RenderPhysicalModel#37695@Offset(195.0, 96.0), RenderSemanticsAnnotations#ab6e4@Offset(195.0, 96.0), RenderRepaintBoundary#ef00b@Offset(195.0, 96.0), RenderIgnorePointer#b0feb@Offset(195.0, 96.0), RenderAnimatedOpacity#c579b@Offset(195.0, 96.0), RenderRepaintBoundary#5215b@Offset(195.0, 96.0), RenderSemanticsAnnotations#653b2@Offset(195.0, 96.0), RenderOffstage#356a4@Offset(195.0, 96.0), RenderSemanticsAnnotations#7c503@Offset(195.0, 96.0), _RenderTheater#1a4c4@Offset(195.0, 96.0), RenderAbsorbPointer#6e37c@Offset(195.0, 96.0), RenderPointerListener#0789c@Offset(195.0, 96.0), RenderSemanticsAnnotations#164cc@Offset(195.0, 96.0), RenderSemanticsAnnotations#90e81@Offset(195.0, 96.0), RenderSemanticsAnnotations#d0519@Offset(195.0, 96.0), RenderSemanticsAnnotations#11419@Offset(195.0, 96.0), RenderTapRegionSurface#3dcff@Offset(195.0, 96.0), RenderSemanticsAnnotations#a40fd@Offset(195.0, 96.0), RenderSemanticsAnnotations#d9248@Offset(195.0, 96.0), RenderRepaintBoundary#d2794@Offset(195.0, 96.0), HitTestEntry<HitTestTarget>#a991a(_ReusableRenderView#0b3e1), HitTestEntry<HitTestTarget>#21d61(<AutomatedTestWidgetsFlutterBinding>))
#0      WidgetController._getElementPoint (package:flutter_test/src/controller.dart:2165:25)
#1      WidgetController.getCenter (package:flutter_test/src/controller.dart:1947:12)
#2      WidgetController.drag (package:flutter_test/src/controller.dart:1604:7)
#3      WidgetController.dragUntilVisible.<anonymous closure> (package:flutter_test/src/controller.dart:2483:17)
<asynchronous suspension>
#4      TestAsyncUtils.guard.<anonymous closure> (package:flutter_test/src/test_async_utils.dart:130:27)
<asynchronous suspension>
#5      WidgetController.scrollUntilVisible.<anonymous closure> (package:flutter_test/src/controller.dart:2439:7)
<asynchronous suspension>
#6      TestAsyncUtils.guard.<anonymous closure> (package:flutter_test/src/test_async_utils.dart:130:27)
<asynchronous suspension>
#7      main.<anonymous closure> (file:///home/runner/work/streetlift-apk/streetlift-apk/avant/test/visual_capture_test.dart:201:13)
<asynchronous suspension>
#8      testWidgets.<anonymous closure>.<anonymous closure> (package:flutter_test/src/widget_tester.dart:192:15)
<asynchronous suspension>
#9      TestWidgetsFlutterBinding._runTestBody (package:flutter_test/src/binding.dart:1953:5)
<asynchronous suspension>
#10     StackZoneSpecification._registerCallback.<anonymous closure> (package:stack_trace/src/stack_zone_specification.dart:114:42)
<asynchronous suspension>
To silence this warning, pass "warnIfMissed: false" to "drag()".
To make this warning fatal, set WidgetController.hitTestWarningShouldBeFatal to true.


Warning: A call to drag() with finder "Found 1 widget with type "Scrollable" descending from widget with type "StatsScreen" (ignoring all but last): [
  Scrollable(axisDirection: right, physics: null, restorationId: null, dependencies: [InheritedCupertinoTheme, MediaQuery, ScrollConfiguration, UnmanagedRestorationScope, _InheritedTheme, _LocalizationsScope-[GlobalKey#0a849]], state: ScrollableState#a9e47(position: ScrollPositionWithSingleContext#1c9e8(offset: 280.0, range: 0.0..768.0, viewport: 350.0, ScrollableState, ClampingScrollPhysics -> RangeMaintainingScrollPhysics, IdleScrollActivity#fe6b7, ScrollDirection.idle), effective physics: ClampingScrollPhysics -> RangeMaintainingScrollPhysics)),
]" derived an Offset (Offset(195.0, 96.0)) that would not hit test on the specified widget.
Maybe the widget is actually off-screen, or another widget is obscuring it, or the widget cannot receive pointer events.
The finder corresponds to this RenderBox: RenderClipRect#0df3c relayoutBoundary=up5
The hit test result at that offset is: HitTestResult(RenderPointerListener#61db0@Offset(28.5, 2.0), RenderSemanticsAnnotations#b7a86@Offset(28.5, 2.0), RenderMouseRegion#126d4@Offset(28.5, 2.0), RenderSemanticsAnnotations#72c31@Offset(28.5, 2.0), RenderMergeSemantics#42cc2@Offset(28.5, 2.0), _TabLabelBarRenderer#414c8@Offset(187.0, 2.0), RenderCustomPaint#61be0@Offset(187.0, 2.0), RenderSemanticsAnnotations#0a9f2@Offset(187.0, 2.0), RenderPadding#fc3f1@Offset(195.0, 2.0), _RenderSingleChildViewport#d487b@Offset(195.0, 2.0), RenderIgnorePointer#9a417@Offset(195.0, 2.0), RenderSemanticsAnnotations#19e4f@Offset(195.0, 2.0), RenderPointerListener#75574@Offset(195.0, 2.0), RenderSemanticsGestureHandler#45268@Offset(195.0, 2.0), RenderPointerListener#fa991@Offset(195.0, 2.0), _RenderScrollSemantics#2f4f4@Offset(195.0, 2.0), RenderPositionedBox#e0fbf@Offset(195.0, 2.0), _RenderInkFeatures#305fb@Offset(195.0, 2.0), RenderCustomPaint#ba08a@Offset(195.0, 2.0), RenderClipPath#ab6f3@Offset(195.0, 2.0), RenderFlex#86b70@Offset(195.0, 2.0), RenderConstrainedBox#00d14@Offset(195.0, 2.0), RenderConstrainedBox#54bed@Offset(195.0, 2.0), RenderPositionedBox#37dc3@Offset(195.0, 2.0), RenderPadding#db84b@Offset(195.0, 2.0), RenderCustomMultiChildLayoutBox#4bc76@Offset(195.0, 96.0), _RenderInkFeatures#a78d3@Offset(195.0, 96.0), RenderPhysicalModel#e7f9f@Offset(195.0, 96.0), RenderIndexedStack#9828b@Offset(195.0, 96.0), RenderAnimatedOpacity#3a594@Offset(195.0, 96.0), RenderClipRect#b6174@Offset(195.0, 96.0), _RenderLayoutBuilder#da0c2@Offset(195.0, 96.0), RenderCustomMultiChildLayoutBox#b8824@Offset(195.0, 96.0), _RenderInkFeatures#f8d6c@Offset(195.0, 96.0), RenderPhysicalModel#37695@Offset(195.0, 96.0), RenderSemanticsAnnotations#ab6e4@Offset(195.0, 96.0), RenderRepaintBoundary#ef00b@Offset(195.0, 96.0), RenderIgnorePointer#b0feb@Offset(195.0, 96.0), RenderAnimatedOpacity#c579b@Offset(195.0, 96.0), RenderRepaintBoundary#5215b@Offset(195.0, 96.0), RenderSemanticsAnnotations#653b2@Offset(195.0, 96.0), RenderOffstage#356a4@Offset(195.0, 96.0), RenderSemanticsAnnotations#7c503@Offset(195.0, 96.0), _RenderTheater#1a4c4@Offset(195.0, 96.0), RenderAbsorbPointer#6e37c@Offset(195.0, 96.0), RenderPointerListener#0789c@Offset(195.0, 96.0), RenderSemanticsAnnotations#164cc@Offset(195.0, 96.0), RenderSemanticsAnnotations#90e81@Offset(195.0, 96.0), RenderSemanticsAnnotations#d0519@Offset(195.0, 96.0), RenderSemanticsAnnotations#11419@Offset(195.0, 96.0), RenderTapRegionSurface#3dcff@Offset(195.0, 96.0), RenderSemanticsAnnotations#a40fd@Offset(195.0, 96.0), RenderSemanticsAnnotations#d9248@Offset(195.0, 96.0), RenderRepaintBoundary#d2794@Offset(195.0, 96.0), HitTestEntry<HitTestTarget>#55d1a(_ReusableRenderView#0b3e1), HitTestEntry<HitTestTarget>#7c2d1(<AutomatedTestWidgetsFlutterBinding>))
#0      WidgetController._getElementPoint (package:flutter_test/src/controller.dart:2165:25)
#1      WidgetController.getCenter (package:flutter_test/src/controller.dart:1947:12)
#2      WidgetController.drag (package:flutter_test/src/controller.dart:1604:7)
#3      WidgetController.dragUntilVisible.<anonymous closure> (package:flutter_test/src/controller.dart:2483:17)
<asynchronous suspension>
#4      TestAsyncUtils.guard.<anonymous closure> (package:flutter_test/src/test_async_utils.dart:130:27)
<asynchronous suspension>
#5      WidgetController.scrollUntilVisible.<anonymous closure> (package:flutter_test/src/controller.dart:2439:7)
<asynchronous suspension>
#6      TestAsyncUtils.guard.<anonymous closure> (package:flutter_test/src/test_async_utils.dart:130:27)
<asynchronous suspension>
#7      main.<anonymous closure> (file:///home/runner/work/streetlift-apk/streetlift-apk/avant/test/visual_capture_test.dart:201:13)
<asynchronous suspension>
#8      testWidgets.<anonymous closure>.<anonymous closure> (package:flutter_test/src/widget_tester.dart:192:15)
<asynchronous suspension>
#9      TestWidgetsFlutterBinding._runTestBody (package:flutter_test/src/binding.dart:1953:5)
<asynchronous suspension>
#10     StackZoneSpecification._registerCallback.<anonymous closure> (package:stack_trace/src/stack_zone_specification.dart:114:42)
<asynchronous suspension>
To silence this warning, pass "warnIfMissed: false" to "drag()".
To make this warning fatal, set WidgetController.hitTestWarningShouldBeFatal to true.


Warning: A call to drag() with finder "Found 1 widget with type "Scrollable" descending from widget with type "StatsScreen" (ignoring all but last): [
  Scrollable(axisDirection: right, physics: null, restorationId: null, dependencies: [InheritedCupertinoTheme, MediaQuery, ScrollConfiguration, UnmanagedRestorationScope, _InheritedTheme, _LocalizationsScope-[GlobalKey#0a849]], state: ScrollableState#a9e47(position: ScrollPositionWithSingleContext#1c9e8(offset: 280.0, range: 0.0..768.0, viewport: 350.0, ScrollableState, ClampingScrollPhysics -> RangeMaintainingScrollPhysics, IdleScrollActivity#fe6b7, ScrollDirection.idle), effective physics: ClampingScrollPhysics -> RangeMaintainingScrollPhysics)),
]" derived an Offset (Offset(195.0, 96.0)) that would not hit test on the specified widget.
Maybe the widget is actually off-screen, or another widget is obscuring it, or the widget cannot receive pointer events.
The finder corresponds to this RenderBox: RenderClipRect#0df3c relayoutBoundary=up5
The hit test result at that offset is: HitTestResult(RenderPointerListener#61db0@Offset(28.5, 2.0), RenderSemanticsAnnotations#b7a86@Offset(28.5, 2.0), RenderMouseRegion#126d4@Offset(28.5, 2.0), RenderSemanticsAnnotations#72c31@Offset(28.5, 2.0), RenderMergeSemantics#42cc2@Offset(28.5, 2.0), _TabLabelBarRenderer#414c8@Offset(187.0, 2.0), RenderCustomPaint#61be0@Offset(187.0, 2.0), RenderSemanticsAnnotations#0a9f2@Offset(187.0, 2.0), RenderPadding#fc3f1@Offset(195.0, 2.0), _RenderSingleChildViewport#d487b@Offset(195.0, 2.0), RenderIgnorePointer#9a417@Offset(195.0, 2.0), RenderSemanticsAnnotations#19e4f@Offset(195.0, 2.0), RenderPointerListener#75574@Offset(195.0, 2.0), RenderSemanticsGestureHandler#45268@Offset(195.0, 2.0), RenderPointerListener#fa991@Offset(195.0, 2.0), _RenderScrollSemantics#2f4f4@Offset(195.0, 2.0), RenderPositionedBox#e0fbf@Offset(195.0, 2.0), _RenderInkFeatures#305fb@Offset(195.0, 2.0), RenderCustomPaint#ba08a@Offset(195.0, 2.0), RenderClipPath#ab6f3@Offset(195.0, 2.0), RenderFlex#86b70@Offset(195.0, 2.0), RenderConstrainedBox#00d14@Offset(195.0, 2.0), RenderConstrainedBox#54bed@Offset(195.0, 2.0), RenderPositionedBox#37dc3@Offset(195.0, 2.0), RenderPadding#db84b@Offset(195.0, 2.0), RenderCustomMultiChildLayoutBox#4bc76@Offset(195.0, 96.0), _RenderInkFeatures#a78d3@Offset(195.0, 96.0), RenderPhysicalModel#e7f9f@Offset(195.0, 96.0), RenderIndexedStack#9828b@Offset(195.0, 96.0), RenderAnimatedOpacity#3a594@Offset(195.0, 96.0), RenderClipRect#b6174@Offset(195.0, 96.0), _RenderLayoutBuilder#da0c2@Offset(195.0, 96.0), RenderCustomMultiChildLayoutBox#b8824@Offset(195.0, 96.0), _RenderInkFeatures#f8d6c@Offset(195.0, 96.0), RenderPhysicalModel#37695@Offset(195.0, 96.0), RenderSemanticsAnnotations#ab6e4@Offset(195.0, 96.0), RenderRepaintBoundary#ef00b@Offset(195.0, 96.0), RenderIgnorePointer#b0feb@Offset(195.0, 96.0), RenderAnimatedOpacity#c579b@Offset(195.0, 96.0), RenderRepaintBoundary#5215b@Offset(195.0, 96.0), RenderSemanticsAnnotations#653b2@Offset(195.0, 96.0), RenderOffstage#356a4@Offset(195.0, 96.0), RenderSemanticsAnnotations#7c503@Offset(195.0, 96.0), _RenderTheater#1a4c4@Offset(195.0, 96.0), RenderAbsorbPointer#6e37c@Offset(195.0, 96.0), RenderPointerListener#0789c@Offset(195.0, 96.0), RenderSemanticsAnnotations#164cc@Offset(195.0, 96.0), RenderSemanticsAnnotations#90e81@Offset(195.0, 96.0), RenderSemanticsAnnotations#d0519@Offset(195.0, 96.0), RenderSemanticsAnnotations#11419@Offset(195.0, 96.0), RenderTapRegionSurface#3dcff@Offset(195.0, 96.0), RenderSemanticsAnnotations#a40fd@Offset(195.0, 96.0), RenderSemanticsAnnotations#d9248@Offset(195.0, 96.0), RenderRepaintBoundary#d2794@Offset(195.0, 96.0), HitTestEntry<HitTestTarget>#cecb3(_ReusableRenderView#0b3e1), HitTestEntry<HitTestTarget>#6c6a9(<AutomatedTestWidgetsFlutterBinding>))
#0      WidgetController._getElementPoint (package:flutter_test/src/controller.dart:2165:25)
#1      WidgetController.getCenter (package:flutter_test/src/controller.dart:1947:12)
#2      WidgetController.drag (package:flutter_test/src/controller.dart:1604:7)
#3      WidgetController.dragUntilVisible.<anonymous closure> (package:flutter_test/src/controller.dart:2483:17)
<asynchronous suspension>
#4      TestAsyncUtils.guard.<anonymous closure> (package:flutter_test/src/test_async_utils.dart:130:27)
<asynchronous suspension>
#5      WidgetController.scrollUntilVisible.<anonymous closure> (package:flutter_test/src/controller.dart:2439:7)
<asynchronous suspension>
#6      TestAsyncUtils.guard.<anonymous closure> (package:flutter_test/src/test_async_utils.dart:130:27)
<asynchronous suspension>
#7      main.<anonymous closure> (file:///home/runner/work/streetlift-apk/streetlift-apk/avant/test/visual_capture_test.dart:201:13)
<asynchronous suspension>
#8      testWidgets.<anonymous closure>.<anonymous closure> (package:flutter_test/src/widget_tester.dart:192:15)
<asynchronous suspension>
#9      TestWidgetsFlutterBinding._runTestBody (package:flutter_test/src/binding.dart:1953:5)
<asynchronous suspension>
#10     StackZoneSpecification._registerCallback.<anonymous closure> (package:stack_trace/src/stack_zone_specification.dart:114:42)
<asynchronous suspension>
To silence this warning, pass "warnIfMissed: false" to "drag()".
To make this warning fatal, set WidgetController.hitTestWarningShouldBeFatal to true.


Warning: A call to drag() with finder "Found 1 widget with type "Scrollable" descending from widget with type "StatsScreen" (ignoring all but last): [
  Scrollable(axisDirection: right, physics: null, restorationId: null, dependencies: [InheritedCupertinoTheme, MediaQuery, ScrollConfiguration, UnmanagedRestorationScope, _InheritedTheme, _LocalizationsScope-[GlobalKey#0a849]], state: ScrollableState#a9e47(position: ScrollPositionWithSingleContext#1c9e8(offset: 280.0, range: 0.0..768.0, viewport: 350.0, ScrollableState, ClampingScrollPhysics -> RangeMaintainingScrollPhysics, IdleScrollActivity#fe6b7, ScrollDirection.idle), effective physics: ClampingScrollPhysics -> RangeMaintainingScrollPhysics)),
]" derived an Offset (Offset(195.0, 96.0)) that would not hit test on the specified widget.
Maybe the widget is actually off-screen, or another widget is obscuring it, or the widget cannot receive pointer events.
The finder corresponds to this RenderBox: RenderClipRect#0df3c relayoutBoundary=up5
The hit test result at that offset is: HitTestResult(RenderPointerListener#61db0@Offset(28.5, 2.0), RenderSemanticsAnnotations#b7a86@Offset(28.5, 2.0), RenderMouseRegion#126d4@Offset(28.5, 2.0), RenderSemanticsAnnotations#72c31@Offset(28.5, 2.0), RenderMergeSemantics#42cc2@Offset(28.5, 2.0), _TabLabelBarRenderer#414c8@Offset(187.0, 2.0), RenderCustomPaint#61be0@Offset(187.0, 2.0), RenderSemanticsAnnotations#0a9f2@Offset(187.0, 2.0), RenderPadding#fc3f1@Offset(195.0, 2.0), _RenderSingleChildViewport#d487b@Offset(195.0, 2.0), RenderIgnorePointer#9a417@Offset(195.0, 2.0), RenderSemanticsAnnotations#19e4f@Offset(195.0, 2.0), RenderPointerListener#75574@Offset(195.0, 2.0), RenderSemanticsGestureHandler#45268@Offset(195.0, 2.0), RenderPointerListener#fa991@Offset(195.0, 2.0), _RenderScrollSemantics#2f4f4@Offset(195.0, 2.0), RenderPositionedBox#e0fbf@Offset(195.0, 2.0), _RenderInkFeatures#305fb@Offset(195.0, 2.0), RenderCustomPaint#ba08a@Offset(195.0, 2.0), RenderClipPath#ab6f3@Offset(195.0, 2.0), RenderFlex#86b70@Offset(195.0, 2.0), RenderConstrainedBox#00d14@Offset(195.0, 2.0), RenderConstrainedBox#54bed@Offset(195.0, 2.0), RenderPositionedBox#37dc3@Offset(195.0, 2.0), RenderPadding#db84b@Offset(195.0, 2.0), RenderCustomMultiChildLayoutBox#4bc76@Offset(195.0, 96.0), _RenderInkFeatures#a78d3@Offset(195.0, 96.0), RenderPhysicalModel#e7f9f@Offset(195.0, 96.0), RenderIndexedStack#9828b@Offset(195.0, 96.0), RenderAnimatedOpacity#3a594@Offset(195.0, 96.0), RenderClipRect#b6174@Offset(195.0, 96.0), _RenderLayoutBuilder#da0c2@Offset(195.0, 96.0), RenderCustomMultiChildLayoutBox#b8824@Offset(195.0, 96.0), _RenderInkFeatures#f8d6c@Offset(195.0, 96.0), RenderPhysicalModel#37695@Offset(195.0, 96.0), RenderSemanticsAnnotations#ab6e4@Offset(195.0, 96.0), RenderRepaintBoundary#ef00b@Offset(195.0, 96.0), RenderIgnorePointer#b0feb@Offset(195.0, 96.0), RenderAnimatedOpacity#c579b@Offset(195.0, 96.0), RenderRepaintBoundary#5215b@Offset(195.0, 96.0), RenderSemanticsAnnotations#653b2@Offset(195.0, 96.0), RenderOffstage#356a4@Offset(195.0, 96.0), RenderSemanticsAnnotations#7c503@Offset(195.0, 96.0), _RenderTheater#1a4c4@Offset(195.0, 96.0), RenderAbsorbPointer#6e37c@Offset(195.0, 96.0), RenderPointerListener#0789c@Offset(195.0, 96.0), RenderSemanticsAnnotations#164cc@Offset(195.0, 96.0), RenderSemanticsAnnotations#90e81@Offset(195.0, 96.0), RenderSemanticsAnnotations#d0519@Offset(195.0, 96.0), RenderSemanticsAnnotations#11419@Offset(195.0, 96.0), RenderTapRegionSurface#3dcff@Offset(195.0, 96.0), RenderSemanticsAnnotations#a40fd@Offset(195.0, 96.0), RenderSemanticsAnnotations#d9248@Offset(195.0, 96.0), RenderRepaintBoundary#d2794@Offset(195.0, 96.0), HitTestEntry<HitTestTarget>#10d4f(_ReusableRenderView#0b3e1), HitTestEntry<HitTestTarget>#91e91(<AutomatedTestWidgetsFlutterBinding>))
#0      WidgetController._getElementPoint (package:flutter_test/src/controller.dart:2165:25)
#1      WidgetController.getCenter (package:flutter_test/src/controller.dart:1947:12)
#2      WidgetController.drag (package:flutter_test/src/controller.dart:1604:7)
#3      WidgetController.dragUntilVisible.<anonymous closure> (package:flutter_test/src/controller.dart:2483:17)
<asynchronous suspension>
#4      TestAsyncUtils.guard.<anonymous closure> (package:flutter_test/src/test_async_utils.dart:130:27)
<asynchronous suspension>
#5      WidgetController.scrollUntilVisible.<anonymous closure> (package:flutter_test/src/controller.dart:2439:7)
<asynchronous suspension>
#6      TestAsyncUtils.guard.<anonymous closure> (package:flutter_test/src/test_async_utils.dart:130:27)
<asynchronous suspension>
#7      main.<anonymous closure> (file:///home/runner/work/streetlift-apk/streetlift-apk/avant/test/visual_capture_test.dart:201:13)
<asynchronous suspension>
#8      testWidgets.<anonymous closure>.<anonymous closure> (package:flutter_test/src/widget_tester.dart:192:15)
<asynchronous suspension>
#9      TestWidgetsFlutterBinding._runTestBody (package:flutter_test/src/binding.dart:1953:5)
<asynchronous suspension>
#10     StackZoneSpecification._registerCallback.<anonymous closure> (package:stack_trace/src/stack_zone_specification.dart:114:42)
<asynchronous suspension>
To silence this warning, pass "warnIfMissed: false" to "drag()".
To make this warning fatal, set WidgetController.hitTestWarningShouldBeFatal to true.


Warning: A call to drag() with finder "Found 1 widget with type "Scrollable" descending from widget with type "StatsScreen" (ignoring all but last): [
  Scrollable(axisDirection: right, physics: null, restorationId: null, dependencies: [InheritedCupertinoTheme, MediaQuery, ScrollConfiguration, UnmanagedRestorationScope, _InheritedTheme, _LocalizationsScope-[GlobalKey#0a849]], state: ScrollableState#a9e47(position: ScrollPositionWithSingleContext#1c9e8(offset: 280.0, range: 0.0..768.0, viewport: 350.0, ScrollableState, ClampingScrollPhysics -> RangeMaintainingScrollPhysics, IdleScrollActivity#fe6b7, ScrollDirection.idle), effective physics: ClampingScrollPhysics -> RangeMaintainingScrollPhysics)),
]" derived an Offset (Offset(195.0, 96.0)) that would not hit test on the specified widget.
Maybe the widget is actually off-screen, or another widget is obscuring it, or the widget cannot receive pointer events.
The finder corresponds to this RenderBox: RenderClipRect#0df3c relayoutBoundary=up5
The hit test result at that offset is: HitTestResult(RenderPointerListener#61db0@Offset(28.5, 2.0), RenderSemanticsAnnotations#b7a86@Offset(28.5, 2.0), RenderMouseRegion#126d4@Offset(28.5, 2.0), RenderSemanticsAnnotations#72c31@Offset(28.5, 2.0), RenderMergeSemantics#42cc2@Offset(28.5, 2.0), _TabLabelBarRenderer#414c8@Offset(187.0, 2.0), RenderCustomPaint#61be0@Offset(187.0, 2.0), RenderSemanticsAnnotations#0a9f2@Offset(187.0, 2.0), RenderPadding#fc3f1@Offset(195.0, 2.0), _RenderSingleChildViewport#d487b@Offset(195.0, 2.0), RenderIgnorePointer#9a417@Offset(195.0, 2.0), RenderSemanticsAnnotations#19e4f@Offset(195.0, 2.0), RenderPointerListener#75574@Offset(195.0, 2.0), RenderSemanticsGestureHandler#45268@Offset(195.0, 2.0), RenderPointerListener#fa991@Offset(195.0, 2.0), _RenderScrollSemantics#2f4f4@Offset(195.0, 2.0), RenderPositionedBox#e0fbf@Offset(195.0, 2.0), _RenderInkFeatures#305fb@Offset(195.0, 2.0), RenderCustomPaint#ba08a@Offset(195.0, 2.0), RenderClipPath#ab6f3@Offset(195.0, 2.0), RenderFlex#86b70@Offset(195.0, 2.0), RenderConstrainedBox#00d14@Offset(195.0, 2.0), RenderConstrainedBox#54bed@Offset(195.0, 2.0), RenderPositionedBox#37dc3@Offset(195.0, 2.0), RenderPadding#db84b@Offset(195.0, 2.0), RenderCustomMultiChildLayoutBox#4bc76@Offset(195.0, 96.0), _RenderInkFeatures#a78d3@Offset(195.0, 96.0), RenderPhysicalModel#e7f9f@Offset(195.0, 96.0), RenderIndexedStack#9828b@Offset(195.0, 96.0), RenderAnimatedOpacity#3a594@Offset(195.0, 96.0), RenderClipRect#b6174@Offset(195.0, 96.0), _RenderLayoutBuilder#da0c2@Offset(195.0, 96.0), RenderCustomMultiChildLayoutBox#b8824@Offset(195.0, 96.0), _RenderInkFeatures#f8d6c@Offset(195.0, 96.0), RenderPhysicalModel#37695@Offset(195.0, 96.0), RenderSemanticsAnnotations#ab6e4@Offset(195.0, 96.0), RenderRepaintBoundary#ef00b@Offset(195.0, 96.0), RenderIgnorePointer#b0feb@Offset(195.0, 96.0), RenderAnimatedOpacity#c579b@Offset(195.0, 96.0), RenderRepaintBoundary#5215b@Offset(195.0, 96.0), RenderSemanticsAnnotations#653b2@Offset(195.0, 96.0), RenderOffstage#356a4@Offset(195.0, 96.0), RenderSemanticsAnnotations#7c503@Offset(195.0, 96.0), _RenderTheater#1a4c4@Offset(195.0, 96.0), RenderAbsorbPointer#6e37c@Offset(195.0, 96.0), RenderPointerListener#0789c@Offset(195.0, 96.0), RenderSemanticsAnnotations#164cc@Offset(195.0, 96.0), RenderSemanticsAnnotations#90e81@Offset(195.0, 96.0), RenderSemanticsAnnotations#d0519@Offset(195.0, 96.0), RenderSemanticsAnnotations#11419@Offset(195.0, 96.0), RenderTapRegionSurface#3dcff@Offset(195.0, 96.0), RenderSemanticsAnnotations#a40fd@Offset(195.0, 96.0), RenderSemanticsAnnotations#d9248@Offset(195.0, 96.0), RenderRepaintBoundary#d2794@Offset(195.0, 96.0), HitTestEntry<HitTestTarget>#84e6c(_ReusableRenderView#0b3e1), HitTestEntry<HitTestTarget>#3009a(<AutomatedTestWidgetsFlutterBinding>))
#0      WidgetController._getElementPoint (package:flutter_test/src/controller.dart:2165:25)
#1      WidgetController.getCenter (package:flutter_test/src/controller.dart:1947:12)
#2      WidgetController.drag (package:flutter_test/src/controller.dart:1604:7)
#3      WidgetController.dragUntilVisible.<anonymous closure> (package:flutter_test/src/controller.dart:2483:17)
<asynchronous suspension>
#4      TestAsyncUtils.guard.<anonymous closure> (package:flutter_test/src/test_async_utils.dart:130:27)
<asynchronous suspension>
#5      WidgetController.scrollUntilVisible.<anonymous closure> (package:flutter_test/src/controller.dart:2439:7)
<asynchronous suspension>
#6      TestAsyncUtils.guard.<anonymous closure> (package:flutter_test/src/test_async_utils.dart:130:27)
<asynchronous suspension>
#7      main.<anonymous closure> (file:///home/runner/work/streetlift-apk/streetlift-apk/avant/test/visual_capture_test.dart:201:13)
<asynchronous suspension>
#8      testWidgets.<anonymous closure>.<anonymous closure> (package:flutter_test/src/widget_tester.dart:192:15)
<asynchronous suspension>
#9      TestWidgetsFlutterBinding._runTestBody (package:flutter_test/src/binding.dart:1953:5)
<asynchronous suspension>
#10     StackZoneSpecification._registerCallback.<anonymous closure> (package:stack_trace/src/stack_zone_specification.dart:114:42)
<asynchronous suspension>
To silence this warning, pass "warnIfMissed: false" to "drag()".
To make this warning fatal, set WidgetController.hitTestWarningShouldBeFatal to true.


Warning: A call to drag() with finder "Found 1 widget with type "Scrollable" descending from widget with type "StatsScreen" (ignoring all but last): [
  Scrollable(axisDirection: right, physics: null, restorationId: null, dependencies: [InheritedCupertinoTheme, MediaQuery, ScrollConfiguration, UnmanagedRestorationScope, _InheritedTheme, _LocalizationsScope-[GlobalKey#0a849]], state: ScrollableState#a9e47(position: ScrollPositionWithSingleContext#1c9e8(offset: 280.0, range: 0.0..768.0, viewport: 350.0, ScrollableState, ClampingScrollPhysics -> RangeMaintainingScrollPhysics, IdleScrollActivity#fe6b7, ScrollDirection.idle), effective physics: ClampingScrollPhysics -> RangeMaintainingScrollPhysics)),
]" derived an Offset (Offset(195.0, 96.0)) that would not hit test on the specified widget.
Maybe the widget is actually off-screen, or another widget is obscuring it, or the widget cannot receive pointer events.
The finder corresponds to this RenderBox: RenderClipRect#0df3c relayoutBoundary=up5
The hit test result at that offset is: HitTestResult(RenderPointerListener#61db0@Offset(28.5, 2.0), RenderSemanticsAnnotations#b7a86@Offset(28.5, 2.0), RenderMouseRegion#126d4@Offset(28.5, 2.0), RenderSemanticsAnnotations#72c31@Offset(28.5, 2.0), RenderMergeSemantics#42cc2@Offset(28.5, 2.0), _TabLabelBarRenderer#414c8@Offset(187.0, 2.0), RenderCustomPaint#61be0@Offset(187.0, 2.0), RenderSemanticsAnnotations#0a9f2@Offset(187.0, 2.0), RenderPadding#fc3f1@Offset(195.0, 2.0), _RenderSingleChildViewport#d487b@Offset(195.0, 2.0), RenderIgnorePointer#9a417@Offset(195.0, 2.0), RenderSemanticsAnnotations#19e4f@Offset(195.0, 2.0), RenderPointerListener#75574@Offset(195.0, 2.0), RenderSemanticsGestureHandler#45268@Offset(195.0, 2.0), RenderPointerListener#fa991@Offset(195.0, 2.0), _RenderScrollSemantics#2f4f4@Offset(195.0, 2.0), RenderPositionedBox#e0fbf@Offset(195.0, 2.0), _RenderInkFeatures#305fb@Offset(195.0, 2.0), RenderCustomPaint#ba08a@Offset(195.0, 2.0), RenderClipPath#ab6f3@Offset(195.0, 2.0), RenderFlex#86b70@Offset(195.0, 2.0), RenderConstrainedBox#00d14@Offset(195.0, 2.0), RenderConstrainedBox#54bed@Offset(195.0, 2.0), RenderPositionedBox#37dc3@Offset(195.0, 2.0), RenderPadding#db84b@Offset(195.0, 2.0), RenderCustomMultiChildLayoutBox#4bc76@Offset(195.0, 96.0), _RenderInkFeatures#a78d3@Offset(195.0, 96.0), RenderPhysicalModel#e7f9f@Offset(195.0, 96.0), RenderIndexedStack#9828b@Offset(195.0, 96.0), RenderAnimatedOpacity#3a594@Offset(195.0, 96.0), RenderClipRect#b6174@Offset(195.0, 96.0), _RenderLayoutBuilder#da0c2@Offset(195.0, 96.0), RenderCustomMultiChildLayoutBox#b8824@Offset(195.0, 96.0), _RenderInkFeatures#f8d6c@Offset(195.0, 96.0), RenderPhysicalModel#37695@Offset(195.0, 96.0), RenderSemanticsAnnotations#ab6e4@Offset(195.0, 96.0), RenderRepaintBoundary#ef00b@Offset(195.0, 96.0), RenderIgnorePointer#b0feb@Offset(195.0, 96.0), RenderAnimatedOpacity#c579b@Offset(195.0, 96.0), RenderRepaintBoundary#5215b@Offset(195.0, 96.0), RenderSemanticsAnnotations#653b2@Offset(195.0, 96.0), RenderOffstage#356a4@Offset(195.0, 96.0), RenderSemanticsAnnotations#7c503@Offset(195.0, 96.0), _RenderTheater#1a4c4@Offset(195.0, 96.0), RenderAbsorbPointer#6e37c@Offset(195.0, 96.0), RenderPointerListener#0789c@Offset(195.0, 96.0), RenderSemanticsAnnotations#164cc@Offset(195.0, 96.0), RenderSemanticsAnnotations#90e81@Offset(195.0, 96.0), RenderSemanticsAnnotations#d0519@Offset(195.0, 96.0), RenderSemanticsAnnotations#11419@Offset(195.0, 96.0), RenderTapRegionSurface#3dcff@Offset(195.0, 96.0), RenderSemanticsAnnotations#a40fd@Offset(195.0, 96.0), RenderSemanticsAnnotations#d9248@Offset(195.0, 96.0), RenderRepaintBoundary#d2794@Offset(195.0, 96.0), HitTestEntry<HitTestTarget>#17037(_ReusableRenderView#0b3e1), HitTestEntry<HitTestTarget>#e5a53(<AutomatedTestWidgetsFlutterBinding>))
#0      WidgetController._getElementPoint (package:flutter_test/src/controller.dart:2165:25)
#1      WidgetController.getCenter (package:flutter_test/src/controller.dart:1947:12)
#2      WidgetController.drag (package:flutter_test/src/controller.dart:1604:7)
#3      WidgetController.dragUntilVisible.<anonymous closure> (package:flutter_test/src/controller.dart:2483:17)
<asynchronous suspension>
#4      TestAsyncUtils.guard.<anonymous closure> (package:flutter_test/src/test_async_utils.dart:130:27)
<asynchronous suspension>
#5      WidgetController.scrollUntilVisible.<anonymous closure> (package:flutter_test/src/controller.dart:2439:7)
<asynchronous suspension>
#6      TestAsyncUtils.guard.<anonymous closure> (package:flutter_test/src/test_async_utils.dart:130:27)
<asynchronous suspension>
#7      main.<anonymous closure> (file:///home/runner/work/streetlift-apk/streetlift-apk/avant/test/visual_capture_test.dart:201:13)
<asynchronous suspension>
#8      testWidgets.<anonymous closure>.<anonymous closure> (package:flutter_test/src/widget_tester.dart:192:15)
<asynchronous suspension>
#9      TestWidgetsFlutterBinding._runTestBody (package:flutter_test/src/binding.dart:1953:5)
<asynchronous suspension>
#10     StackZoneSpecification._registerCallback.<anonymous closure> (package:stack_trace/src/stack_zone_specification.dart:114:42)
<asynchronous suspension>
To silence this warning, pass "warnIfMissed: false" to "drag()".
To make this warning fatal, set WidgetController.hitTestWarningShouldBeFatal to true.


Warning: A call to drag() with finder "Found 1 widget with type "Scrollable" descending from widget with type "StatsScreen" (ignoring all but last): [
  Scrollable(axisDirection: right, physics: null, restorationId: null, dependencies: [InheritedCupertinoTheme, MediaQuery, ScrollConfiguration, UnmanagedRestorationScope, _InheritedTheme, _LocalizationsScope-[GlobalKey#0a849]], state: ScrollableState#a9e47(position: ScrollPositionWithSingleContext#1c9e8(offset: 280.0, range: 0.0..768.0, viewport: 350.0, ScrollableState, ClampingScrollPhysics -> RangeMaintainingScrollPhysics, IdleScrollActivity#fe6b7, ScrollDirection.idle), effective physics: ClampingScrollPhysics -> RangeMaintainingScrollPhysics)),
]" derived an Offset (Offset(195.0, 96.0)) that would not hit test on the specified widget.
Maybe the widget is actually off-screen, or another widget is obscuring it, or the widget cannot receive pointer events.
The finder corresponds to this RenderBox: RenderClipRect#0df3c relayoutBoundary=up5
The hit test result at that offset is: HitTestResult(RenderPointerListener#61db0@Offset(28.5, 2.0), RenderSemanticsAnnotations#b7a86@Offset(28.5, 2.0), RenderMouseRegion#126d4@Offset(28.5, 2.0), RenderSemanticsAnnotations#72c31@Offset(28.5, 2.0), RenderMergeSemantics#42cc2@Offset(28.5, 2.0), _TabLabelBarRenderer#414c8@Offset(187.0, 2.0), RenderCustomPaint#61be0@Offset(187.0, 2.0), RenderSemanticsAnnotations#0a9f2@Offset(187.0, 2.0), RenderPadding#fc3f1@Offset(195.0, 2.0), _RenderSingleChildViewport#d487b@Offset(195.0, 2.0), RenderIgnorePointer#9a417@Offset(195.0, 2.0), RenderSemanticsAnnotations#19e4f@Offset(195.0, 2.0), RenderPointerListener#75574@Offset(195.0, 2.0), RenderSemanticsGestureHandler#45268@Offset(195.0, 2.0), RenderPointerListener#fa991@Offset(195.0, 2.0), _RenderScrollSemantics#2f4f4@Offset(195.0, 2.0), RenderPositionedBox#e0fbf@Offset(195.0, 2.0), _RenderInkFeatures#305fb@Offset(195.0, 2.0), RenderCustomPaint#ba08a@Offset(195.0, 2.0), RenderClipPath#ab6f3@Offset(195.0, 2.0), RenderFlex#86b70@Offset(195.0, 2.0), RenderConstrainedBox#00d14@Offset(195.0, 2.0), RenderConstrainedBox#54bed@Offset(195.0, 2.0), RenderPositionedBox#37dc3@Offset(195.0, 2.0), RenderPadding#db84b@Offset(195.0, 2.0), RenderCustomMultiChildLayoutBox#4bc76@Offset(195.0, 96.0), _RenderInkFeatures#a78d3@Offset(195.0, 96.0), RenderPhysicalModel#e7f9f@Offset(195.0, 96.0), RenderIndexedStack#9828b@Offset(195.0, 96.0), RenderAnimatedOpacity#3a594@Offset(195.0, 96.0), RenderClipRect#b6174@Offset(195.0, 96.0), _RenderLayoutBuilder#da0c2@Offset(195.0, 96.0), RenderCustomMultiChildLayoutBox#b8824@Offset(195.0, 96.0), _RenderInkFeatures#f8d6c@Offset(195.0, 96.0), RenderPhysicalModel#37695@Offset(195.0, 96.0), RenderSemanticsAnnotations#ab6e4@Offset(195.0, 96.0), RenderRepaintBoundary#ef00b@Offset(195.0, 96.0), RenderIgnorePointer#b0feb@Offset(195.0, 96.0), RenderAnimatedOpacity#c579b@Offset(195.0, 96.0), RenderRepaintBoundary#5215b@Offset(195.0, 96.0), RenderSemanticsAnnotations#653b2@Offset(195.0, 96.0), RenderOffstage#356a4@Offset(195.0, 96.0), RenderSemanticsAnnotations#7c503@Offset(195.0, 96.0), _RenderTheater#1a4c4@Offset(195.0, 96.0), RenderAbsorbPointer#6e37c@Offset(195.0, 96.0), RenderPointerListener#0789c@Offset(195.0, 96.0), RenderSemanticsAnnotations#164cc@Offset(195.0, 96.0), RenderSemanticsAnnotations#90e81@Offset(195.0, 96.0), RenderSemanticsAnnotations#d0519@Offset(195.0, 96.0), RenderSemanticsAnnotations#11419@Offset(195.0, 96.0), RenderTapRegionSurface#3dcff@Offset(195.0, 96.0), RenderSemanticsAnnotations#a40fd@Offset(195.0, 96.0), RenderSemanticsAnnotations#d9248@Offset(195.0, 96.0), RenderRepaintBoundary#d2794@Offset(195.0, 96.0), HitTestEntry<HitTestTarget>#73fcd(_ReusableRenderView#0b3e1), HitTestEntry<HitTestTarget>#725fe(<AutomatedTestWidgetsFlutterBinding>))
#0      WidgetController._getElementPoint (package:flutter_test/src/controller.dart:2165:25)
#1      WidgetController.getCenter (package:flutter_test/src/controller.dart:1947:12)
#2      WidgetController.drag (package:flutter_test/src/controller.dart:1604:7)
#3      WidgetController.dragUntilVisible.<anonymous closure> (package:flutter_test/src/controller.dart:2483:17)
<asynchronous suspension>
#4      TestAsyncUtils.guard.<anonymous closure> (package:flutter_test/src/test_async_utils.dart:130:27)
<asynchronous suspension>
#5      WidgetController.scrollUntilVisible.<anonymous closure> (package:flutter_test/src/controller.dart:2439:7)
<asynchronous suspension>
#6      TestAsyncUtils.guard.<anonymous closure> (package:flutter_test/src/test_async_utils.dart:130:27)
<asynchronous suspension>
#7      main.<anonymous closure> (file:///home/runner/work/streetlift-apk/streetlift-apk/avant/test/visual_capture_test.dart:201:13)
<asynchronous suspension>
#8      testWidgets.<anonymous closure>.<anonymous closure> (package:flutter_test/src/widget_tester.dart:192:15)
<asynchronous suspension>
#9      TestWidgetsFlutterBinding._runTestBody (package:flutter_test/src/binding.dart:1953:5)
<asynchronous suspension>
#10     StackZoneSpecification._registerCallback.<anonymous closure> (package:stack_trace/src/stack_zone_specification.dart:114:42)
<asynchronous suspension>
To silence this warning, pass "warnIfMissed: false" to "drag()".
To make this warning fatal, set WidgetController.hitTestWarningShouldBeFatal to true.


Warning: A call to drag() with finder "Found 1 widget with type "Scrollable" descending from widget with type "StatsScreen" (ignoring all but last): [
  Scrollable(axisDirection: right, physics: null, restorationId: null, dependencies: [InheritedCupertinoTheme, MediaQuery, ScrollConfiguration, UnmanagedRestorationScope, _InheritedTheme, _LocalizationsScope-[GlobalKey#0a849]], state: ScrollableState#a9e47(position: ScrollPositionWithSingleContext#1c9e8(offset: 280.0, range: 0.0..768.0, viewport: 350.0, ScrollableState, ClampingScrollPhysics -> RangeMaintainingScrollPhysics, IdleScrollActivity#fe6b7, ScrollDirection.idle), effective physics: ClampingScrollPhysics -> RangeMaintainingScrollPhysics)),
]" derived an Offset (Offset(195.0, 96.0)) that would not hit test on the specified widget.
Maybe the widget is actually off-screen, or another widget is obscuring it, or the widget cannot receive pointer events.
The finder corresponds to this RenderBox: RenderClipRect#0df3c relayoutBoundary=up5
The hit test result at that offset is: HitTestResult(RenderPointerListener#61db0@Offset(28.5, 2.0), RenderSemanticsAnnotations#b7a86@Offset(28.5, 2.0), RenderMouseRegion#126d4@Offset(28.5, 2.0), RenderSemanticsAnnotations#72c31@Offset(28.5, 2.0), RenderMergeSemantics#42cc2@Offset(28.5, 2.0), _TabLabelBarRenderer#414c8@Offset(187.0, 2.0), RenderCustomPaint#61be0@Offset(187.0, 2.0), RenderSemanticsAnnotations#0a9f2@Offset(187.0, 2.0), RenderPadding#fc3f1@Offset(195.0, 2.0), _RenderSingleChildViewport#d487b@Offset(195.0, 2.0), RenderIgnorePointer#9a417@Offset(195.0, 2.0), RenderSemanticsAnnotations#19e4f@Offset(195.0, 2.0), RenderPointerListener#75574@Offset(195.0, 2.0), RenderSemanticsGestureHandler#45268@Offset(195.0, 2.0), RenderPointerListener#fa991@Offset(195.0, 2.0), _RenderScrollSemantics#2f4f4@Offset(195.0, 2.0), RenderPositionedBox#e0fbf@Offset(195.0, 2.0), _RenderInkFeatures#305fb@Offset(195.0, 2.0), RenderCustomPaint#ba08a@Offset(195.0, 2.0), RenderClipPath#ab6f3@Offset(195.0, 2.0), RenderFlex#86b70@Offset(195.0, 2.0), RenderConstrainedBox#00d14@Offset(195.0, 2.0), RenderConstrainedBox#54bed@Offset(195.0, 2.0), RenderPositionedBox#37dc3@Offset(195.0, 2.0), RenderPadding#db84b@Offset(195.0, 2.0), RenderCustomMultiChildLayoutBox#4bc76@Offset(195.0, 96.0), _RenderInkFeatures#a78d3@Offset(195.0, 96.0), RenderPhysicalModel#e7f9f@Offset(195.0, 96.0), RenderIndexedStack#9828b@Offset(195.0, 96.0), RenderAnimatedOpacity#3a594@Offset(195.0, 96.0), RenderClipRect#b6174@Offset(195.0, 96.0), _RenderLayoutBuilder#da0c2@Offset(195.0, 96.0), RenderCustomMultiChildLayoutBox#b8824@Offset(195.0, 96.0), _RenderInkFeatures#f8d6c@Offset(195.0, 96.0), RenderPhysicalModel#37695@Offset(195.0, 96.0), RenderSemanticsAnnotations#ab6e4@Offset(195.0, 96.0), RenderRepaintBoundary#ef00b@Offset(195.0, 96.0), RenderIgnorePointer#b0feb@Offset(195.0, 96.0), RenderAnimatedOpacity#c579b@Offset(195.0, 96.0), RenderRepaintBoundary#5215b@Offset(195.0, 96.0), RenderSemanticsAnnotations#653b2@Offset(195.0, 96.0), RenderOffstage#356a4@Offset(195.0, 96.0), RenderSemanticsAnnotations#7c503@Offset(195.0, 96.0), _RenderTheater#1a4c4@Offset(195.0, 96.0), RenderAbsorbPointer#6e37c@Offset(195.0, 96.0), RenderPointerListener#0789c@Offset(195.0, 96.0), RenderSemanticsAnnotations#164cc@Offset(195.0, 96.0), RenderSemanticsAnnotations#90e81@Offset(195.0, 96.0), RenderSemanticsAnnotations#d0519@Offset(195.0, 96.0), RenderSemanticsAnnotations#11419@Offset(195.0, 96.0), RenderTapRegionSurface#3dcff@Offset(195.0, 96.0), RenderSemanticsAnnotations#a40fd@Offset(195.0, 96.0), RenderSemanticsAnnotations#d9248@Offset(195.0, 96.0), RenderRepaintBoundary#d2794@Offset(195.0, 96.0), HitTestEntry<HitTestTarget>#2d817(_ReusableRenderView#0b3e1), HitTestEntry<HitTestTarget>#bcc4c(<AutomatedTestWidgetsFlutterBinding>))
#0      WidgetController._getElementPoint (package:flutter_test/src/controller.dart:2165:25)
#1      WidgetController.getCenter (package:flutter_test/src/controller.dart:1947:12)
#2      WidgetController.drag (package:flutter_test/src/controller.dart:1604:7)
#3      WidgetController.dragUntilVisible.<anonymous closure> (package:flutter_test/src/controller.dart:2483:17)
<asynchronous suspension>
#4      TestAsyncUtils.guard.<anonymous closure> (package:flutter_test/src/test_async_utils.dart:130:27)
<asynchronous suspension>
#5      WidgetController.scrollUntilVisible.<anonymous closure> (package:flutter_test/src/controller.dart:2439:7)
<asynchronous suspension>
#6      TestAsyncUtils.guard.<anonymous closure> (package:flutter_test/src/test_async_utils.dart:130:27)
<asynchronous suspension>
#7      main.<anonymous closure> (file:///home/runner/work/streetlift-apk/streetlift-apk/avant/test/visual_capture_test.dart:201:13)
<asynchronous suspension>
#8      testWidgets.<anonymous closure>.<anonymous closure> (package:flutter_test/src/widget_tester.dart:192:15)
<asynchronous suspension>
#9      TestWidgetsFlutterBinding._runTestBody (package:flutter_test/src/binding.dart:1953:5)
<asynchronous suspension>
#10     StackZoneSpecification._registerCallback.<anonymous closure> (package:stack_trace/src/stack_zone_specification.dart:114:42)
<asynchronous suspension>
To silence this warning, pass "warnIfMissed: false" to "drag()".
To make this warning fatal, set WidgetController.hitTestWarningShouldBeFatal to true.

══╡ EXCEPTION CAUGHT BY FLUTTER TEST FRAMEWORK ╞════════════════════════════════════════════════════
The following StateError was thrown running a test:
Bad state: No element

When the exception was thrown, this was the stack:
#0      Iterable.single (dart:core/iterable.dart:694:25)
#1      WidgetController.element (package:flutter_test/src/controller.dart:888:30)
#2      WidgetController.dragUntilVisible.<anonymous closure> (package:flutter_test/src/controller.dart:2489:38)
<asynchronous suspension>
#3      TestAsyncUtils.guard.<anonymous closure> (package:flutter_test/src/test_async_utils.dart:130:27)
<asynchronous suspension>
#4      WidgetController.scrollUntilVisible.<anonymous closure> (package:flutter_test/src/controller.dart:2439:7)
<asynchronous suspension>
#5      TestAsyncUtils.guard.<anonymous closure> (package:flutter_test/src/test_async_utils.dart:130:27)
<asynchronous suspension>
#6      main.<anonymous closure> (file:///home/runner/work/streetlift-apk/streetlift-apk/avant/test/visual_capture_test.dart:201:13)
<asynchronous suspension>
#7      testWidgets.<anonymous closure>.<anonymous closure> (package:flutter_test/src/widget_tester.dart:192:15)
<asynchronous suspension>
#8      TestWidgetsFlutterBinding._runTestBody (package:flutter_test/src/binding.dart:1953:5)
<asynchronous suspension>
<asynchronous suspension>
(elided one frame from package:stack_trace)

The test description was:
  rendus bordeaux et anthracite : écrans, thèmes et largeur compacte
════════════════════════════════════════════════════════════════════════════════════════════════════
Test failed. See exception logs above.
The test description was: rendus bordeaux et anthracite : écrans, thèmes et largeur compacte

::endgroup::
::group::✅ Passing tests
✅ /home/runner/work/streetlift-apk/streetlift-apk/avant/test/l5c_ecrans_capture_test.dart: principaux écrans : rendus comparables avant / après L5
::endgroup::

::error::1 test passed, 1 failed.
