
::group::❌ /home/runner/work/streetlift-apk/streetlift-apk/streetlift_tracker/test/visual_capture_test.dart: rendus bordeaux et anthracite : écrans, thèmes et largeur compacte (failed)

Warning: A call to drag() with finder "Found 1 widget with type "Scrollable" descending from widget with type "StatsScreen" (ignoring all but last): [
  Scrollable(axisDirection: right, physics: null, restorationId: null, dependencies: [InheritedCupertinoTheme, MediaQuery, ScrollConfiguration, UnmanagedRestorationScope, _InheritedTheme, _LocalizationsScope-[GlobalKey#d2101]], state: ScrollableState#a99d0(position: ScrollPositionWithSingleContext#ab9cf(offset: 280.0, range: 0.0..768.0, viewport: 350.0, ScrollableState, ClampingScrollPhysics -> RangeMaintainingScrollPhysics, IdleScrollActivity#3610b, ScrollDirection.idle), effective physics: ClampingScrollPhysics -> RangeMaintainingScrollPhysics)),
]" derived an Offset (Offset(195.0, 96.0)) that would not hit test on the specified widget.
Maybe the widget is actually off-screen, or another widget is obscuring it, or the widget cannot receive pointer events.
The finder corresponds to this RenderBox: RenderClipRect#709fa relayoutBoundary=up5
The hit test result at that offset is: HitTestResult(RenderPointerListener#0926b@Offset(28.5, 2.0), RenderSemanticsAnnotations#89d2c@Offset(28.5, 2.0), RenderMouseRegion#025ed@Offset(28.5, 2.0), RenderSemanticsAnnotations#754fd@Offset(28.5, 2.0), RenderMergeSemantics#96843@Offset(28.5, 2.0), _TabLabelBarRenderer#080ca@Offset(187.0, 2.0), RenderCustomPaint#0f164@Offset(187.0, 2.0), RenderSemanticsAnnotations#320ef@Offset(187.0, 2.0), RenderPadding#5126f@Offset(195.0, 2.0), _RenderSingleChildViewport#3b2cb@Offset(195.0, 2.0), RenderIgnorePointer#87916@Offset(195.0, 2.0), RenderSemanticsAnnotations#718b1@Offset(195.0, 2.0), RenderPointerListener#6c5d0@Offset(195.0, 2.0), RenderSemanticsGestureHandler#e885f@Offset(195.0, 2.0), RenderPointerListener#3488a@Offset(195.0, 2.0), _RenderScrollSemantics#16b66@Offset(195.0, 2.0), RenderPositionedBox#c39f0@Offset(195.0, 2.0), _RenderInkFeatures#1bd2e@Offset(195.0, 2.0), RenderCustomPaint#2ced9@Offset(195.0, 2.0), RenderClipPath#7e793@Offset(195.0, 2.0), RenderFlex#ccb56@Offset(195.0, 2.0), RenderConstrainedBox#5dc9c@Offset(195.0, 2.0), RenderConstrainedBox#bb23f@Offset(195.0, 2.0), RenderPositionedBox#cc4c6@Offset(195.0, 2.0), RenderPadding#a8da6@Offset(195.0, 2.0), RenderCustomMultiChildLayoutBox#0c49b@Offset(195.0, 96.0), _RenderInkFeatures#fcf4d@Offset(195.0, 96.0), RenderPhysicalModel#cb63c@Offset(195.0, 96.0), RenderIndexedStack#fbc5b@Offset(195.0, 96.0), RenderAnimatedOpacity#48185@Offset(195.0, 96.0), RenderClipRect#45249@Offset(195.0, 96.0), _RenderLayoutBuilder#d802d@Offset(195.0, 96.0), RenderCustomMultiChildLayoutBox#a3f2d@Offset(195.0, 96.0), _RenderInkFeatures#8951d@Offset(195.0, 96.0), RenderPhysicalModel#208b4@Offset(195.0, 96.0), RenderSemanticsAnnotations#1ab03@Offset(195.0, 96.0), RenderRepaintBoundary#06135@Offset(195.0, 96.0), RenderIgnorePointer#b83fe@Offset(195.0, 96.0), RenderAnimatedOpacity#e33c5@Offset(195.0, 96.0), RenderRepaintBoundary#8a65e@Offset(195.0, 96.0), RenderSemanticsAnnotations#51418@Offset(195.0, 96.0), RenderOffstage#1ef19@Offset(195.0, 96.0), RenderSemanticsAnnotations#4c118@Offset(195.0, 96.0), _RenderTheater#6f3f2@Offset(195.0, 96.0), RenderAbsorbPointer#44a97@Offset(195.0, 96.0), RenderPointerListener#a6cfa@Offset(195.0, 96.0), RenderSemanticsAnnotations#d7353@Offset(195.0, 96.0), RenderSemanticsAnnotations#9d2a6@Offset(195.0, 96.0), RenderSemanticsAnnotations#6cd2b@Offset(195.0, 96.0), RenderSemanticsAnnotations#fd4ec@Offset(195.0, 96.0), RenderTapRegionSurface#8849c@Offset(195.0, 96.0), RenderSemanticsAnnotations#8d618@Offset(195.0, 96.0), RenderSemanticsAnnotations#0e6f4@Offset(195.0, 96.0), RenderRepaintBoundary#d5d54@Offset(195.0, 96.0), HitTestEntry<HitTestTarget>#f0ab5(_ReusableRenderView#9d378), HitTestEntry<HitTestTarget>#6d5cd(<AutomatedTestWidgetsFlutterBinding>))
#0      WidgetController._getElementPoint (package:flutter_test/src/controller.dart:2165:25)
#1      WidgetController.getCenter (package:flutter_test/src/controller.dart:1947:12)
#2      WidgetController.drag (package:flutter_test/src/controller.dart:1604:7)
#3      WidgetController.dragUntilVisible.<anonymous closure> (package:flutter_test/src/controller.dart:2483:17)
<asynchronous suspension>
#4      TestAsyncUtils.guard.<anonymous closure> (package:flutter_test/src/test_async_utils.dart:130:27)
<asynchronous suspension>
#5      WidgetController.scrollUntilVisible.<anonymous closure> (package:flutter_test/src/controller.dart:2439:7)
<asynchronous suspension>
#6      TestAsyncUtils.guard.<anonymous closure> (package:flutter_test/src/test_async_utils.dart:130:27)
<asynchronous suspension>
#7      main.<anonymous closure> (file:///home/runner/work/streetlift-apk/streetlift-apk/streetlift_tracker/test/visual_capture_test.dart:201:13)
<asynchronous suspension>
#8      testWidgets.<anonymous closure>.<anonymous closure> (package:flutter_test/src/widget_tester.dart:192:15)
<asynchronous suspension>
#9      TestWidgetsFlutterBinding._runTestBody (package:flutter_test/src/binding.dart:1953:5)
<asynchronous suspension>
#10     StackZoneSpecification._registerCallback.<anonymous closure> (package:stack_trace/src/stack_zone_specification.dart:114:42)
<asynchronous suspension>
To silence this warning, pass "warnIfMissed: false" to "drag()".
To make this warning fatal, set WidgetController.hitTestWarningShouldBeFatal to true.


Warning: A call to drag() with finder "Found 1 widget with type "Scrollable" descending from widget with type "StatsScreen" (ignoring all but last): [
  Scrollable(axisDirection: right, physics: null, restorationId: null, dependencies: [InheritedCupertinoTheme, MediaQuery, ScrollConfiguration, UnmanagedRestorationScope, _InheritedTheme, _LocalizationsScope-[GlobalKey#d2101]], state: ScrollableState#a99d0(position: ScrollPositionWithSingleContext#ab9cf(offset: 280.0, range: 0.0..768.0, viewport: 350.0, ScrollableState, ClampingScrollPhysics -> RangeMaintainingScrollPhysics, IdleScrollActivity#3610b, ScrollDirection.idle), effective physics: ClampingScrollPhysics -> RangeMaintainingScrollPhysics)),
]" derived an Offset (Offset(195.0, 96.0)) that would not hit test on the specified widget.
Maybe the widget is actually off-screen, or another widget is obscuring it, or the widget cannot receive pointer events.
The finder corresponds to this RenderBox: RenderClipRect#709fa relayoutBoundary=up5
The hit test result at that offset is: HitTestResult(RenderPointerListener#0926b@Offset(28.5, 2.0), RenderSemanticsAnnotations#89d2c@Offset(28.5, 2.0), RenderMouseRegion#025ed@Offset(28.5, 2.0), RenderSemanticsAnnotations#754fd@Offset(28.5, 2.0), RenderMergeSemantics#96843@Offset(28.5, 2.0), _TabLabelBarRenderer#080ca@Offset(187.0, 2.0), RenderCustomPaint#0f164@Offset(187.0, 2.0), RenderSemanticsAnnotations#320ef@Offset(187.0, 2.0), RenderPadding#5126f@Offset(195.0, 2.0), _RenderSingleChildViewport#3b2cb@Offset(195.0, 2.0), RenderIgnorePointer#87916@Offset(195.0, 2.0), RenderSemanticsAnnotations#718b1@Offset(195.0, 2.0), RenderPointerListener#6c5d0@Offset(195.0, 2.0), RenderSemanticsGestureHandler#e885f@Offset(195.0, 2.0), RenderPointerListener#3488a@Offset(195.0, 2.0), _RenderScrollSemantics#16b66@Offset(195.0, 2.0), RenderPositionedBox#c39f0@Offset(195.0, 2.0), _RenderInkFeatures#1bd2e@Offset(195.0, 2.0), RenderCustomPaint#2ced9@Offset(195.0, 2.0), RenderClipPath#7e793@Offset(195.0, 2.0), RenderFlex#ccb56@Offset(195.0, 2.0), RenderConstrainedBox#5dc9c@Offset(195.0, 2.0), RenderConstrainedBox#bb23f@Offset(195.0, 2.0), RenderPositionedBox#cc4c6@Offset(195.0, 2.0), RenderPadding#a8da6@Offset(195.0, 2.0), RenderCustomMultiChildLayoutBox#0c49b@Offset(195.0, 96.0), _RenderInkFeatures#fcf4d@Offset(195.0, 96.0), RenderPhysicalModel#cb63c@Offset(195.0, 96.0), RenderIndexedStack#fbc5b@Offset(195.0, 96.0), RenderAnimatedOpacity#48185@Offset(195.0, 96.0), RenderClipRect#45249@Offset(195.0, 96.0), _RenderLayoutBuilder#d802d@Offset(195.0, 96.0), RenderCustomMultiChildLayoutBox#a3f2d@Offset(195.0, 96.0), _RenderInkFeatures#8951d@Offset(195.0, 96.0), RenderPhysicalModel#208b4@Offset(195.0, 96.0), RenderSemanticsAnnotations#1ab03@Offset(195.0, 96.0), RenderRepaintBoundary#06135@Offset(195.0, 96.0), RenderIgnorePointer#b83fe@Offset(195.0, 96.0), RenderAnimatedOpacity#e33c5@Offset(195.0, 96.0), RenderRepaintBoundary#8a65e@Offset(195.0, 96.0), RenderSemanticsAnnotations#51418@Offset(195.0, 96.0), RenderOffstage#1ef19@Offset(195.0, 96.0), RenderSemanticsAnnotations#4c118@Offset(195.0, 96.0), _RenderTheater#6f3f2@Offset(195.0, 96.0), RenderAbsorbPointer#44a97@Offset(195.0, 96.0), RenderPointerListener#a6cfa@Offset(195.0, 96.0), RenderSemanticsAnnotations#d7353@Offset(195.0, 96.0), RenderSemanticsAnnotations#9d2a6@Offset(195.0, 96.0), RenderSemanticsAnnotations#6cd2b@Offset(195.0, 96.0), RenderSemanticsAnnotations#fd4ec@Offset(195.0, 96.0), RenderTapRegionSurface#8849c@Offset(195.0, 96.0), RenderSemanticsAnnotations#8d618@Offset(195.0, 96.0), RenderSemanticsAnnotations#0e6f4@Offset(195.0, 96.0), RenderRepaintBoundary#d5d54@Offset(195.0, 96.0), HitTestEntry<HitTestTarget>#4b7a8(_ReusableRenderView#9d378), HitTestEntry<HitTestTarget>#1c316(<AutomatedTestWidgetsFlutterBinding>))
#0      WidgetController._getElementPoint (package:flutter_test/src/controller.dart:2165:25)
#1      WidgetController.getCenter (package:flutter_test/src/controller.dart:1947:12)
#2      WidgetController.drag (package:flutter_test/src/controller.dart:1604:7)
#3      WidgetController.dragUntilVisible.<anonymous closure> (package:flutter_test/src/controller.dart:2483:17)
<asynchronous suspension>
#4      TestAsyncUtils.guard.<anonymous closure> (package:flutter_test/src/test_async_utils.dart:130:27)
<asynchronous suspension>
#5      WidgetController.scrollUntilVisible.<anonymous closure> (package:flutter_test/src/controller.dart:2439:7)
<asynchronous suspension>
#6      TestAsyncUtils.guard.<anonymous closure> (package:flutter_test/src/test_async_utils.dart:130:27)
<asynchronous suspension>
#7      main.<anonymous closure> (file:///home/runner/work/streetlift-apk/streetlift-apk/streetlift_tracker/test/visual_capture_test.dart:201:13)
<asynchronous suspension>
#8      testWidgets.<anonymous closure>.<anonymous closure> (package:flutter_test/src/widget_tester.dart:192:15)
<asynchronous suspension>
#9      TestWidgetsFlutterBinding._runTestBody (package:flutter_test/src/binding.dart:1953:5)
<asynchronous suspension>
#10     StackZoneSpecification._registerCallback.<anonymous closure> (package:stack_trace/src/stack_zone_specification.dart:114:42)
<asynchronous suspension>
To silence this warning, pass "warnIfMissed: false" to "drag()".
To make this warning fatal, set WidgetController.hitTestWarningShouldBeFatal to true.


Warning: A call to drag() with finder "Found 1 widget with type "Scrollable" descending from widget with type "StatsScreen" (ignoring all but last): [
  Scrollable(axisDirection: right, physics: null, restorationId: null, dependencies: [InheritedCupertinoTheme, MediaQuery, ScrollConfiguration, UnmanagedRestorationScope, _InheritedTheme, _LocalizationsScope-[GlobalKey#d2101]], state: ScrollableState#a99d0(position: ScrollPositionWithSingleContext#ab9cf(offset: 280.0, range: 0.0..768.0, viewport: 350.0, ScrollableState, ClampingScrollPhysics -> RangeMaintainingScrollPhysics, IdleScrollActivity#3610b, ScrollDirection.idle), effective physics: ClampingScrollPhysics -> RangeMaintainingScrollPhysics)),
]" derived an Offset (Offset(195.0, 96.0)) that would not hit test on the specified widget.
Maybe the widget is actually off-screen, or another widget is obscuring it, or the widget cannot receive pointer events.
The finder corresponds to this RenderBox: RenderClipRect#709fa relayoutBoundary=up5
The hit test result at that offset is: HitTestResult(RenderPointerListener#0926b@Offset(28.5, 2.0), RenderSemanticsAnnotations#89d2c@Offset(28.5, 2.0), RenderMouseRegion#025ed@Offset(28.5, 2.0), RenderSemanticsAnnotations#754fd@Offset(28.5, 2.0), RenderMergeSemantics#96843@Offset(28.5, 2.0), _TabLabelBarRenderer#080ca@Offset(187.0, 2.0), RenderCustomPaint#0f164@Offset(187.0, 2.0), RenderSemanticsAnnotations#320ef@Offset(187.0, 2.0), RenderPadding#5126f@Offset(195.0, 2.0), _RenderSingleChildViewport#3b2cb@Offset(195.0, 2.0), RenderIgnorePointer#87916@Offset(195.0, 2.0), RenderSemanticsAnnotations#718b1@Offset(195.0, 2.0), RenderPointerListener#6c5d0@Offset(195.0, 2.0), RenderSemanticsGestureHandler#e885f@Offset(195.0, 2.0), RenderPointerListener#3488a@Offset(195.0, 2.0), _RenderScrollSemantics#16b66@Offset(195.0, 2.0), RenderPositionedBox#c39f0@Offset(195.0, 2.0), _RenderInkFeatures#1bd2e@Offset(195.0, 2.0), RenderCustomPaint#2ced9@Offset(195.0, 2.0), RenderClipPath#7e793@Offset(195.0, 2.0), RenderFlex#ccb56@Offset(195.0, 2.0), RenderConstrainedBox#5dc9c@Offset(195.0, 2.0), RenderConstrainedBox#bb23f@Offset(195.0, 2.0), RenderPositionedBox#cc4c6@Offset(195.0, 2.0), RenderPadding#a8da6@Offset(195.0, 2.0), RenderCustomMultiChildLayoutBox#0c49b@Offset(195.0, 96.0), _RenderInkFeatures#fcf4d@Offset(195.0, 96.0), RenderPhysicalModel#cb63c@Offset(195.0, 96.0), RenderIndexedStack#fbc5b@Offset(195.0, 96.0), RenderAnimatedOpacity#48185@Offset(195.0, 96.0), RenderClipRect#45249@Offset(195.0, 96.0), _RenderLayoutBuilder#d802d@Offset(195.0, 96.0), RenderCustomMultiChildLayoutBox#a3f2d@Offset(195.0, 96.0), _RenderInkFeatures#8951d@Offset(195.0, 96.0), RenderPhysicalModel#208b4@Offset(195.0, 96.0), RenderSemanticsAnnotations#1ab03@Offset(195.0, 96.0), RenderRepaintBoundary#06135@Offset(195.0, 96.0), RenderIgnorePointer#b83fe@Offset(195.0, 96.0), RenderAnimatedOpacity#e33c5@Offset(195.0, 96.0), RenderRepaintBoundary#8a65e@Offset(195.0, 96.0), RenderSemanticsAnnotations#51418@Offset(195.0, 96.0), RenderOffstage#1ef19@Offset(195.0, 96.0), RenderSemanticsAnnotations#4c118@Offset(195.0, 96.0), _RenderTheater#6f3f2@Offset(195.0, 96.0), RenderAbsorbPointer#44a97@Offset(195.0, 96.0), RenderPointerListener#a6cfa@Offset(195.0, 96.0), RenderSemanticsAnnotations#d7353@Offset(195.0, 96.0), RenderSemanticsAnnotations#9d2a6@Offset(195.0, 96.0), RenderSemanticsAnnotations#6cd2b@Offset(195.0, 96.0), RenderSemanticsAnnotations#fd4ec@Offset(195.0, 96.0), RenderTapRegionSurface#8849c@Offset(195.0, 96.0), RenderSemanticsAnnotations#8d618@Offset(195.0, 96.0), RenderSemanticsAnnotations#0e6f4@Offset(195.0, 96.0), RenderRepaintBoundary#d5d54@Offset(195.0, 96.0), HitTestEntry<HitTestTarget>#8056c(_ReusableRenderView#9d378), HitTestEntry<HitTestTarget>#d5dd3(<AutomatedTestWidgetsFlutterBinding>))
#0      WidgetController._getElementPoint (package:flutter_test/src/controller.dart:2165:25)
#1      WidgetController.getCenter (package:flutter_test/src/controller.dart:1947:12)
#2      WidgetController.drag (package:flutter_test/src/controller.dart:1604:7)
#3      WidgetController.dragUntilVisible.<anonymous closure> (package:flutter_test/src/controller.dart:2483:17)
<asynchronous suspension>
#4      TestAsyncUtils.guard.<anonymous closure> (package:flutter_test/src/test_async_utils.dart:130:27)
<asynchronous suspension>
#5      WidgetController.scrollUntilVisible.<anonymous closure> (package:flutter_test/src/controller.dart:2439:7)
<asynchronous suspension>
#6      TestAsyncUtils.guard.<anonymous closure> (package:flutter_test/src/test_async_utils.dart:130:27)
<asynchronous suspension>
#7      main.<anonymous closure> (file:///home/runner/work/streetlift-apk/streetlift-apk/streetlift_tracker/test/visual_capture_test.dart:201:13)
<asynchronous suspension>
#8      testWidgets.<anonymous closure>.<anonymous closure> (package:flutter_test/src/widget_tester.dart:192:15)
<asynchronous suspension>
#9      TestWidgetsFlutterBinding._runTestBody (package:flutter_test/src/binding.dart:1953:5)
<asynchronous suspension>
#10     StackZoneSpecification._registerCallback.<anonymous closure> (package:stack_trace/src/stack_zone_specification.dart:114:42)
<asynchronous suspension>
To silence this warning, pass "warnIfMissed: false" to "drag()".
To make this warning fatal, set WidgetController.hitTestWarningShouldBeFatal to true.


Warning: A call to drag() with finder "Found 1 widget with type "Scrollable" descending from widget with type "StatsScreen" (ignoring all but last): [
  Scrollable(axisDirection: right, physics: null, restorationId: null, dependencies: [InheritedCupertinoTheme, MediaQuery, ScrollConfiguration, UnmanagedRestorationScope, _InheritedTheme, _LocalizationsScope-[GlobalKey#d2101]], state: ScrollableState#a99d0(position: ScrollPositionWithSingleContext#ab9cf(offset: 280.0, range: 0.0..768.0, viewport: 350.0, ScrollableState, ClampingScrollPhysics -> RangeMaintainingScrollPhysics, IdleScrollActivity#3610b, ScrollDirection.idle), effective physics: ClampingScrollPhysics -> RangeMaintainingScrollPhysics)),
]" derived an Offset (Offset(195.0, 96.0)) that would not hit test on the specified widget.
Maybe the widget is actually off-screen, or another widget is obscuring it, or the widget cannot receive pointer events.
The finder corresponds to this RenderBox: RenderClipRect#709fa relayoutBoundary=up5
The hit test result at that offset is: HitTestResult(RenderPointerListener#0926b@Offset(28.5, 2.0), RenderSemanticsAnnotations#89d2c@Offset(28.5, 2.0), RenderMouseRegion#025ed@Offset(28.5, 2.0), RenderSemanticsAnnotations#754fd@Offset(28.5, 2.0), RenderMergeSemantics#96843@Offset(28.5, 2.0), _TabLabelBarRenderer#080ca@Offset(187.0, 2.0), RenderCustomPaint#0f164@Offset(187.0, 2.0), RenderSemanticsAnnotations#320ef@Offset(187.0, 2.0), RenderPadding#5126f@Offset(195.0, 2.0), _RenderSingleChildViewport#3b2cb@Offset(195.0, 2.0), RenderIgnorePointer#87916@Offset(195.0, 2.0), RenderSemanticsAnnotations#718b1@Offset(195.0, 2.0), RenderPointerListener#6c5d0@Offset(195.0, 2.0), RenderSemanticsGestureHandler#e885f@Offset(195.0, 2.0), RenderPointerListener#3488a@Offset(195.0, 2.0), _RenderScrollSemantics#16b66@Offset(195.0, 2.0), RenderPositionedBox#c39f0@Offset(195.0, 2.0), _RenderInkFeatures#1bd2e@Offset(195.0, 2.0), RenderCustomPaint#2ced9@Offset(195.0, 2.0), RenderClipPath#7e793@Offset(195.0, 2.0), RenderFlex#ccb56@Offset(195.0, 2.0), RenderConstrainedBox#5dc9c@Offset(195.0, 2.0), RenderConstrainedBox#bb23f@Offset(195.0, 2.0), RenderPositionedBox#cc4c6@Offset(195.0, 2.0), RenderPadding#a8da6@Offset(195.0, 2.0), RenderCustomMultiChildLayoutBox#0c49b@Offset(195.0, 96.0), _RenderInkFeatures#fcf4d@Offset(195.0, 96.0), RenderPhysicalModel#cb63c@Offset(195.0, 96.0), RenderIndexedStack#fbc5b@Offset(195.0, 96.0), RenderAnimatedOpacity#48185@Offset(195.0, 96.0), RenderClipRect#45249@Offset(195.0, 96.0), _RenderLayoutBuilder#d802d@Offset(195.0, 96.0), RenderCustomMultiChildLayoutBox#a3f2d@Offset(195.0, 96.0), _RenderInkFeatures#8951d@Offset(195.0, 96.0), RenderPhysicalModel#208b4@Offset(195.0, 96.0), RenderSemanticsAnnotations#1ab03@Offset(195.0, 96.0), RenderRepaintBoundary#06135@Offset(195.0, 96.0), RenderIgnorePointer#b83fe@Offset(195.0, 96.0), RenderAnimatedOpacity#e33c5@Offset(195.0, 96.0), RenderRepaintBoundary#8a65e@Offset(195.0, 96.0), RenderSemanticsAnnotations#51418@Offset(195.0, 96.0), RenderOffstage#1ef19@Offset(195.0, 96.0), RenderSemanticsAnnotations#4c118@Offset(195.0, 96.0), _RenderTheater#6f3f2@Offset(195.0, 96.0), RenderAbsorbPointer#44a97@Offset(195.0, 96.0), RenderPointerListener#a6cfa@Offset(195.0, 96.0), RenderSemanticsAnnotations#d7353@Offset(195.0, 96.0), RenderSemanticsAnnotations#9d2a6@Offset(195.0, 96.0), RenderSemanticsAnnotations#6cd2b@Offset(195.0, 96.0), RenderSemanticsAnnotations#fd4ec@Offset(195.0, 96.0), RenderTapRegionSurface#8849c@Offset(195.0, 96.0), RenderSemanticsAnnotations#8d618@Offset(195.0, 96.0), RenderSemanticsAnnotations#0e6f4@Offset(195.0, 96.0), RenderRepaintBoundary#d5d54@Offset(195.0, 96.0), HitTestEntry<HitTestTarget>#24d0b(_ReusableRenderView#9d378), HitTestEntry<HitTestTarget>#674e0(<AutomatedTestWidgetsFlutterBinding>))
#0      WidgetController._getElementPoint (package:flutter_test/src/controller.dart:2165:25)
#1      WidgetController.getCenter (package:flutter_test/src/controller.dart:1947:12)
#2      WidgetController.drag (package:flutter_test/src/controller.dart:1604:7)
#3      WidgetController.dragUntilVisible.<anonymous closure> (package:flutter_test/src/controller.dart:2483:17)
<asynchronous suspension>
#4      TestAsyncUtils.guard.<anonymous closure> (package:flutter_test/src/test_async_utils.dart:130:27)
<asynchronous suspension>
#5      WidgetController.scrollUntilVisible.<anonymous closure> (package:flutter_test/src/controller.dart:2439:7)
<asynchronous suspension>
#6      TestAsyncUtils.guard.<anonymous closure> (package:flutter_test/src/test_async_utils.dart:130:27)
<asynchronous suspension>
#7      main.<anonymous closure> (file:///home/runner/work/streetlift-apk/streetlift-apk/streetlift_tracker/test/visual_capture_test.dart:201:13)
<asynchronous suspension>
#8      testWidgets.<anonymous closure>.<anonymous closure> (package:flutter_test/src/widget_tester.dart:192:15)
<asynchronous suspension>
#9      TestWidgetsFlutterBinding._runTestBody (package:flutter_test/src/binding.dart:1953:5)
<asynchronous suspension>
#10     StackZoneSpecification._registerCallback.<anonymous closure> (package:stack_trace/src/stack_zone_specification.dart:114:42)
<asynchronous suspension>
To silence this warning, pass "warnIfMissed: false" to "drag()".
To make this warning fatal, set WidgetController.hitTestWarningShouldBeFatal to true.


Warning: A call to drag() with finder "Found 1 widget with type "Scrollable" descending from widget with type "StatsScreen" (ignoring all but last): [
  Scrollable(axisDirection: right, physics: null, restorationId: null, dependencies: [InheritedCupertinoTheme, MediaQuery, ScrollConfiguration, UnmanagedRestorationScope, _InheritedTheme, _LocalizationsScope-[GlobalKey#d2101]], state: ScrollableState#a99d0(position: ScrollPositionWithSingleContext#ab9cf(offset: 280.0, range: 0.0..768.0, viewport: 350.0, ScrollableState, ClampingScrollPhysics -> RangeMaintainingScrollPhysics, IdleScrollActivity#3610b, ScrollDirection.idle), effective physics: ClampingScrollPhysics -> RangeMaintainingScrollPhysics)),
]" derived an Offset (Offset(195.0, 96.0)) that would not hit test on the specified widget.
Maybe the widget is actually off-screen, or another widget is obscuring it, or the widget cannot receive pointer events.
The finder corresponds to this RenderBox: RenderClipRect#709fa relayoutBoundary=up5
The hit test result at that offset is: HitTestResult(RenderPointerListener#0926b@Offset(28.5, 2.0), RenderSemanticsAnnotations#89d2c@Offset(28.5, 2.0), RenderMouseRegion#025ed@Offset(28.5, 2.0), RenderSemanticsAnnotations#754fd@Offset(28.5, 2.0), RenderMergeSemantics#96843@Offset(28.5, 2.0), _TabLabelBarRenderer#080ca@Offset(187.0, 2.0), RenderCustomPaint#0f164@Offset(187.0, 2.0), RenderSemanticsAnnotations#320ef@Offset(187.0, 2.0), RenderPadding#5126f@Offset(195.0, 2.0), _RenderSingleChildViewport#3b2cb@Offset(195.0, 2.0), RenderIgnorePointer#87916@Offset(195.0, 2.0), RenderSemanticsAnnotations#718b1@Offset(195.0, 2.0), RenderPointerListener#6c5d0@Offset(195.0, 2.0), RenderSemanticsGestureHandler#e885f@Offset(195.0, 2.0), RenderPointerListener#3488a@Offset(195.0, 2.0), _RenderScrollSemantics#16b66@Offset(195.0, 2.0), RenderPositionedBox#c39f0@Offset(195.0, 2.0), _RenderInkFeatures#1bd2e@Offset(195.0, 2.0), RenderCustomPaint#2ced9@Offset(195.0, 2.0), RenderClipPath#7e793@Offset(195.0, 2.0), RenderFlex#ccb56@Offset(195.0, 2.0), RenderConstrainedBox#5dc9c@Offset(195.0, 2.0), RenderConstrainedBox#bb23f@Offset(195.0, 2.0), RenderPositionedBox#cc4c6@Offset(195.0, 2.0), RenderPadding#a8da6@Offset(195.0, 2.0), RenderCustomMultiChildLayoutBox#0c49b@Offset(195.0, 96.0), _RenderInkFeatures#fcf4d@Offset(195.0, 96.0), RenderPhysicalModel#cb63c@Offset(195.0, 96.0), RenderIndexedStack#fbc5b@Offset(195.0, 96.0), RenderAnimatedOpacity#48185@Offset(195.0, 96.0), RenderClipRect#45249@Offset(195.0, 96.0), _RenderLayoutBuilder#d802d@Offset(195.0, 96.0), RenderCustomMultiChildLayoutBox#a3f2d@Offset(195.0, 96.0), _RenderInkFeatures#8951d@Offset(195.0, 96.0), RenderPhysicalModel#208b4@Offset(195.0, 96.0), RenderSemanticsAnnotations#1ab03@Offset(195.0, 96.0), RenderRepaintBoundary#06135@Offset(195.0, 96.0), RenderIgnorePointer#b83fe@Offset(195.0, 96.0), RenderAnimatedOpacity#e33c5@Offset(195.0, 96.0), RenderRepaintBoundary#8a65e@Offset(195.0, 96.0), RenderSemanticsAnnotations#51418@Offset(195.0, 96.0), RenderOffstage#1ef19@Offset(195.0, 96.0), RenderSemanticsAnnotations#4c118@Offset(195.0, 96.0), _RenderTheater#6f3f2@Offset(195.0, 96.0), RenderAbsorbPointer#44a97@Offset(195.0, 96.0), RenderPointerListener#a6cfa@Offset(195.0, 96.0), RenderSemanticsAnnotations#d7353@Offset(195.0, 96.0), RenderSemanticsAnnotations#9d2a6@Offset(195.0, 96.0), RenderSemanticsAnnotations#6cd2b@Offset(195.0, 96.0), RenderSemanticsAnnotations#fd4ec@Offset(195.0, 96.0), RenderTapRegionSurface#8849c@Offset(195.0, 96.0), RenderSemanticsAnnotations#8d618@Offset(195.0, 96.0), RenderSemanticsAnnotations#0e6f4@Offset(195.0, 96.0), RenderRepaintBoundary#d5d54@Offset(195.0, 96.0), HitTestEntry<HitTestTarget>#269ba(_ReusableRenderView#9d378), HitTestEntry<HitTestTarget>#33aa2(<AutomatedTestWidgetsFlutterBinding>))
#0      WidgetController._getElementPoint (package:flutter_test/src/controller.dart:2165:25)
#1      WidgetController.getCenter (package:flutter_test/src/controller.dart:1947:12)
#2      WidgetController.drag (package:flutter_test/src/controller.dart:1604:7)
#3      WidgetController.dragUntilVisible.<anonymous closure> (package:flutter_test/src/controller.dart:2483:17)
<asynchronous suspension>
#4      TestAsyncUtils.guard.<anonymous closure> (package:flutter_test/src/test_async_utils.dart:130:27)
<asynchronous suspension>
#5      WidgetController.scrollUntilVisible.<anonymous closure> (package:flutter_test/src/controller.dart:2439:7)
<asynchronous suspension>
#6      TestAsyncUtils.guard.<anonymous closure> (package:flutter_test/src/test_async_utils.dart:130:27)
<asynchronous suspension>
#7      main.<anonymous closure> (file:///home/runner/work/streetlift-apk/streetlift-apk/streetlift_tracker/test/visual_capture_test.dart:201:13)
<asynchronous suspension>
#8      testWidgets.<anonymous closure>.<anonymous closure> (package:flutter_test/src/widget_tester.dart:192:15)
<asynchronous suspension>
#9      TestWidgetsFlutterBinding._runTestBody (package:flutter_test/src/binding.dart:1953:5)
<asynchronous suspension>
#10     StackZoneSpecification._registerCallback.<anonymous closure> (package:stack_trace/src/stack_zone_specification.dart:114:42)
<asynchronous suspension>
To silence this warning, pass "warnIfMissed: false" to "drag()".
To make this warning fatal, set WidgetController.hitTestWarningShouldBeFatal to true.


Warning: A call to drag() with finder "Found 1 widget with type "Scrollable" descending from widget with type "StatsScreen" (ignoring all but last): [
  Scrollable(axisDirection: right, physics: null, restorationId: null, dependencies: [InheritedCupertinoTheme, MediaQuery, ScrollConfiguration, UnmanagedRestorationScope, _InheritedTheme, _LocalizationsScope-[GlobalKey#d2101]], state: ScrollableState#a99d0(position: ScrollPositionWithSingleContext#ab9cf(offset: 280.0, range: 0.0..768.0, viewport: 350.0, ScrollableState, ClampingScrollPhysics -> RangeMaintainingScrollPhysics, IdleScrollActivity#3610b, ScrollDirection.idle), effective physics: ClampingScrollPhysics -> RangeMaintainingScrollPhysics)),
]" derived an Offset (Offset(195.0, 96.0)) that would not hit test on the specified widget.
Maybe the widget is actually off-screen, or another widget is obscuring it, or the widget cannot receive pointer events.
The finder corresponds to this RenderBox: RenderClipRect#709fa relayoutBoundary=up5
The hit test result at that offset is: HitTestResult(RenderPointerListener#0926b@Offset(28.5, 2.0), RenderSemanticsAnnotations#89d2c@Offset(28.5, 2.0), RenderMouseRegion#025ed@Offset(28.5, 2.0), RenderSemanticsAnnotations#754fd@Offset(28.5, 2.0), RenderMergeSemantics#96843@Offset(28.5, 2.0), _TabLabelBarRenderer#080ca@Offset(187.0, 2.0), RenderCustomPaint#0f164@Offset(187.0, 2.0), RenderSemanticsAnnotations#320ef@Offset(187.0, 2.0), RenderPadding#5126f@Offset(195.0, 2.0), _RenderSingleChildViewport#3b2cb@Offset(195.0, 2.0), RenderIgnorePointer#87916@Offset(195.0, 2.0), RenderSemanticsAnnotations#718b1@Offset(195.0, 2.0), RenderPointerListener#6c5d0@Offset(195.0, 2.0), RenderSemanticsGestureHandler#e885f@Offset(195.0, 2.0), RenderPointerListener#3488a@Offset(195.0, 2.0), _RenderScrollSemantics#16b66@Offset(195.0, 2.0), RenderPositionedBox#c39f0@Offset(195.0, 2.0), _RenderInkFeatures#1bd2e@Offset(195.0, 2.0), RenderCustomPaint#2ced9@Offset(195.0, 2.0), RenderClipPath#7e793@Offset(195.0, 2.0), RenderFlex#ccb56@Offset(195.0, 2.0), RenderConstrainedBox#5dc9c@Offset(195.0, 2.0), RenderConstrainedBox#bb23f@Offset(195.0, 2.0), RenderPositionedBox#cc4c6@Offset(195.0, 2.0), RenderPadding#a8da6@Offset(195.0, 2.0), RenderCustomMultiChildLayoutBox#0c49b@Offset(195.0, 96.0), _RenderInkFeatures#fcf4d@Offset(195.0, 96.0), RenderPhysicalModel#cb63c@Offset(195.0, 96.0), RenderIndexedStack#fbc5b@Offset(195.0, 96.0), RenderAnimatedOpacity#48185@Offset(195.0, 96.0), RenderClipRect#45249@Offset(195.0, 96.0), _RenderLayoutBuilder#d802d@Offset(195.0, 96.0), RenderCustomMultiChildLayoutBox#a3f2d@Offset(195.0, 96.0), _RenderInkFeatures#8951d@Offset(195.0, 96.0), RenderPhysicalModel#208b4@Offset(195.0, 96.0), RenderSemanticsAnnotations#1ab03@Offset(195.0, 96.0), RenderRepaintBoundary#06135@Offset(195.0, 96.0), RenderIgnorePointer#b83fe@Offset(195.0, 96.0), RenderAnimatedOpacity#e33c5@Offset(195.0, 96.0), RenderRepaintBoundary#8a65e@Offset(195.0, 96.0), RenderSemanticsAnnotations#51418@Offset(195.0, 96.0), RenderOffstage#1ef19@Offset(195.0, 96.0), RenderSemanticsAnnotations#4c118@Offset(195.0, 96.0), _RenderTheater#6f3f2@Offset(195.0, 96.0), RenderAbsorbPointer#44a97@Offset(195.0, 96.0), RenderPointerListener#a6cfa@Offset(195.0, 96.0), RenderSemanticsAnnotations#d7353@Offset(195.0, 96.0), RenderSemanticsAnnotations#9d2a6@Offset(195.0, 96.0), RenderSemanticsAnnotations#6cd2b@Offset(195.0, 96.0), RenderSemanticsAnnotations#fd4ec@Offset(195.0, 96.0), RenderTapRegionSurface#8849c@Offset(195.0, 96.0), RenderSemanticsAnnotations#8d618@Offset(195.0, 96.0), RenderSemanticsAnnotations#0e6f4@Offset(195.0, 96.0), RenderRepaintBoundary#d5d54@Offset(195.0, 96.0), HitTestEntry<HitTestTarget>#e5f18(_ReusableRenderView#9d378), HitTestEntry<HitTestTarget>#e6dfd(<AutomatedTestWidgetsFlutterBinding>))
#0      WidgetController._getElementPoint (package:flutter_test/src/controller.dart:2165:25)
#1      WidgetController.getCenter (package:flutter_test/src/controller.dart:1947:12)
#2      WidgetController.drag (package:flutter_test/src/controller.dart:1604:7)
#3      WidgetController.dragUntilVisible.<anonymous closure> (package:flutter_test/src/controller.dart:2483:17)
<asynchronous suspension>
#4      TestAsyncUtils.guard.<anonymous closure> (package:flutter_test/src/test_async_utils.dart:130:27)
<asynchronous suspension>
#5      WidgetController.scrollUntilVisible.<anonymous closure> (package:flutter_test/src/controller.dart:2439:7)
<asynchronous suspension>
#6      TestAsyncUtils.guard.<anonymous closure> (package:flutter_test/src/test_async_utils.dart:130:27)
<asynchronous suspension>
#7      main.<anonymous closure> (file:///home/runner/work/streetlift-apk/streetlift-apk/streetlift_tracker/test/visual_capture_test.dart:201:13)
<asynchronous suspension>
#8      testWidgets.<anonymous closure>.<anonymous closure> (package:flutter_test/src/widget_tester.dart:192:15)
<asynchronous suspension>
#9      TestWidgetsFlutterBinding._runTestBody (package:flutter_test/src/binding.dart:1953:5)
<asynchronous suspension>
#10     StackZoneSpecification._registerCallback.<anonymous closure> (package:stack_trace/src/stack_zone_specification.dart:114:42)
<asynchronous suspension>
To silence this warning, pass "warnIfMissed: false" to "drag()".
To make this warning fatal, set WidgetController.hitTestWarningShouldBeFatal to true.


Warning: A call to drag() with finder "Found 1 widget with type "Scrollable" descending from widget with type "StatsScreen" (ignoring all but last): [
  Scrollable(axisDirection: right, physics: null, restorationId: null, dependencies: [InheritedCupertinoTheme, MediaQuery, ScrollConfiguration, UnmanagedRestorationScope, _InheritedTheme, _LocalizationsScope-[GlobalKey#d2101]], state: ScrollableState#a99d0(position: ScrollPositionWithSingleContext#ab9cf(offset: 280.0, range: 0.0..768.0, viewport: 350.0, ScrollableState, ClampingScrollPhysics -> RangeMaintainingScrollPhysics, IdleScrollActivity#3610b, ScrollDirection.idle), effective physics: ClampingScrollPhysics -> RangeMaintainingScrollPhysics)),
]" derived an Offset (Offset(195.0, 96.0)) that would not hit test on the specified widget.
Maybe the widget is actually off-screen, or another widget is obscuring it, or the widget cannot receive pointer events.
The finder corresponds to this RenderBox: RenderClipRect#709fa relayoutBoundary=up5
The hit test result at that offset is: HitTestResult(RenderPointerListener#0926b@Offset(28.5, 2.0), RenderSemanticsAnnotations#89d2c@Offset(28.5, 2.0), RenderMouseRegion#025ed@Offset(28.5, 2.0), RenderSemanticsAnnotations#754fd@Offset(28.5, 2.0), RenderMergeSemantics#96843@Offset(28.5, 2.0), _TabLabelBarRenderer#080ca@Offset(187.0, 2.0), RenderCustomPaint#0f164@Offset(187.0, 2.0), RenderSemanticsAnnotations#320ef@Offset(187.0, 2.0), RenderPadding#5126f@Offset(195.0, 2.0), _RenderSingleChildViewport#3b2cb@Offset(195.0, 2.0), RenderIgnorePointer#87916@Offset(195.0, 2.0), RenderSemanticsAnnotations#718b1@Offset(195.0, 2.0), RenderPointerListener#6c5d0@Offset(195.0, 2.0), RenderSemanticsGestureHandler#e885f@Offset(195.0, 2.0), RenderPointerListener#3488a@Offset(195.0, 2.0), _RenderScrollSemantics#16b66@Offset(195.0, 2.0), RenderPositionedBox#c39f0@Offset(195.0, 2.0), _RenderInkFeatures#1bd2e@Offset(195.0, 2.0), RenderCustomPaint#2ced9@Offset(195.0, 2.0), RenderClipPath#7e793@Offset(195.0, 2.0), RenderFlex#ccb56@Offset(195.0, 2.0), RenderConstrainedBox#5dc9c@Offset(195.0, 2.0), RenderConstrainedBox#bb23f@Offset(195.0, 2.0), RenderPositionedBox#cc4c6@Offset(195.0, 2.0), RenderPadding#a8da6@Offset(195.0, 2.0), RenderCustomMultiChildLayoutBox#0c49b@Offset(195.0, 96.0), _RenderInkFeatures#fcf4d@Offset(195.0, 96.0), RenderPhysicalModel#cb63c@Offset(195.0, 96.0), RenderIndexedStack#fbc5b@Offset(195.0, 96.0), RenderAnimatedOpacity#48185@Offset(195.0, 96.0), RenderClipRect#45249@Offset(195.0, 96.0), _RenderLayoutBuilder#d802d@Offset(195.0, 96.0), RenderCustomMultiChildLayoutBox#a3f2d@Offset(195.0, 96.0), _RenderInkFeatures#8951d@Offset(195.0, 96.0), RenderPhysicalModel#208b4@Offset(195.0, 96.0), RenderSemanticsAnnotations#1ab03@Offset(195.0, 96.0), RenderRepaintBoundary#06135@Offset(195.0, 96.0), RenderIgnorePointer#b83fe@Offset(195.0, 96.0), RenderAnimatedOpacity#e33c5@Offset(195.0, 96.0), RenderRepaintBoundary#8a65e@Offset(195.0, 96.0), RenderSemanticsAnnotations#51418@Offset(195.0, 96.0), RenderOffstage#1ef19@Offset(195.0, 96.0), RenderSemanticsAnnotations#4c118@Offset(195.0, 96.0), _RenderTheater#6f3f2@Offset(195.0, 96.0), RenderAbsorbPointer#44a97@Offset(195.0, 96.0), RenderPointerListener#a6cfa@Offset(195.0, 96.0), RenderSemanticsAnnotations#d7353@Offset(195.0, 96.0), RenderSemanticsAnnotations#9d2a6@Offset(195.0, 96.0), RenderSemanticsAnnotations#6cd2b@Offset(195.0, 96.0), RenderSemanticsAnnotations#fd4ec@Offset(195.0, 96.0), RenderTapRegionSurface#8849c@Offset(195.0, 96.0), RenderSemanticsAnnotations#8d618@Offset(195.0, 96.0), RenderSemanticsAnnotations#0e6f4@Offset(195.0, 96.0), RenderRepaintBoundary#d5d54@Offset(195.0, 96.0), HitTestEntry<HitTestTarget>#f93f9(_ReusableRenderView#9d378), HitTestEntry<HitTestTarget>#8dd0d(<AutomatedTestWidgetsFlutterBinding>))
#0      WidgetController._getElementPoint (package:flutter_test/src/controller.dart:2165:25)
#1      WidgetController.getCenter (package:flutter_test/src/controller.dart:1947:12)
#2      WidgetController.drag (package:flutter_test/src/controller.dart:1604:7)
#3      WidgetController.dragUntilVisible.<anonymous closure> (package:flutter_test/src/controller.dart:2483:17)
<asynchronous suspension>
#4      TestAsyncUtils.guard.<anonymous closure> (package:flutter_test/src/test_async_utils.dart:130:27)
<asynchronous suspension>
#5      WidgetController.scrollUntilVisible.<anonymous closure> (package:flutter_test/src/controller.dart:2439:7)
<asynchronous suspension>
#6      TestAsyncUtils.guard.<anonymous closure> (package:flutter_test/src/test_async_utils.dart:130:27)
<asynchronous suspension>
#7      main.<anonymous closure> (file:///home/runner/work/streetlift-apk/streetlift-apk/streetlift_tracker/test/visual_capture_test.dart:201:13)
<asynchronous suspension>
#8      testWidgets.<anonymous closure>.<anonymous closure> (package:flutter_test/src/widget_tester.dart:192:15)
<asynchronous suspension>
#9      TestWidgetsFlutterBinding._runTestBody (package:flutter_test/src/binding.dart:1953:5)
<asynchronous suspension>
#10     StackZoneSpecification._registerCallback.<anonymous closure> (package:stack_trace/src/stack_zone_specification.dart:114:42)
<asynchronous suspension>
To silence this warning, pass "warnIfMissed: false" to "drag()".
To make this warning fatal, set WidgetController.hitTestWarningShouldBeFatal to true.


Warning: A call to drag() with finder "Found 1 widget with type "Scrollable" descending from widget with type "StatsScreen" (ignoring all but last): [
  Scrollable(axisDirection: right, physics: null, restorationId: null, dependencies: [InheritedCupertinoTheme, MediaQuery, ScrollConfiguration, UnmanagedRestorationScope, _InheritedTheme, _LocalizationsScope-[GlobalKey#d2101]], state: ScrollableState#a99d0(position: ScrollPositionWithSingleContext#ab9cf(offset: 280.0, range: 0.0..768.0, viewport: 350.0, ScrollableState, ClampingScrollPhysics -> RangeMaintainingScrollPhysics, IdleScrollActivity#3610b, ScrollDirection.idle), effective physics: ClampingScrollPhysics -> RangeMaintainingScrollPhysics)),
]" derived an Offset (Offset(195.0, 96.0)) that would not hit test on the specified widget.
Maybe the widget is actually off-screen, or another widget is obscuring it, or the widget cannot receive pointer events.
The finder corresponds to this RenderBox: RenderClipRect#709fa relayoutBoundary=up5
The hit test result at that offset is: HitTestResult(RenderPointerListener#0926b@Offset(28.5, 2.0), RenderSemanticsAnnotations#89d2c@Offset(28.5, 2.0), RenderMouseRegion#025ed@Offset(28.5, 2.0), RenderSemanticsAnnotations#754fd@Offset(28.5, 2.0), RenderMergeSemantics#96843@Offset(28.5, 2.0), _TabLabelBarRenderer#080ca@Offset(187.0, 2.0), RenderCustomPaint#0f164@Offset(187.0, 2.0), RenderSemanticsAnnotations#320ef@Offset(187.0, 2.0), RenderPadding#5126f@Offset(195.0, 2.0), _RenderSingleChildViewport#3b2cb@Offset(195.0, 2.0), RenderIgnorePointer#87916@Offset(195.0, 2.0), RenderSemanticsAnnotations#718b1@Offset(195.0, 2.0), RenderPointerListener#6c5d0@Offset(195.0, 2.0), RenderSemanticsGestureHandler#e885f@Offset(195.0, 2.0), RenderPointerListener#3488a@Offset(195.0, 2.0), _RenderScrollSemantics#16b66@Offset(195.0, 2.0), RenderPositionedBox#c39f0@Offset(195.0, 2.0), _RenderInkFeatures#1bd2e@Offset(195.0, 2.0), RenderCustomPaint#2ced9@Offset(195.0, 2.0), RenderClipPath#7e793@Offset(195.0, 2.0), RenderFlex#ccb56@Offset(195.0, 2.0), RenderConstrainedBox#5dc9c@Offset(195.0, 2.0), RenderConstrainedBox#bb23f@Offset(195.0, 2.0), RenderPositionedBox#cc4c6@Offset(195.0, 2.0), RenderPadding#a8da6@Offset(195.0, 2.0), RenderCustomMultiChildLayoutBox#0c49b@Offset(195.0, 96.0), _RenderInkFeatures#fcf4d@Offset(195.0, 96.0), RenderPhysicalModel#cb63c@Offset(195.0, 96.0), RenderIndexedStack#fbc5b@Offset(195.0, 96.0), RenderAnimatedOpacity#48185@Offset(195.0, 96.0), RenderClipRect#45249@Offset(195.0, 96.0), _RenderLayoutBuilder#d802d@Offset(195.0, 96.0), RenderCustomMultiChildLayoutBox#a3f2d@Offset(195.0, 96.0), _RenderInkFeatures#8951d@Offset(195.0, 96.0), RenderPhysicalModel#208b4@Offset(195.0, 96.0), RenderSemanticsAnnotations#1ab03@Offset(195.0, 96.0), RenderRepaintBoundary#06135@Offset(195.0, 96.0), RenderIgnorePointer#b83fe@Offset(195.0, 96.0), RenderAnimatedOpacity#e33c5@Offset(195.0, 96.0), RenderRepaintBoundary#8a65e@Offset(195.0, 96.0), RenderSemanticsAnnotations#51418@Offset(195.0, 96.0), RenderOffstage#1ef19@Offset(195.0, 96.0), RenderSemanticsAnnotations#4c118@Offset(195.0, 96.0), _RenderTheater#6f3f2@Offset(195.0, 96.0), RenderAbsorbPointer#44a97@Offset(195.0, 96.0), RenderPointerListener#a6cfa@Offset(195.0, 96.0), RenderSemanticsAnnotations#d7353@Offset(195.0, 96.0), RenderSemanticsAnnotations#9d2a6@Offset(195.0, 96.0), RenderSemanticsAnnotations#6cd2b@Offset(195.0, 96.0), RenderSemanticsAnnotations#fd4ec@Offset(195.0, 96.0), RenderTapRegionSurface#8849c@Offset(195.0, 96.0), RenderSemanticsAnnotations#8d618@Offset(195.0, 96.0), RenderSemanticsAnnotations#0e6f4@Offset(195.0, 96.0), RenderRepaintBoundary#d5d54@Offset(195.0, 96.0), HitTestEntry<HitTestTarget>#93679(_ReusableRenderView#9d378), HitTestEntry<HitTestTarget>#bc73c(<AutomatedTestWidgetsFlutterBinding>))
#0      WidgetController._getElementPoint (package:flutter_test/src/controller.dart:2165:25)
#1      WidgetController.getCenter (package:flutter_test/src/controller.dart:1947:12)
#2      WidgetController.drag (package:flutter_test/src/controller.dart:1604:7)
#3      WidgetController.dragUntilVisible.<anonymous closure> (package:flutter_test/src/controller.dart:2483:17)
<asynchronous suspension>
#4      TestAsyncUtils.guard.<anonymous closure> (package:flutter_test/src/test_async_utils.dart:130:27)
<asynchronous suspension>
#5      WidgetController.scrollUntilVisible.<anonymous closure> (package:flutter_test/src/controller.dart:2439:7)
<asynchronous suspension>
#6      TestAsyncUtils.guard.<anonymous closure> (package:flutter_test/src/test_async_utils.dart:130:27)
<asynchronous suspension>
#7      main.<anonymous closure> (file:///home/runner/work/streetlift-apk/streetlift-apk/streetlift_tracker/test/visual_capture_test.dart:201:13)
<asynchronous suspension>
#8      testWidgets.<anonymous closure>.<anonymous closure> (package:flutter_test/src/widget_tester.dart:192:15)
<asynchronous suspension>
#9      TestWidgetsFlutterBinding._runTestBody (package:flutter_test/src/binding.dart:1953:5)
<asynchronous suspension>
#10     StackZoneSpecification._registerCallback.<anonymous closure> (package:stack_trace/src/stack_zone_specification.dart:114:42)
<asynchronous suspension>
To silence this warning, pass "warnIfMissed: false" to "drag()".
To make this warning fatal, set WidgetController.hitTestWarningShouldBeFatal to true.


Warning: A call to drag() with finder "Found 1 widget with type "Scrollable" descending from widget with type "StatsScreen" (ignoring all but last): [
  Scrollable(axisDirection: right, physics: null, restorationId: null, dependencies: [InheritedCupertinoTheme, MediaQuery, ScrollConfiguration, UnmanagedRestorationScope, _InheritedTheme, _LocalizationsScope-[GlobalKey#d2101]], state: ScrollableState#a99d0(position: ScrollPositionWithSingleContext#ab9cf(offset: 280.0, range: 0.0..768.0, viewport: 350.0, ScrollableState, ClampingScrollPhysics -> RangeMaintainingScrollPhysics, IdleScrollActivity#3610b, ScrollDirection.idle), effective physics: ClampingScrollPhysics -> RangeMaintainingScrollPhysics)),
]" derived an Offset (Offset(195.0, 96.0)) that would not hit test on the specified widget.
Maybe the widget is actually off-screen, or another widget is obscuring it, or the widget cannot receive pointer events.
The finder corresponds to this RenderBox: RenderClipRect#709fa relayoutBoundary=up5
The hit test result at that offset is: HitTestResult(RenderPointerListener#0926b@Offset(28.5, 2.0), RenderSemanticsAnnotations#89d2c@Offset(28.5, 2.0), RenderMouseRegion#025ed@Offset(28.5, 2.0), RenderSemanticsAnnotations#754fd@Offset(28.5, 2.0), RenderMergeSemantics#96843@Offset(28.5, 2.0), _TabLabelBarRenderer#080ca@Offset(187.0, 2.0), RenderCustomPaint#0f164@Offset(187.0, 2.0), RenderSemanticsAnnotations#320ef@Offset(187.0, 2.0), RenderPadding#5126f@Offset(195.0, 2.0), _RenderSingleChildViewport#3b2cb@Offset(195.0, 2.0), RenderIgnorePointer#87916@Offset(195.0, 2.0), RenderSemanticsAnnotations#718b1@Offset(195.0, 2.0), RenderPointerListener#6c5d0@Offset(195.0, 2.0), RenderSemanticsGestureHandler#e885f@Offset(195.0, 2.0), RenderPointerListener#3488a@Offset(195.0, 2.0), _RenderScrollSemantics#16b66@Offset(195.0, 2.0), RenderPositionedBox#c39f0@Offset(195.0, 2.0), _RenderInkFeatures#1bd2e@Offset(195.0, 2.0), RenderCustomPaint#2ced9@Offset(195.0, 2.0), RenderClipPath#7e793@Offset(195.0, 2.0), RenderFlex#ccb56@Offset(195.0, 2.0), RenderConstrainedBox#5dc9c@Offset(195.0, 2.0), RenderConstrainedBox#bb23f@Offset(195.0, 2.0), RenderPositionedBox#cc4c6@Offset(195.0, 2.0), RenderPadding#a8da6@Offset(195.0, 2.0), RenderCustomMultiChildLayoutBox#0c49b@Offset(195.0, 96.0), _RenderInkFeatures#fcf4d@Offset(195.0, 96.0), RenderPhysicalModel#cb63c@Offset(195.0, 96.0), RenderIndexedStack#fbc5b@Offset(195.0, 96.0), RenderAnimatedOpacity#48185@Offset(195.0, 96.0), RenderClipRect#45249@Offset(195.0, 96.0), _RenderLayoutBuilder#d802d@Offset(195.0, 96.0), RenderCustomMultiChildLayoutBox#a3f2d@Offset(195.0, 96.0), _RenderInkFeatures#8951d@Offset(195.0, 96.0), RenderPhysicalModel#208b4@Offset(195.0, 96.0), RenderSemanticsAnnotations#1ab03@Offset(195.0, 96.0), RenderRepaintBoundary#06135@Offset(195.0, 96.0), RenderIgnorePointer#b83fe@Offset(195.0, 96.0), RenderAnimatedOpacity#e33c5@Offset(195.0, 96.0), RenderRepaintBoundary#8a65e@Offset(195.0, 96.0), RenderSemanticsAnnotations#51418@Offset(195.0, 96.0), RenderOffstage#1ef19@Offset(195.0, 96.0), RenderSemanticsAnnotations#4c118@Offset(195.0, 96.0), _RenderTheater#6f3f2@Offset(195.0, 96.0), RenderAbsorbPointer#44a97@Offset(195.0, 96.0), RenderPointerListener#a6cfa@Offset(195.0, 96.0), RenderSemanticsAnnotations#d7353@Offset(195.0, 96.0), RenderSemanticsAnnotations#9d2a6@Offset(195.0, 96.0), RenderSemanticsAnnotations#6cd2b@Offset(195.0, 96.0), RenderSemanticsAnnotations#fd4ec@Offset(195.0, 96.0), RenderTapRegionSurface#8849c@Offset(195.0, 96.0), RenderSemanticsAnnotations#8d618@Offset(195.0, 96.0), RenderSemanticsAnnotations#0e6f4@Offset(195.0, 96.0), RenderRepaintBoundary#d5d54@Offset(195.0, 96.0), HitTestEntry<HitTestTarget>#5b360(_ReusableRenderView#9d378), HitTestEntry<HitTestTarget>#9c71b(<AutomatedTestWidgetsFlutterBinding>))
#0      WidgetController._getElementPoint (package:flutter_test/src/controller.dart:2165:25)
#1      WidgetController.getCenter (package:flutter_test/src/controller.dart:1947:12)
#2      WidgetController.drag (package:flutter_test/src/controller.dart:1604:7)
#3      WidgetController.dragUntilVisible.<anonymous closure> (package:flutter_test/src/controller.dart:2483:17)
<asynchronous suspension>
#4      TestAsyncUtils.guard.<anonymous closure> (package:flutter_test/src/test_async_utils.dart:130:27)
<asynchronous suspension>
#5      WidgetController.scrollUntilVisible.<anonymous closure> (package:flutter_test/src/controller.dart:2439:7)
<asynchronous suspension>
#6      TestAsyncUtils.guard.<anonymous closure> (package:flutter_test/src/test_async_utils.dart:130:27)
<asynchronous suspension>
#7      main.<anonymous closure> (file:///home/runner/work/streetlift-apk/streetlift-apk/streetlift_tracker/test/visual_capture_test.dart:201:13)
<asynchronous suspension>
#8      testWidgets.<anonymous closure>.<anonymous closure> (package:flutter_test/src/widget_tester.dart:192:15)
<asynchronous suspension>
#9      TestWidgetsFlutterBinding._runTestBody (package:flutter_test/src/binding.dart:1953:5)
<asynchronous suspension>
#10     StackZoneSpecification._registerCallback.<anonymous closure> (package:stack_trace/src/stack_zone_specification.dart:114:42)
<asynchronous suspension>
To silence this warning, pass "warnIfMissed: false" to "drag()".
To make this warning fatal, set WidgetController.hitTestWarningShouldBeFatal to true.


Warning: A call to drag() with finder "Found 1 widget with type "Scrollable" descending from widget with type "StatsScreen" (ignoring all but last): [
  Scrollable(axisDirection: right, physics: null, restorationId: null, dependencies: [InheritedCupertinoTheme, MediaQuery, ScrollConfiguration, UnmanagedRestorationScope, _InheritedTheme, _LocalizationsScope-[GlobalKey#d2101]], state: ScrollableState#a99d0(position: ScrollPositionWithSingleContext#ab9cf(offset: 280.0, range: 0.0..768.0, viewport: 350.0, ScrollableState, ClampingScrollPhysics -> RangeMaintainingScrollPhysics, IdleScrollActivity#3610b, ScrollDirection.idle), effective physics: ClampingScrollPhysics -> RangeMaintainingScrollPhysics)),
]" derived an Offset (Offset(195.0, 96.0)) that would not hit test on the specified widget.
Maybe the widget is actually off-screen, or another widget is obscuring it, or the widget cannot receive pointer events.
The finder corresponds to this RenderBox: RenderClipRect#709fa relayoutBoundary=up5
The hit test result at that offset is: HitTestResult(RenderPointerListener#0926b@Offset(28.5, 2.0), RenderSemanticsAnnotations#89d2c@Offset(28.5, 2.0), RenderMouseRegion#025ed@Offset(28.5, 2.0), RenderSemanticsAnnotations#754fd@Offset(28.5, 2.0), RenderMergeSemantics#96843@Offset(28.5, 2.0), _TabLabelBarRenderer#080ca@Offset(187.0, 2.0), RenderCustomPaint#0f164@Offset(187.0, 2.0), RenderSemanticsAnnotations#320ef@Offset(187.0, 2.0), RenderPadding#5126f@Offset(195.0, 2.0), _RenderSingleChildViewport#3b2cb@Offset(195.0, 2.0), RenderIgnorePointer#87916@Offset(195.0, 2.0), RenderSemanticsAnnotations#718b1@Offset(195.0, 2.0), RenderPointerListener#6c5d0@Offset(195.0, 2.0), RenderSemanticsGestureHandler#e885f@Offset(195.0, 2.0), RenderPointerListener#3488a@Offset(195.0, 2.0), _RenderScrollSemantics#16b66@Offset(195.0, 2.0), RenderPositionedBox#c39f0@Offset(195.0, 2.0), _RenderInkFeatures#1bd2e@Offset(195.0, 2.0), RenderCustomPaint#2ced9@Offset(195.0, 2.0), RenderClipPath#7e793@Offset(195.0, 2.0), RenderFlex#ccb56@Offset(195.0, 2.0), RenderConstrainedBox#5dc9c@Offset(195.0, 2.0), RenderConstrainedBox#bb23f@Offset(195.0, 2.0), RenderPositionedBox#cc4c6@Offset(195.0, 2.0), RenderPadding#a8da6@Offset(195.0, 2.0), RenderCustomMultiChildLayoutBox#0c49b@Offset(195.0, 96.0), _RenderInkFeatures#fcf4d@Offset(195.0, 96.0), RenderPhysicalModel#cb63c@Offset(195.0, 96.0), RenderIndexedStack#fbc5b@Offset(195.0, 96.0), RenderAnimatedOpacity#48185@Offset(195.0, 96.0), RenderClipRect#45249@Offset(195.0, 96.0), _RenderLayoutBuilder#d802d@Offset(195.0, 96.0), RenderCustomMultiChildLayoutBox#a3f2d@Offset(195.0, 96.0), _RenderInkFeatures#8951d@Offset(195.0, 96.0), RenderPhysicalModel#208b4@Offset(195.0, 96.0), RenderSemanticsAnnotations#1ab03@Offset(195.0, 96.0), RenderRepaintBoundary#06135@Offset(195.0, 96.0), RenderIgnorePointer#b83fe@Offset(195.0, 96.0), RenderAnimatedOpacity#e33c5@Offset(195.0, 96.0), RenderRepaintBoundary#8a65e@Offset(195.0, 96.0), RenderSemanticsAnnotations#51418@Offset(195.0, 96.0), RenderOffstage#1ef19@Offset(195.0, 96.0), RenderSemanticsAnnotations#4c118@Offset(195.0, 96.0), _RenderTheater#6f3f2@Offset(195.0, 96.0), RenderAbsorbPointer#44a97@Offset(195.0, 96.0), RenderPointerListener#a6cfa@Offset(195.0, 96.0), RenderSemanticsAnnotations#d7353@Offset(195.0, 96.0), RenderSemanticsAnnotations#9d2a6@Offset(195.0, 96.0), RenderSemanticsAnnotations#6cd2b@Offset(195.0, 96.0), RenderSemanticsAnnotations#fd4ec@Offset(195.0, 96.0), RenderTapRegionSurface#8849c@Offset(195.0, 96.0), RenderSemanticsAnnotations#8d618@Offset(195.0, 96.0), RenderSemanticsAnnotations#0e6f4@Offset(195.0, 96.0), RenderRepaintBoundary#d5d54@Offset(195.0, 96.0), HitTestEntry<HitTestTarget>#265d9(_ReusableRenderView#9d378), HitTestEntry<HitTestTarget>#c6e88(<AutomatedTestWidgetsFlutterBinding>))
#0      WidgetController._getElementPoint (package:flutter_test/src/controller.dart:2165:25)
#1      WidgetController.getCenter (package:flutter_test/src/controller.dart:1947:12)
#2      WidgetController.drag (package:flutter_test/src/controller.dart:1604:7)
#3      WidgetController.dragUntilVisible.<anonymous closure> (package:flutter_test/src/controller.dart:2483:17)
<asynchronous suspension>
#4      TestAsyncUtils.guard.<anonymous closure> (package:flutter_test/src/test_async_utils.dart:130:27)
<asynchronous suspension>
#5      WidgetController.scrollUntilVisible.<anonymous closure> (package:flutter_test/src/controller.dart:2439:7)
<asynchronous suspension>
#6      TestAsyncUtils.guard.<anonymous closure> (package:flutter_test/src/test_async_utils.dart:130:27)
<asynchronous suspension>
#7      main.<anonymous closure> (file:///home/runner/work/streetlift-apk/streetlift-apk/streetlift_tracker/test/visual_capture_test.dart:201:13)
<asynchronous suspension>
#8      testWidgets.<anonymous closure>.<anonymous closure> (package:flutter_test/src/widget_tester.dart:192:15)
<asynchronous suspension>
#9      TestWidgetsFlutterBinding._runTestBody (package:flutter_test/src/binding.dart:1953:5)
<asynchronous suspension>
#10     StackZoneSpecification._registerCallback.<anonymous closure> (package:stack_trace/src/stack_zone_specification.dart:114:42)
<asynchronous suspension>
To silence this warning, pass "warnIfMissed: false" to "drag()".
To make this warning fatal, set WidgetController.hitTestWarningShouldBeFatal to true.


Warning: A call to drag() with finder "Found 1 widget with type "Scrollable" descending from widget with type "StatsScreen" (ignoring all but last): [
  Scrollable(axisDirection: right, physics: null, restorationId: null, dependencies: [InheritedCupertinoTheme, MediaQuery, ScrollConfiguration, UnmanagedRestorationScope, _InheritedTheme, _LocalizationsScope-[GlobalKey#d2101]], state: ScrollableState#a99d0(position: ScrollPositionWithSingleContext#ab9cf(offset: 280.0, range: 0.0..768.0, viewport: 350.0, ScrollableState, ClampingScrollPhysics -> RangeMaintainingScrollPhysics, IdleScrollActivity#3610b, ScrollDirection.idle), effective physics: ClampingScrollPhysics -> RangeMaintainingScrollPhysics)),
]" derived an Offset (Offset(195.0, 96.0)) that would not hit test on the specified widget.
Maybe the widget is actually off-screen, or another widget is obscuring it, or the widget cannot receive pointer events.
The finder corresponds to this RenderBox: RenderClipRect#709fa relayoutBoundary=up5
The hit test result at that offset is: HitTestResult(RenderPointerListener#0926b@Offset(28.5, 2.0), RenderSemanticsAnnotations#89d2c@Offset(28.5, 2.0), RenderMouseRegion#025ed@Offset(28.5, 2.0), RenderSemanticsAnnotations#754fd@Offset(28.5, 2.0), RenderMergeSemantics#96843@Offset(28.5, 2.0), _TabLabelBarRenderer#080ca@Offset(187.0, 2.0), RenderCustomPaint#0f164@Offset(187.0, 2.0), RenderSemanticsAnnotations#320ef@Offset(187.0, 2.0), RenderPadding#5126f@Offset(195.0, 2.0), _RenderSingleChildViewport#3b2cb@Offset(195.0, 2.0), RenderIgnorePointer#87916@Offset(195.0, 2.0), RenderSemanticsAnnotations#718b1@Offset(195.0, 2.0), RenderPointerListener#6c5d0@Offset(195.0, 2.0), RenderSemanticsGestureHandler#e885f@Offset(195.0, 2.0), RenderPointerListener#3488a@Offset(195.0, 2.0), _RenderScrollSemantics#16b66@Offset(195.0, 2.0), RenderPositionedBox#c39f0@Offset(195.0, 2.0), _RenderInkFeatures#1bd2e@Offset(195.0, 2.0), RenderCustomPaint#2ced9@Offset(195.0, 2.0), RenderClipPath#7e793@Offset(195.0, 2.0), RenderFlex#ccb56@Offset(195.0, 2.0), RenderConstrainedBox#5dc9c@Offset(195.0, 2.0), RenderConstrainedBox#bb23f@Offset(195.0, 2.0), RenderPositionedBox#cc4c6@Offset(195.0, 2.0), RenderPadding#a8da6@Offset(195.0, 2.0), RenderCustomMultiChildLayoutBox#0c49b@Offset(195.0, 96.0), _RenderInkFeatures#fcf4d@Offset(195.0, 96.0), RenderPhysicalModel#cb63c@Offset(195.0, 96.0), RenderIndexedStack#fbc5b@Offset(195.0, 96.0), RenderAnimatedOpacity#48185@Offset(195.0, 96.0), RenderClipRect#45249@Offset(195.0, 96.0), _RenderLayoutBuilder#d802d@Offset(195.0, 96.0), RenderCustomMultiChildLayoutBox#a3f2d@Offset(195.0, 96.0), _RenderInkFeatures#8951d@Offset(195.0, 96.0), RenderPhysicalModel#208b4@Offset(195.0, 96.0), RenderSemanticsAnnotations#1ab03@Offset(195.0, 96.0), RenderRepaintBoundary#06135@Offset(195.0, 96.0), RenderIgnorePointer#b83fe@Offset(195.0, 96.0), RenderAnimatedOpacity#e33c5@Offset(195.0, 96.0), RenderRepaintBoundary#8a65e@Offset(195.0, 96.0), RenderSemanticsAnnotations#51418@Offset(195.0, 96.0), RenderOffstage#1ef19@Offset(195.0, 96.0), RenderSemanticsAnnotations#4c118@Offset(195.0, 96.0), _RenderTheater#6f3f2@Offset(195.0, 96.0), RenderAbsorbPointer#44a97@Offset(195.0, 96.0), RenderPointerListener#a6cfa@Offset(195.0, 96.0), RenderSemanticsAnnotations#d7353@Offset(195.0, 96.0), RenderSemanticsAnnotations#9d2a6@Offset(195.0, 96.0), RenderSemanticsAnnotations#6cd2b@Offset(195.0, 96.0), RenderSemanticsAnnotations#fd4ec@Offset(195.0, 96.0), RenderTapRegionSurface#8849c@Offset(195.0, 96.0), RenderSemanticsAnnotations#8d618@Offset(195.0, 96.0), RenderSemanticsAnnotations#0e6f4@Offset(195.0, 96.0), RenderRepaintBoundary#d5d54@Offset(195.0, 96.0), HitTestEntry<HitTestTarget>#f2729(_ReusableRenderView#9d378), HitTestEntry<HitTestTarget>#c932c(<AutomatedTestWidgetsFlutterBinding>))
#0      WidgetController._getElementPoint (package:flutter_test/src/controller.dart:2165:25)
#1      WidgetController.getCenter (package:flutter_test/src/controller.dart:1947:12)
#2      WidgetController.drag (package:flutter_test/src/controller.dart:1604:7)
#3      WidgetController.dragUntilVisible.<anonymous closure> (package:flutter_test/src/controller.dart:2483:17)
<asynchronous suspension>
#4      TestAsyncUtils.guard.<anonymous closure> (package:flutter_test/src/test_async_utils.dart:130:27)
<asynchronous suspension>
#5      WidgetController.scrollUntilVisible.<anonymous closure> (package:flutter_test/src/controller.dart:2439:7)
<asynchronous suspension>
#6      TestAsyncUtils.guard.<anonymous closure> (package:flutter_test/src/test_async_utils.dart:130:27)
<asynchronous suspension>
#7      main.<anonymous closure> (file:///home/runner/work/streetlift-apk/streetlift-apk/streetlift_tracker/test/visual_capture_test.dart:201:13)
<asynchronous suspension>
#8      testWidgets.<anonymous closure>.<anonymous closure> (package:flutter_test/src/widget_tester.dart:192:15)
<asynchronous suspension>
#9      TestWidgetsFlutterBinding._runTestBody (package:flutter_test/src/binding.dart:1953:5)
<asynchronous suspension>
#10     StackZoneSpecification._registerCallback.<anonymous closure> (package:stack_trace/src/stack_zone_specification.dart:114:42)
<asynchronous suspension>
To silence this warning, pass "warnIfMissed: false" to "drag()".
To make this warning fatal, set WidgetController.hitTestWarningShouldBeFatal to true.


Warning: A call to drag() with finder "Found 1 widget with type "Scrollable" descending from widget with type "StatsScreen" (ignoring all but last): [
  Scrollable(axisDirection: right, physics: null, restorationId: null, dependencies: [InheritedCupertinoTheme, MediaQuery, ScrollConfiguration, UnmanagedRestorationScope, _InheritedTheme, _LocalizationsScope-[GlobalKey#d2101]], state: ScrollableState#a99d0(position: ScrollPositionWithSingleContext#ab9cf(offset: 280.0, range: 0.0..768.0, viewport: 350.0, ScrollableState, ClampingScrollPhysics -> RangeMaintainingScrollPhysics, IdleScrollActivity#3610b, ScrollDirection.idle), effective physics: ClampingScrollPhysics -> RangeMaintainingScrollPhysics)),
]" derived an Offset (Offset(195.0, 96.0)) that would not hit test on the specified widget.
Maybe the widget is actually off-screen, or another widget is obscuring it, or the widget cannot receive pointer events.
The finder corresponds to this RenderBox: RenderClipRect#709fa relayoutBoundary=up5
The hit test result at that offset is: HitTestResult(RenderPointerListener#0926b@Offset(28.5, 2.0), RenderSemanticsAnnotations#89d2c@Offset(28.5, 2.0), RenderMouseRegion#025ed@Offset(28.5, 2.0), RenderSemanticsAnnotations#754fd@Offset(28.5, 2.0), RenderMergeSemantics#96843@Offset(28.5, 2.0), _TabLabelBarRenderer#080ca@Offset(187.0, 2.0), RenderCustomPaint#0f164@Offset(187.0, 2.0), RenderSemanticsAnnotations#320ef@Offset(187.0, 2.0), RenderPadding#5126f@Offset(195.0, 2.0), _RenderSingleChildViewport#3b2cb@Offset(195.0, 2.0), RenderIgnorePointer#87916@Offset(195.0, 2.0), RenderSemanticsAnnotations#718b1@Offset(195.0, 2.0), RenderPointerListener#6c5d0@Offset(195.0, 2.0), RenderSemanticsGestureHandler#e885f@Offset(195.0, 2.0), RenderPointerListener#3488a@Offset(195.0, 2.0), _RenderScrollSemantics#16b66@Offset(195.0, 2.0), RenderPositionedBox#c39f0@Offset(195.0, 2.0), _RenderInkFeatures#1bd2e@Offset(195.0, 2.0), RenderCustomPaint#2ced9@Offset(195.0, 2.0), RenderClipPath#7e793@Offset(195.0, 2.0), RenderFlex#ccb56@Offset(195.0, 2.0), RenderConstrainedBox#5dc9c@Offset(195.0, 2.0), RenderConstrainedBox#bb23f@Offset(195.0, 2.0), RenderPositionedBox#cc4c6@Offset(195.0, 2.0), RenderPadding#a8da6@Offset(195.0, 2.0), RenderCustomMultiChildLayoutBox#0c49b@Offset(195.0, 96.0), _RenderInkFeatures#fcf4d@Offset(195.0, 96.0), RenderPhysicalModel#cb63c@Offset(195.0, 96.0), RenderIndexedStack#fbc5b@Offset(195.0, 96.0), RenderAnimatedOpacity#48185@Offset(195.0, 96.0), RenderClipRect#45249@Offset(195.0, 96.0), _RenderLayoutBuilder#d802d@Offset(195.0, 96.0), RenderCustomMultiChildLayoutBox#a3f2d@Offset(195.0, 96.0), _RenderInkFeatures#8951d@Offset(195.0, 96.0), RenderPhysicalModel#208b4@Offset(195.0, 96.0), RenderSemanticsAnnotations#1ab03@Offset(195.0, 96.0), RenderRepaintBoundary#06135@Offset(195.0, 96.0), RenderIgnorePointer#b83fe@Offset(195.0, 96.0), RenderAnimatedOpacity#e33c5@Offset(195.0, 96.0), RenderRepaintBoundary#8a65e@Offset(195.0, 96.0), RenderSemanticsAnnotations#51418@Offset(195.0, 96.0), RenderOffstage#1ef19@Offset(195.0, 96.0), RenderSemanticsAnnotations#4c118@Offset(195.0, 96.0), _RenderTheater#6f3f2@Offset(195.0, 96.0), RenderAbsorbPointer#44a97@Offset(195.0, 96.0), RenderPointerListener#a6cfa@Offset(195.0, 96.0), RenderSemanticsAnnotations#d7353@Offset(195.0, 96.0), RenderSemanticsAnnotations#9d2a6@Offset(195.0, 96.0), RenderSemanticsAnnotations#6cd2b@Offset(195.0, 96.0), RenderSemanticsAnnotations#fd4ec@Offset(195.0, 96.0), RenderTapRegionSurface#8849c@Offset(195.0, 96.0), RenderSemanticsAnnotations#8d618@Offset(195.0, 96.0), RenderSemanticsAnnotations#0e6f4@Offset(195.0, 96.0), RenderRepaintBoundary#d5d54@Offset(195.0, 96.0), HitTestEntry<HitTestTarget>#92b3e(_ReusableRenderView#9d378), HitTestEntry<HitTestTarget>#c3c9c(<AutomatedTestWidgetsFlutterBinding>))
#0      WidgetController._getElementPoint (package:flutter_test/src/controller.dart:2165:25)
#1      WidgetController.getCenter (package:flutter_test/src/controller.dart:1947:12)
#2      WidgetController.drag (package:flutter_test/src/controller.dart:1604:7)
#3      WidgetController.dragUntilVisible.<anonymous closure> (package:flutter_test/src/controller.dart:2483:17)
<asynchronous suspension>
#4      TestAsyncUtils.guard.<anonymous closure> (package:flutter_test/src/test_async_utils.dart:130:27)
<asynchronous suspension>
#5      WidgetController.scrollUntilVisible.<anonymous closure> (package:flutter_test/src/controller.dart:2439:7)
<asynchronous suspension>
#6      TestAsyncUtils.guard.<anonymous closure> (package:flutter_test/src/test_async_utils.dart:130:27)
<asynchronous suspension>
#7      main.<anonymous closure> (file:///home/runner/work/streetlift-apk/streetlift-apk/streetlift_tracker/test/visual_capture_test.dart:201:13)
<asynchronous suspension>
#8      testWidgets.<anonymous closure>.<anonymous closure> (package:flutter_test/src/widget_tester.dart:192:15)
<asynchronous suspension>
#9      TestWidgetsFlutterBinding._runTestBody (package:flutter_test/src/binding.dart:1953:5)
<asynchronous suspension>
#10     StackZoneSpecification._registerCallback.<anonymous closure> (package:stack_trace/src/stack_zone_specification.dart:114:42)
<asynchronous suspension>
To silence this warning, pass "warnIfMissed: false" to "drag()".
To make this warning fatal, set WidgetController.hitTestWarningShouldBeFatal to true.


Warning: A call to drag() with finder "Found 1 widget with type "Scrollable" descending from widget with type "StatsScreen" (ignoring all but last): [
  Scrollable(axisDirection: right, physics: null, restorationId: null, dependencies: [InheritedCupertinoTheme, MediaQuery, ScrollConfiguration, UnmanagedRestorationScope, _InheritedTheme, _LocalizationsScope-[GlobalKey#d2101]], state: ScrollableState#a99d0(position: ScrollPositionWithSingleContext#ab9cf(offset: 280.0, range: 0.0..768.0, viewport: 350.0, ScrollableState, ClampingScrollPhysics -> RangeMaintainingScrollPhysics, IdleScrollActivity#3610b, ScrollDirection.idle), effective physics: ClampingScrollPhysics -> RangeMaintainingScrollPhysics)),
]" derived an Offset (Offset(195.0, 96.0)) that would not hit test on the specified widget.
Maybe the widget is actually off-screen, or another widget is obscuring it, or the widget cannot receive pointer events.
The finder corresponds to this RenderBox: RenderClipRect#709fa relayoutBoundary=up5
The hit test result at that offset is: HitTestResult(RenderPointerListener#0926b@Offset(28.5, 2.0), RenderSemanticsAnnotations#89d2c@Offset(28.5, 2.0), RenderMouseRegion#025ed@Offset(28.5, 2.0), RenderSemanticsAnnotations#754fd@Offset(28.5, 2.0), RenderMergeSemantics#96843@Offset(28.5, 2.0), _TabLabelBarRenderer#080ca@Offset(187.0, 2.0), RenderCustomPaint#0f164@Offset(187.0, 2.0), RenderSemanticsAnnotations#320ef@Offset(187.0, 2.0), RenderPadding#5126f@Offset(195.0, 2.0), _RenderSingleChildViewport#3b2cb@Offset(195.0, 2.0), RenderIgnorePointer#87916@Offset(195.0, 2.0), RenderSemanticsAnnotations#718b1@Offset(195.0, 2.0), RenderPointerListener#6c5d0@Offset(195.0, 2.0), RenderSemanticsGestureHandler#e885f@Offset(195.0, 2.0), RenderPointerListener#3488a@Offset(195.0, 2.0), _RenderScrollSemantics#16b66@Offset(195.0, 2.0), RenderPositionedBox#c39f0@Offset(195.0, 2.0), _RenderInkFeatures#1bd2e@Offset(195.0, 2.0), RenderCustomPaint#2ced9@Offset(195.0, 2.0), RenderClipPath#7e793@Offset(195.0, 2.0), RenderFlex#ccb56@Offset(195.0, 2.0), RenderConstrainedBox#5dc9c@Offset(195.0, 2.0), RenderConstrainedBox#bb23f@Offset(195.0, 2.0), RenderPositionedBox#cc4c6@Offset(195.0, 2.0), RenderPadding#a8da6@Offset(195.0, 2.0), RenderCustomMultiChildLayoutBox#0c49b@Offset(195.0, 96.0), _RenderInkFeatures#fcf4d@Offset(195.0, 96.0), RenderPhysicalModel#cb63c@Offset(195.0, 96.0), RenderIndexedStack#fbc5b@Offset(195.0, 96.0), RenderAnimatedOpacity#48185@Offset(195.0, 96.0), RenderClipRect#45249@Offset(195.0, 96.0), _RenderLayoutBuilder#d802d@Offset(195.0, 96.0), RenderCustomMultiChildLayoutBox#a3f2d@Offset(195.0, 96.0), _RenderInkFeatures#8951d@Offset(195.0, 96.0), RenderPhysicalModel#208b4@Offset(195.0, 96.0), RenderSemanticsAnnotations#1ab03@Offset(195.0, 96.0), RenderRepaintBoundary#06135@Offset(195.0, 96.0), RenderIgnorePointer#b83fe@Offset(195.0, 96.0), RenderAnimatedOpacity#e33c5@Offset(195.0, 96.0), RenderRepaintBoundary#8a65e@Offset(195.0, 96.0), RenderSemanticsAnnotations#51418@Offset(195.0, 96.0), RenderOffstage#1ef19@Offset(195.0, 96.0), RenderSemanticsAnnotations#4c118@Offset(195.0, 96.0), _RenderTheater#6f3f2@Offset(195.0, 96.0), RenderAbsorbPointer#44a97@Offset(195.0, 96.0), RenderPointerListener#a6cfa@Offset(195.0, 96.0), RenderSemanticsAnnotations#d7353@Offset(195.0, 96.0), RenderSemanticsAnnotations#9d2a6@Offset(195.0, 96.0), RenderSemanticsAnnotations#6cd2b@Offset(195.0, 96.0), RenderSemanticsAnnotations#fd4ec@Offset(195.0, 96.0), RenderTapRegionSurface#8849c@Offset(195.0, 96.0), RenderSemanticsAnnotations#8d618@Offset(195.0, 96.0), RenderSemanticsAnnotations#0e6f4@Offset(195.0, 96.0), RenderRepaintBoundary#d5d54@Offset(195.0, 96.0), HitTestEntry<HitTestTarget>#8823c(_ReusableRenderView#9d378), HitTestEntry<HitTestTarget>#9aa01(<AutomatedTestWidgetsFlutterBinding>))
#0      WidgetController._getElementPoint (package:flutter_test/src/controller.dart:2165:25)
#1      WidgetController.getCenter (package:flutter_test/src/controller.dart:1947:12)
#2      WidgetController.drag (package:flutter_test/src/controller.dart:1604:7)
#3      WidgetController.dragUntilVisible.<anonymous closure> (package:flutter_test/src/controller.dart:2483:17)
<asynchronous suspension>
#4      TestAsyncUtils.guard.<anonymous closure> (package:flutter_test/src/test_async_utils.dart:130:27)
<asynchronous suspension>
#5      WidgetController.scrollUntilVisible.<anonymous closure> (package:flutter_test/src/controller.dart:2439:7)
<asynchronous suspension>
#6      TestAsyncUtils.guard.<anonymous closure> (package:flutter_test/src/test_async_utils.dart:130:27)
<asynchronous suspension>
#7      main.<anonymous closure> (file:///home/runner/work/streetlift-apk/streetlift-apk/streetlift_tracker/test/visual_capture_test.dart:201:13)
<asynchronous suspension>
#8      testWidgets.<anonymous closure>.<anonymous closure> (package:flutter_test/src/widget_tester.dart:192:15)
<asynchronous suspension>
#9      TestWidgetsFlutterBinding._runTestBody (package:flutter_test/src/binding.dart:1953:5)
<asynchronous suspension>
#10     StackZoneSpecification._registerCallback.<anonymous closure> (package:stack_trace/src/stack_zone_specification.dart:114:42)
<asynchronous suspension>
To silence this warning, pass "warnIfMissed: false" to "drag()".
To make this warning fatal, set WidgetController.hitTestWarningShouldBeFatal to true.


Warning: A call to drag() with finder "Found 1 widget with type "Scrollable" descending from widget with type "StatsScreen" (ignoring all but last): [
  Scrollable(axisDirection: right, physics: null, restorationId: null, dependencies: [InheritedCupertinoTheme, MediaQuery, ScrollConfiguration, UnmanagedRestorationScope, _InheritedTheme, _LocalizationsScope-[GlobalKey#d2101]], state: ScrollableState#a99d0(position: ScrollPositionWithSingleContext#ab9cf(offset: 280.0, range: 0.0..768.0, viewport: 350.0, ScrollableState, ClampingScrollPhysics -> RangeMaintainingScrollPhysics, IdleScrollActivity#3610b, ScrollDirection.idle), effective physics: ClampingScrollPhysics -> RangeMaintainingScrollPhysics)),
]" derived an Offset (Offset(195.0, 96.0)) that would not hit test on the specified widget.
Maybe the widget is actually off-screen, or another widget is obscuring it, or the widget cannot receive pointer events.
The finder corresponds to this RenderBox: RenderClipRect#709fa relayoutBoundary=up5
The hit test result at that offset is: HitTestResult(RenderPointerListener#0926b@Offset(28.5, 2.0), RenderSemanticsAnnotations#89d2c@Offset(28.5, 2.0), RenderMouseRegion#025ed@Offset(28.5, 2.0), RenderSemanticsAnnotations#754fd@Offset(28.5, 2.0), RenderMergeSemantics#96843@Offset(28.5, 2.0), _TabLabelBarRenderer#080ca@Offset(187.0, 2.0), RenderCustomPaint#0f164@Offset(187.0, 2.0), RenderSemanticsAnnotations#320ef@Offset(187.0, 2.0), RenderPadding#5126f@Offset(195.0, 2.0), _RenderSingleChildViewport#3b2cb@Offset(195.0, 2.0), RenderIgnorePointer#87916@Offset(195.0, 2.0), RenderSemanticsAnnotations#718b1@Offset(195.0, 2.0), RenderPointerListener#6c5d0@Offset(195.0, 2.0), RenderSemanticsGestureHandler#e885f@Offset(195.0, 2.0), RenderPointerListener#3488a@Offset(195.0, 2.0), _RenderScrollSemantics#16b66@Offset(195.0, 2.0), RenderPositionedBox#c39f0@Offset(195.0, 2.0), _RenderInkFeatures#1bd2e@Offset(195.0, 2.0), RenderCustomPaint#2ced9@Offset(195.0, 2.0), RenderClipPath#7e793@Offset(195.0, 2.0), RenderFlex#ccb56@Offset(195.0, 2.0), RenderConstrainedBox#5dc9c@Offset(195.0, 2.0), RenderConstrainedBox#bb23f@Offset(195.0, 2.0), RenderPositionedBox#cc4c6@Offset(195.0, 2.0), RenderPadding#a8da6@Offset(195.0, 2.0), RenderCustomMultiChildLayoutBox#0c49b@Offset(195.0, 96.0), _RenderInkFeatures#fcf4d@Offset(195.0, 96.0), RenderPhysicalModel#cb63c@Offset(195.0, 96.0), RenderIndexedStack#fbc5b@Offset(195.0, 96.0), RenderAnimatedOpacity#48185@Offset(195.0, 96.0), RenderClipRect#45249@Offset(195.0, 96.0), _RenderLayoutBuilder#d802d@Offset(195.0, 96.0), RenderCustomMultiChildLayoutBox#a3f2d@Offset(195.0, 96.0), _RenderInkFeatures#8951d@Offset(195.0, 96.0), RenderPhysicalModel#208b4@Offset(195.0, 96.0), RenderSemanticsAnnotations#1ab03@Offset(195.0, 96.0), RenderRepaintBoundary#06135@Offset(195.0, 96.0), RenderIgnorePointer#b83fe@Offset(195.0, 96.0), RenderAnimatedOpacity#e33c5@Offset(195.0, 96.0), RenderRepaintBoundary#8a65e@Offset(195.0, 96.0), RenderSemanticsAnnotations#51418@Offset(195.0, 96.0), RenderOffstage#1ef19@Offset(195.0, 96.0), RenderSemanticsAnnotations#4c118@Offset(195.0, 96.0), _RenderTheater#6f3f2@Offset(195.0, 96.0), RenderAbsorbPointer#44a97@Offset(195.0, 96.0), RenderPointerListener#a6cfa@Offset(195.0, 96.0), RenderSemanticsAnnotations#d7353@Offset(195.0, 96.0), RenderSemanticsAnnotations#9d2a6@Offset(195.0, 96.0), RenderSemanticsAnnotations#6cd2b@Offset(195.0, 96.0), RenderSemanticsAnnotations#fd4ec@Offset(195.0, 96.0), RenderTapRegionSurface#8849c@Offset(195.0, 96.0), RenderSemanticsAnnotations#8d618@Offset(195.0, 96.0), RenderSemanticsAnnotations#0e6f4@Offset(195.0, 96.0), RenderRepaintBoundary#d5d54@Offset(195.0, 96.0), HitTestEntry<HitTestTarget>#784a6(_ReusableRenderView#9d378), HitTestEntry<HitTestTarget>#b62b4(<AutomatedTestWidgetsFlutterBinding>))
#0      WidgetController._getElementPoint (package:flutter_test/src/controller.dart:2165:25)
#1      WidgetController.getCenter (package:flutter_test/src/controller.dart:1947:12)
#2      WidgetController.drag (package:flutter_test/src/controller.dart:1604:7)
#3      WidgetController.dragUntilVisible.<anonymous closure> (package:flutter_test/src/controller.dart:2483:17)
<asynchronous suspension>
#4      TestAsyncUtils.guard.<anonymous closure> (package:flutter_test/src/test_async_utils.dart:130:27)
<asynchronous suspension>
#5      WidgetController.scrollUntilVisible.<anonymous closure> (package:flutter_test/src/controller.dart:2439:7)
<asynchronous suspension>
#6      TestAsyncUtils.guard.<anonymous closure> (package:flutter_test/src/test_async_utils.dart:130:27)
<asynchronous suspension>
#7      main.<anonymous closure> (file:///home/runner/work/streetlift-apk/streetlift-apk/streetlift_tracker/test/visual_capture_test.dart:201:13)
<asynchronous suspension>
#8      testWidgets.<anonymous closure>.<anonymous closure> (package:flutter_test/src/widget_tester.dart:192:15)
<asynchronous suspension>
#9      TestWidgetsFlutterBinding._runTestBody (package:flutter_test/src/binding.dart:1953:5)
<asynchronous suspension>
#10     StackZoneSpecification._registerCallback.<anonymous closure> (package:stack_trace/src/stack_zone_specification.dart:114:42)
<asynchronous suspension>
To silence this warning, pass "warnIfMissed: false" to "drag()".
To make this warning fatal, set WidgetController.hitTestWarningShouldBeFatal to true.


Warning: A call to drag() with finder "Found 1 widget with type "Scrollable" descending from widget with type "StatsScreen" (ignoring all but last): [
  Scrollable(axisDirection: right, physics: null, restorationId: null, dependencies: [InheritedCupertinoTheme, MediaQuery, ScrollConfiguration, UnmanagedRestorationScope, _InheritedTheme, _LocalizationsScope-[GlobalKey#d2101]], state: ScrollableState#a99d0(position: ScrollPositionWithSingleContext#ab9cf(offset: 280.0, range: 0.0..768.0, viewport: 350.0, ScrollableState, ClampingScrollPhysics -> RangeMaintainingScrollPhysics, IdleScrollActivity#3610b, ScrollDirection.idle), effective physics: ClampingScrollPhysics -> RangeMaintainingScrollPhysics)),
]" derived an Offset (Offset(195.0, 96.0)) that would not hit test on the specified widget.
Maybe the widget is actually off-screen, or another widget is obscuring it, or the widget cannot receive pointer events.
The finder corresponds to this RenderBox: RenderClipRect#709fa relayoutBoundary=up5
The hit test result at that offset is: HitTestResult(RenderPointerListener#0926b@Offset(28.5, 2.0), RenderSemanticsAnnotations#89d2c@Offset(28.5, 2.0), RenderMouseRegion#025ed@Offset(28.5, 2.0), RenderSemanticsAnnotations#754fd@Offset(28.5, 2.0), RenderMergeSemantics#96843@Offset(28.5, 2.0), _TabLabelBarRenderer#080ca@Offset(187.0, 2.0), RenderCustomPaint#0f164@Offset(187.0, 2.0), RenderSemanticsAnnotations#320ef@Offset(187.0, 2.0), RenderPadding#5126f@Offset(195.0, 2.0), _RenderSingleChildViewport#3b2cb@Offset(195.0, 2.0), RenderIgnorePointer#87916@Offset(195.0, 2.0), RenderSemanticsAnnotations#718b1@Offset(195.0, 2.0), RenderPointerListener#6c5d0@Offset(195.0, 2.0), RenderSemanticsGestureHandler#e885f@Offset(195.0, 2.0), RenderPointerListener#3488a@Offset(195.0, 2.0), _RenderScrollSemantics#16b66@Offset(195.0, 2.0), RenderPositionedBox#c39f0@Offset(195.0, 2.0), _RenderInkFeatures#1bd2e@Offset(195.0, 2.0), RenderCustomPaint#2ced9@Offset(195.0, 2.0), RenderClipPath#7e793@Offset(195.0, 2.0), RenderFlex#ccb56@Offset(195.0, 2.0), RenderConstrainedBox#5dc9c@Offset(195.0, 2.0), RenderConstrainedBox#bb23f@Offset(195.0, 2.0), RenderPositionedBox#cc4c6@Offset(195.0, 2.0), RenderPadding#a8da6@Offset(195.0, 2.0), RenderCustomMultiChildLayoutBox#0c49b@Offset(195.0, 96.0), _RenderInkFeatures#fcf4d@Offset(195.0, 96.0), RenderPhysicalModel#cb63c@Offset(195.0, 96.0), RenderIndexedStack#fbc5b@Offset(195.0, 96.0), RenderAnimatedOpacity#48185@Offset(195.0, 96.0), RenderClipRect#45249@Offset(195.0, 96.0), _RenderLayoutBuilder#d802d@Offset(195.0, 96.0), RenderCustomMultiChildLayoutBox#a3f2d@Offset(195.0, 96.0), _RenderInkFeatures#8951d@Offset(195.0, 96.0), RenderPhysicalModel#208b4@Offset(195.0, 96.0), RenderSemanticsAnnotations#1ab03@Offset(195.0, 96.0), RenderRepaintBoundary#06135@Offset(195.0, 96.0), RenderIgnorePointer#b83fe@Offset(195.0, 96.0), RenderAnimatedOpacity#e33c5@Offset(195.0, 96.0), RenderRepaintBoundary#8a65e@Offset(195.0, 96.0), RenderSemanticsAnnotations#51418@Offset(195.0, 96.0), RenderOffstage#1ef19@Offset(195.0, 96.0), RenderSemanticsAnnotations#4c118@Offset(195.0, 96.0), _RenderTheater#6f3f2@Offset(195.0, 96.0), RenderAbsorbPointer#44a97@Offset(195.0, 96.0), RenderPointerListener#a6cfa@Offset(195.0, 96.0), RenderSemanticsAnnotations#d7353@Offset(195.0, 96.0), RenderSemanticsAnnotations#9d2a6@Offset(195.0, 96.0), RenderSemanticsAnnotations#6cd2b@Offset(195.0, 96.0), RenderSemanticsAnnotations#fd4ec@Offset(195.0, 96.0), RenderTapRegionSurface#8849c@Offset(195.0, 96.0), RenderSemanticsAnnotations#8d618@Offset(195.0, 96.0), RenderSemanticsAnnotations#0e6f4@Offset(195.0, 96.0), RenderRepaintBoundary#d5d54@Offset(195.0, 96.0), HitTestEntry<HitTestTarget>#f6984(_ReusableRenderView#9d378), HitTestEntry<HitTestTarget>#0215a(<AutomatedTestWidgetsFlutterBinding>))
#0      WidgetController._getElementPoint (package:flutter_test/src/controller.dart:2165:25)
#1      WidgetController.getCenter (package:flutter_test/src/controller.dart:1947:12)
#2      WidgetController.drag (package:flutter_test/src/controller.dart:1604:7)
#3      WidgetController.dragUntilVisible.<anonymous closure> (package:flutter_test/src/controller.dart:2483:17)
<asynchronous suspension>
#4      TestAsyncUtils.guard.<anonymous closure> (package:flutter_test/src/test_async_utils.dart:130:27)
<asynchronous suspension>
#5      WidgetController.scrollUntilVisible.<anonymous closure> (package:flutter_test/src/controller.dart:2439:7)
<asynchronous suspension>
#6      TestAsyncUtils.guard.<anonymous closure> (package:flutter_test/src/test_async_utils.dart:130:27)
<asynchronous suspension>
#7      main.<anonymous closure> (file:///home/runner/work/streetlift-apk/streetlift-apk/streetlift_tracker/test/visual_capture_test.dart:201:13)
<asynchronous suspension>
#8      testWidgets.<anonymous closure>.<anonymous closure> (package:flutter_test/src/widget_tester.dart:192:15)
<asynchronous suspension>
#9      TestWidgetsFlutterBinding._runTestBody (package:flutter_test/src/binding.dart:1953:5)
<asynchronous suspension>
#10     StackZoneSpecification._registerCallback.<anonymous closure> (package:stack_trace/src/stack_zone_specification.dart:114:42)
<asynchronous suspension>
To silence this warning, pass "warnIfMissed: false" to "drag()".
To make this warning fatal, set WidgetController.hitTestWarningShouldBeFatal to true.


Warning: A call to drag() with finder "Found 1 widget with type "Scrollable" descending from widget with type "StatsScreen" (ignoring all but last): [
  Scrollable(axisDirection: right, physics: null, restorationId: null, dependencies: [InheritedCupertinoTheme, MediaQuery, ScrollConfiguration, UnmanagedRestorationScope, _InheritedTheme, _LocalizationsScope-[GlobalKey#d2101]], state: ScrollableState#a99d0(position: ScrollPositionWithSingleContext#ab9cf(offset: 280.0, range: 0.0..768.0, viewport: 350.0, ScrollableState, ClampingScrollPhysics -> RangeMaintainingScrollPhysics, IdleScrollActivity#3610b, ScrollDirection.idle), effective physics: ClampingScrollPhysics -> RangeMaintainingScrollPhysics)),
]" derived an Offset (Offset(195.0, 96.0)) that would not hit test on the specified widget.
Maybe the widget is actually off-screen, or another widget is obscuring it, or the widget cannot receive pointer events.
The finder corresponds to this RenderBox: RenderClipRect#709fa relayoutBoundary=up5
The hit test result at that offset is: HitTestResult(RenderPointerListener#0926b@Offset(28.5, 2.0), RenderSemanticsAnnotations#89d2c@Offset(28.5, 2.0), RenderMouseRegion#025ed@Offset(28.5, 2.0), RenderSemanticsAnnotations#754fd@Offset(28.5, 2.0), RenderMergeSemantics#96843@Offset(28.5, 2.0), _TabLabelBarRenderer#080ca@Offset(187.0, 2.0), RenderCustomPaint#0f164@Offset(187.0, 2.0), RenderSemanticsAnnotations#320ef@Offset(187.0, 2.0), RenderPadding#5126f@Offset(195.0, 2.0), _RenderSingleChildViewport#3b2cb@Offset(195.0, 2.0), RenderIgnorePointer#87916@Offset(195.0, 2.0), RenderSemanticsAnnotations#718b1@Offset(195.0, 2.0), RenderPointerListener#6c5d0@Offset(195.0, 2.0), RenderSemanticsGestureHandler#e885f@Offset(195.0, 2.0), RenderPointerListener#3488a@Offset(195.0, 2.0), _RenderScrollSemantics#16b66@Offset(195.0, 2.0), RenderPositionedBox#c39f0@Offset(195.0, 2.0), _RenderInkFeatures#1bd2e@Offset(195.0, 2.0), RenderCustomPaint#2ced9@Offset(195.0, 2.0), RenderClipPath#7e793@Offset(195.0, 2.0), RenderFlex#ccb56@Offset(195.0, 2.0), RenderConstrainedBox#5dc9c@Offset(195.0, 2.0), RenderConstrainedBox#bb23f@Offset(195.0, 2.0), RenderPositionedBox#cc4c6@Offset(195.0, 2.0), RenderPadding#a8da6@Offset(195.0, 2.0), RenderCustomMultiChildLayoutBox#0c49b@Offset(195.0, 96.0), _RenderInkFeatures#fcf4d@Offset(195.0, 96.0), RenderPhysicalModel#cb63c@Offset(195.0, 96.0), RenderIndexedStack#fbc5b@Offset(195.0, 96.0), RenderAnimatedOpacity#48185@Offset(195.0, 96.0), RenderClipRect#45249@Offset(195.0, 96.0), _RenderLayoutBuilder#d802d@Offset(195.0, 96.0), RenderCustomMultiChildLayoutBox#a3f2d@Offset(195.0, 96.0), _RenderInkFeatures#8951d@Offset(195.0, 96.0), RenderPhysicalModel#208b4@Offset(195.0, 96.0), RenderSemanticsAnnotations#1ab03@Offset(195.0, 96.0), RenderRepaintBoundary#06135@Offset(195.0, 96.0), RenderIgnorePointer#b83fe@Offset(195.0, 96.0), RenderAnimatedOpacity#e33c5@Offset(195.0, 96.0), RenderRepaintBoundary#8a65e@Offset(195.0, 96.0), RenderSemanticsAnnotations#51418@Offset(195.0, 96.0), RenderOffstage#1ef19@Offset(195.0, 96.0), RenderSemanticsAnnotations#4c118@Offset(195.0, 96.0), _RenderTheater#6f3f2@Offset(195.0, 96.0), RenderAbsorbPointer#44a97@Offset(195.0, 96.0), RenderPointerListener#a6cfa@Offset(195.0, 96.0), RenderSemanticsAnnotations#d7353@Offset(195.0, 96.0), RenderSemanticsAnnotations#9d2a6@Offset(195.0, 96.0), RenderSemanticsAnnotations#6cd2b@Offset(195.0, 96.0), RenderSemanticsAnnotations#fd4ec@Offset(195.0, 96.0), RenderTapRegionSurface#8849c@Offset(195.0, 96.0), RenderSemanticsAnnotations#8d618@Offset(195.0, 96.0), RenderSemanticsAnnotations#0e6f4@Offset(195.0, 96.0), RenderRepaintBoundary#d5d54@Offset(195.0, 96.0), HitTestEntry<HitTestTarget>#2e6c8(_ReusableRenderView#9d378), HitTestEntry<HitTestTarget>#491c9(<AutomatedTestWidgetsFlutterBinding>))
#0      WidgetController._getElementPoint (package:flutter_test/src/controller.dart:2165:25)
#1      WidgetController.getCenter (package:flutter_test/src/controller.dart:1947:12)
#2      WidgetController.drag (package:flutter_test/src/controller.dart:1604:7)
#3      WidgetController.dragUntilVisible.<anonymous closure> (package:flutter_test/src/controller.dart:2483:17)
<asynchronous suspension>
#4      TestAsyncUtils.guard.<anonymous closure> (package:flutter_test/src/test_async_utils.dart:130:27)
<asynchronous suspension>
#5      WidgetController.scrollUntilVisible.<anonymous closure> (package:flutter_test/src/controller.dart:2439:7)
<asynchronous suspension>
#6      TestAsyncUtils.guard.<anonymous closure> (package:flutter_test/src/test_async_utils.dart:130:27)
<asynchronous suspension>
#7      main.<anonymous closure> (file:///home/runner/work/streetlift-apk/streetlift-apk/streetlift_tracker/test/visual_capture_test.dart:201:13)
<asynchronous suspension>
#8      testWidgets.<anonymous closure>.<anonymous closure> (package:flutter_test/src/widget_tester.dart:192:15)
<asynchronous suspension>
#9      TestWidgetsFlutterBinding._runTestBody (package:flutter_test/src/binding.dart:1953:5)
<asynchronous suspension>
#10     StackZoneSpecification._registerCallback.<anonymous closure> (package:stack_trace/src/stack_zone_specification.dart:114:42)
<asynchronous suspension>
To silence this warning, pass "warnIfMissed: false" to "drag()".
To make this warning fatal, set WidgetController.hitTestWarningShouldBeFatal to true.


Warning: A call to drag() with finder "Found 1 widget with type "Scrollable" descending from widget with type "StatsScreen" (ignoring all but last): [
  Scrollable(axisDirection: right, physics: null, restorationId: null, dependencies: [InheritedCupertinoTheme, MediaQuery, ScrollConfiguration, UnmanagedRestorationScope, _InheritedTheme, _LocalizationsScope-[GlobalKey#d2101]], state: ScrollableState#a99d0(position: ScrollPositionWithSingleContext#ab9cf(offset: 280.0, range: 0.0..768.0, viewport: 350.0, ScrollableState, ClampingScrollPhysics -> RangeMaintainingScrollPhysics, IdleScrollActivity#3610b, ScrollDirection.idle), effective physics: ClampingScrollPhysics -> RangeMaintainingScrollPhysics)),
]" derived an Offset (Offset(195.0, 96.0)) that would not hit test on the specified widget.
Maybe the widget is actually off-screen, or another widget is obscuring it, or the widget cannot receive pointer events.
The finder corresponds to this RenderBox: RenderClipRect#709fa relayoutBoundary=up5
The hit test result at that offset is: HitTestResult(RenderPointerListener#0926b@Offset(28.5, 2.0), RenderSemanticsAnnotations#89d2c@Offset(28.5, 2.0), RenderMouseRegion#025ed@Offset(28.5, 2.0), RenderSemanticsAnnotations#754fd@Offset(28.5, 2.0), RenderMergeSemantics#96843@Offset(28.5, 2.0), _TabLabelBarRenderer#080ca@Offset(187.0, 2.0), RenderCustomPaint#0f164@Offset(187.0, 2.0), RenderSemanticsAnnotations#320ef@Offset(187.0, 2.0), RenderPadding#5126f@Offset(195.0, 2.0), _RenderSingleChildViewport#3b2cb@Offset(195.0, 2.0), RenderIgnorePointer#87916@Offset(195.0, 2.0), RenderSemanticsAnnotations#718b1@Offset(195.0, 2.0), RenderPointerListener#6c5d0@Offset(195.0, 2.0), RenderSemanticsGestureHandler#e885f@Offset(195.0, 2.0), RenderPointerListener#3488a@Offset(195.0, 2.0), _RenderScrollSemantics#16b66@Offset(195.0, 2.0), RenderPositionedBox#c39f0@Offset(195.0, 2.0), _RenderInkFeatures#1bd2e@Offset(195.0, 2.0), RenderCustomPaint#2ced9@Offset(195.0, 2.0), RenderClipPath#7e793@Offset(195.0, 2.0), RenderFlex#ccb56@Offset(195.0, 2.0), RenderConstrainedBox#5dc9c@Offset(195.0, 2.0), RenderConstrainedBox#bb23f@Offset(195.0, 2.0), RenderPositionedBox#cc4c6@Offset(195.0, 2.0), RenderPadding#a8da6@Offset(195.0, 2.0), RenderCustomMultiChildLayoutBox#0c49b@Offset(195.0, 96.0), _RenderInkFeatures#fcf4d@Offset(195.0, 96.0), RenderPhysicalModel#cb63c@Offset(195.0, 96.0), RenderIndexedStack#fbc5b@Offset(195.0, 96.0), RenderAnimatedOpacity#48185@Offset(195.0, 96.0), RenderClipRect#45249@Offset(195.0, 96.0), _RenderLayoutBuilder#d802d@Offset(195.0, 96.0), RenderCustomMultiChildLayoutBox#a3f2d@Offset(195.0, 96.0), _RenderInkFeatures#8951d@Offset(195.0, 96.0), RenderPhysicalModel#208b4@Offset(195.0, 96.0), RenderSemanticsAnnotations#1ab03@Offset(195.0, 96.0), RenderRepaintBoundary#06135@Offset(195.0, 96.0), RenderIgnorePointer#b83fe@Offset(195.0, 96.0), RenderAnimatedOpacity#e33c5@Offset(195.0, 96.0), RenderRepaintBoundary#8a65e@Offset(195.0, 96.0), RenderSemanticsAnnotations#51418@Offset(195.0, 96.0), RenderOffstage#1ef19@Offset(195.0, 96.0), RenderSemanticsAnnotations#4c118@Offset(195.0, 96.0), _RenderTheater#6f3f2@Offset(195.0, 96.0), RenderAbsorbPointer#44a97@Offset(195.0, 96.0), RenderPointerListener#a6cfa@Offset(195.0, 96.0), RenderSemanticsAnnotations#d7353@Offset(195.0, 96.0), RenderSemanticsAnnotations#9d2a6@Offset(195.0, 96.0), RenderSemanticsAnnotations#6cd2b@Offset(195.0, 96.0), RenderSemanticsAnnotations#fd4ec@Offset(195.0, 96.0), RenderTapRegionSurface#8849c@Offset(195.0, 96.0), RenderSemanticsAnnotations#8d618@Offset(195.0, 96.0), RenderSemanticsAnnotations#0e6f4@Offset(195.0, 96.0), RenderRepaintBoundary#d5d54@Offset(195.0, 96.0), HitTestEntry<HitTestTarget>#e002a(_ReusableRenderView#9d378), HitTestEntry<HitTestTarget>#3fcb1(<AutomatedTestWidgetsFlutterBinding>))
#0      WidgetController._getElementPoint (package:flutter_test/src/controller.dart:2165:25)
#1      WidgetController.getCenter (package:flutter_test/src/controller.dart:1947:12)
#2      WidgetController.drag (package:flutter_test/src/controller.dart:1604:7)
#3      WidgetController.dragUntilVisible.<anonymous closure> (package:flutter_test/src/controller.dart:2483:17)
<asynchronous suspension>
#4      TestAsyncUtils.guard.<anonymous closure> (package:flutter_test/src/test_async_utils.dart:130:27)
<asynchronous suspension>
#5      WidgetController.scrollUntilVisible.<anonymous closure> (package:flutter_test/src/controller.dart:2439:7)
<asynchronous suspension>
#6      TestAsyncUtils.guard.<anonymous closure> (package:flutter_test/src/test_async_utils.dart:130:27)
<asynchronous suspension>
#7      main.<anonymous closure> (file:///home/runner/work/streetlift-apk/streetlift-apk/streetlift_tracker/test/visual_capture_test.dart:201:13)
<asynchronous suspension>
#8      testWidgets.<anonymous closure>.<anonymous closure> (package:flutter_test/src/widget_tester.dart:192:15)
<asynchronous suspension>
#9      TestWidgetsFlutterBinding._runTestBody (package:flutter_test/src/binding.dart:1953:5)
<asynchronous suspension>
#10     StackZoneSpecification._registerCallback.<anonymous closure> (package:stack_trace/src/stack_zone_specification.dart:114:42)
<asynchronous suspension>
To silence this warning, pass "warnIfMissed: false" to "drag()".
To make this warning fatal, set WidgetController.hitTestWarningShouldBeFatal to true.


Warning: A call to drag() with finder "Found 1 widget with type "Scrollable" descending from widget with type "StatsScreen" (ignoring all but last): [
  Scrollable(axisDirection: right, physics: null, restorationId: null, dependencies: [InheritedCupertinoTheme, MediaQuery, ScrollConfiguration, UnmanagedRestorationScope, _InheritedTheme, _LocalizationsScope-[GlobalKey#d2101]], state: ScrollableState#a99d0(position: ScrollPositionWithSingleContext#ab9cf(offset: 280.0, range: 0.0..768.0, viewport: 350.0, ScrollableState, ClampingScrollPhysics -> RangeMaintainingScrollPhysics, IdleScrollActivity#3610b, ScrollDirection.idle), effective physics: ClampingScrollPhysics -> RangeMaintainingScrollPhysics)),
]" derived an Offset (Offset(195.0, 96.0)) that would not hit test on the specified widget.
Maybe the widget is actually off-screen, or another widget is obscuring it, or the widget cannot receive pointer events.
The finder corresponds to this RenderBox: RenderClipRect#709fa relayoutBoundary=up5
The hit test result at that offset is: HitTestResult(RenderPointerListener#0926b@Offset(28.5, 2.0), RenderSemanticsAnnotations#89d2c@Offset(28.5, 2.0), RenderMouseRegion#025ed@Offset(28.5, 2.0), RenderSemanticsAnnotations#754fd@Offset(28.5, 2.0), RenderMergeSemantics#96843@Offset(28.5, 2.0), _TabLabelBarRenderer#080ca@Offset(187.0, 2.0), RenderCustomPaint#0f164@Offset(187.0, 2.0), RenderSemanticsAnnotations#320ef@Offset(187.0, 2.0), RenderPadding#5126f@Offset(195.0, 2.0), _RenderSingleChildViewport#3b2cb@Offset(195.0, 2.0), RenderIgnorePointer#87916@Offset(195.0, 2.0), RenderSemanticsAnnotations#718b1@Offset(195.0, 2.0), RenderPointerListener#6c5d0@Offset(195.0, 2.0), RenderSemanticsGestureHandler#e885f@Offset(195.0, 2.0), RenderPointerListener#3488a@Offset(195.0, 2.0), _RenderScrollSemantics#16b66@Offset(195.0, 2.0), RenderPositionedBox#c39f0@Offset(195.0, 2.0), _RenderInkFeatures#1bd2e@Offset(195.0, 2.0), RenderCustomPaint#2ced9@Offset(195.0, 2.0), RenderClipPath#7e793@Offset(195.0, 2.0), RenderFlex#ccb56@Offset(195.0, 2.0), RenderConstrainedBox#5dc9c@Offset(195.0, 2.0), RenderConstrainedBox#bb23f@Offset(195.0, 2.0), RenderPositionedBox#cc4c6@Offset(195.0, 2.0), RenderPadding#a8da6@Offset(195.0, 2.0), RenderCustomMultiChildLayoutBox#0c49b@Offset(195.0, 96.0), _RenderInkFeatures#fcf4d@Offset(195.0, 96.0), RenderPhysicalModel#cb63c@Offset(195.0, 96.0), RenderIndexedStack#fbc5b@Offset(195.0, 96.0), RenderAnimatedOpacity#48185@Offset(195.0, 96.0), RenderClipRect#45249@Offset(195.0, 96.0), _RenderLayoutBuilder#d802d@Offset(195.0, 96.0), RenderCustomMultiChildLayoutBox#a3f2d@Offset(195.0, 96.0), _RenderInkFeatures#8951d@Offset(195.0, 96.0), RenderPhysicalModel#208b4@Offset(195.0, 96.0), RenderSemanticsAnnotations#1ab03@Offset(195.0, 96.0), RenderRepaintBoundary#06135@Offset(195.0, 96.0), RenderIgnorePointer#b83fe@Offset(195.0, 96.0), RenderAnimatedOpacity#e33c5@Offset(195.0, 96.0), RenderRepaintBoundary#8a65e@Offset(195.0, 96.0), RenderSemanticsAnnotations#51418@Offset(195.0, 96.0), RenderOffstage#1ef19@Offset(195.0, 96.0), RenderSemanticsAnnotations#4c118@Offset(195.0, 96.0), _RenderTheater#6f3f2@Offset(195.0, 96.0), RenderAbsorbPointer#44a97@Offset(195.0, 96.0), RenderPointerListener#a6cfa@Offset(195.0, 96.0), RenderSemanticsAnnotations#d7353@Offset(195.0, 96.0), RenderSemanticsAnnotations#9d2a6@Offset(195.0, 96.0), RenderSemanticsAnnotations#6cd2b@Offset(195.0, 96.0), RenderSemanticsAnnotations#fd4ec@Offset(195.0, 96.0), RenderTapRegionSurface#8849c@Offset(195.0, 96.0), RenderSemanticsAnnotations#8d618@Offset(195.0, 96.0), RenderSemanticsAnnotations#0e6f4@Offset(195.0, 96.0), RenderRepaintBoundary#d5d54@Offset(195.0, 96.0), HitTestEntry<HitTestTarget>#79dea(_ReusableRenderView#9d378), HitTestEntry<HitTestTarget>#cafd7(<AutomatedTestWidgetsFlutterBinding>))
#0      WidgetController._getElementPoint (package:flutter_test/src/controller.dart:2165:25)
#1      WidgetController.getCenter (package:flutter_test/src/controller.dart:1947:12)
#2      WidgetController.drag (package:flutter_test/src/controller.dart:1604:7)
#3      WidgetController.dragUntilVisible.<anonymous closure> (package:flutter_test/src/controller.dart:2483:17)
<asynchronous suspension>
#4      TestAsyncUtils.guard.<anonymous closure> (package:flutter_test/src/test_async_utils.dart:130:27)
<asynchronous suspension>
#5      WidgetController.scrollUntilVisible.<anonymous closure> (package:flutter_test/src/controller.dart:2439:7)
<asynchronous suspension>
#6      TestAsyncUtils.guard.<anonymous closure> (package:flutter_test/src/test_async_utils.dart:130:27)
<asynchronous suspension>
#7      main.<anonymous closure> (file:///home/runner/work/streetlift-apk/streetlift-apk/streetlift_tracker/test/visual_capture_test.dart:201:13)
<asynchronous suspension>
#8      testWidgets.<anonymous closure>.<anonymous closure> (package:flutter_test/src/widget_tester.dart:192:15)
<asynchronous suspension>
#9      TestWidgetsFlutterBinding._runTestBody (package:flutter_test/src/binding.dart:1953:5)
<asynchronous suspension>
#10     StackZoneSpecification._registerCallback.<anonymous closure> (package:stack_trace/src/stack_zone_specification.dart:114:42)
<asynchronous suspension>
To silence this warning, pass "warnIfMissed: false" to "drag()".
To make this warning fatal, set WidgetController.hitTestWarningShouldBeFatal to true.


Warning: A call to drag() with finder "Found 1 widget with type "Scrollable" descending from widget with type "StatsScreen" (ignoring all but last): [
  Scrollable(axisDirection: right, physics: null, restorationId: null, dependencies: [InheritedCupertinoTheme, MediaQuery, ScrollConfiguration, UnmanagedRestorationScope, _InheritedTheme, _LocalizationsScope-[GlobalKey#d2101]], state: ScrollableState#a99d0(position: ScrollPositionWithSingleContext#ab9cf(offset: 280.0, range: 0.0..768.0, viewport: 350.0, ScrollableState, ClampingScrollPhysics -> RangeMaintainingScrollPhysics, IdleScrollActivity#3610b, ScrollDirection.idle), effective physics: ClampingScrollPhysics -> RangeMaintainingScrollPhysics)),
]" derived an Offset (Offset(195.0, 96.0)) that would not hit test on the specified widget.
Maybe the widget is actually off-screen, or another widget is obscuring it, or the widget cannot receive pointer events.
The finder corresponds to this RenderBox: RenderClipRect#709fa relayoutBoundary=up5
The hit test result at that offset is: HitTestResult(RenderPointerListener#0926b@Offset(28.5, 2.0), RenderSemanticsAnnotations#89d2c@Offset(28.5, 2.0), RenderMouseRegion#025ed@Offset(28.5, 2.0), RenderSemanticsAnnotations#754fd@Offset(28.5, 2.0), RenderMergeSemantics#96843@Offset(28.5, 2.0), _TabLabelBarRenderer#080ca@Offset(187.0, 2.0), RenderCustomPaint#0f164@Offset(187.0, 2.0), RenderSemanticsAnnotations#320ef@Offset(187.0, 2.0), RenderPadding#5126f@Offset(195.0, 2.0), _RenderSingleChildViewport#3b2cb@Offset(195.0, 2.0), RenderIgnorePointer#87916@Offset(195.0, 2.0), RenderSemanticsAnnotations#718b1@Offset(195.0, 2.0), RenderPointerListener#6c5d0@Offset(195.0, 2.0), RenderSemanticsGestureHandler#e885f@Offset(195.0, 2.0), RenderPointerListener#3488a@Offset(195.0, 2.0), _RenderScrollSemantics#16b66@Offset(195.0, 2.0), RenderPositionedBox#c39f0@Offset(195.0, 2.0), _RenderInkFeatures#1bd2e@Offset(195.0, 2.0), RenderCustomPaint#2ced9@Offset(195.0, 2.0), RenderClipPath#7e793@Offset(195.0, 2.0), RenderFlex#ccb56@Offset(195.0, 2.0), RenderConstrainedBox#5dc9c@Offset(195.0, 2.0), RenderConstrainedBox#bb23f@Offset(195.0, 2.0), RenderPositionedBox#cc4c6@Offset(195.0, 2.0), RenderPadding#a8da6@Offset(195.0, 2.0), RenderCustomMultiChildLayoutBox#0c49b@Offset(195.0, 96.0), _RenderInkFeatures#fcf4d@Offset(195.0, 96.0), RenderPhysicalModel#cb63c@Offset(195.0, 96.0), RenderIndexedStack#fbc5b@Offset(195.0, 96.0), RenderAnimatedOpacity#48185@Offset(195.0, 96.0), RenderClipRect#45249@Offset(195.0, 96.0), _RenderLayoutBuilder#d802d@Offset(195.0, 96.0), RenderCustomMultiChildLayoutBox#a3f2d@Offset(195.0, 96.0), _RenderInkFeatures#8951d@Offset(195.0, 96.0), RenderPhysicalModel#208b4@Offset(195.0, 96.0), RenderSemanticsAnnotations#1ab03@Offset(195.0, 96.0), RenderRepaintBoundary#06135@Offset(195.0, 96.0), RenderIgnorePointer#b83fe@Offset(195.0, 96.0), RenderAnimatedOpacity#e33c5@Offset(195.0, 96.0), RenderRepaintBoundary#8a65e@Offset(195.0, 96.0), RenderSemanticsAnnotations#51418@Offset(195.0, 96.0), RenderOffstage#1ef19@Offset(195.0, 96.0), RenderSemanticsAnnotations#4c118@Offset(195.0, 96.0), _RenderTheater#6f3f2@Offset(195.0, 96.0), RenderAbsorbPointer#44a97@Offset(195.0, 96.0), RenderPointerListener#a6cfa@Offset(195.0, 96.0), RenderSemanticsAnnotations#d7353@Offset(195.0, 96.0), RenderSemanticsAnnotations#9d2a6@Offset(195.0, 96.0), RenderSemanticsAnnotations#6cd2b@Offset(195.0, 96.0), RenderSemanticsAnnotations#fd4ec@Offset(195.0, 96.0), RenderTapRegionSurface#8849c@Offset(195.0, 96.0), RenderSemanticsAnnotations#8d618@Offset(195.0, 96.0), RenderSemanticsAnnotations#0e6f4@Offset(195.0, 96.0), RenderRepaintBoundary#d5d54@Offset(195.0, 96.0), HitTestEntry<HitTestTarget>#7b14b(_ReusableRenderView#9d378), HitTestEntry<HitTestTarget>#0b902(<AutomatedTestWidgetsFlutterBinding>))
#0      WidgetController._getElementPoint (package:flutter_test/src/controller.dart:2165:25)
#1      WidgetController.getCenter (package:flutter_test/src/controller.dart:1947:12)
#2      WidgetController.drag (package:flutter_test/src/controller.dart:1604:7)
#3      WidgetController.dragUntilVisible.<anonymous closure> (package:flutter_test/src/controller.dart:2483:17)
<asynchronous suspension>
#4      TestAsyncUtils.guard.<anonymous closure> (package:flutter_test/src/test_async_utils.dart:130:27)
<asynchronous suspension>
#5      WidgetController.scrollUntilVisible.<anonymous closure> (package:flutter_test/src/controller.dart:2439:7)
<asynchronous suspension>
#6      TestAsyncUtils.guard.<anonymous closure> (package:flutter_test/src/test_async_utils.dart:130:27)
<asynchronous suspension>
#7      main.<anonymous closure> (file:///home/runner/work/streetlift-apk/streetlift-apk/streetlift_tracker/test/visual_capture_test.dart:201:13)
<asynchronous suspension>
#8      testWidgets.<anonymous closure>.<anonymous closure> (package:flutter_test/src/widget_tester.dart:192:15)
<asynchronous suspension>
#9      TestWidgetsFlutterBinding._runTestBody (package:flutter_test/src/binding.dart:1953:5)
<asynchronous suspension>
#10     StackZoneSpecification._registerCallback.<anonymous closure> (package:stack_trace/src/stack_zone_specification.dart:114:42)
<asynchronous suspension>
To silence this warning, pass "warnIfMissed: false" to "drag()".
To make this warning fatal, set WidgetController.hitTestWarningShouldBeFatal to true.


Warning: A call to drag() with finder "Found 1 widget with type "Scrollable" descending from widget with type "StatsScreen" (ignoring all but last): [
  Scrollable(axisDirection: right, physics: null, restorationId: null, dependencies: [InheritedCupertinoTheme, MediaQuery, ScrollConfiguration, UnmanagedRestorationScope, _InheritedTheme, _LocalizationsScope-[GlobalKey#d2101]], state: ScrollableState#a99d0(position: ScrollPositionWithSingleContext#ab9cf(offset: 280.0, range: 0.0..768.0, viewport: 350.0, ScrollableState, ClampingScrollPhysics -> RangeMaintainingScrollPhysics, IdleScrollActivity#3610b, ScrollDirection.idle), effective physics: ClampingScrollPhysics -> RangeMaintainingScrollPhysics)),
]" derived an Offset (Offset(195.0, 96.0)) that would not hit test on the specified widget.
Maybe the widget is actually off-screen, or another widget is obscuring it, or the widget cannot receive pointer events.
The finder corresponds to this RenderBox: RenderClipRect#709fa relayoutBoundary=up5
The hit test result at that offset is: HitTestResult(RenderPointerListener#0926b@Offset(28.5, 2.0), RenderSemanticsAnnotations#89d2c@Offset(28.5, 2.0), RenderMouseRegion#025ed@Offset(28.5, 2.0), RenderSemanticsAnnotations#754fd@Offset(28.5, 2.0), RenderMergeSemantics#96843@Offset(28.5, 2.0), _TabLabelBarRenderer#080ca@Offset(187.0, 2.0), RenderCustomPaint#0f164@Offset(187.0, 2.0), RenderSemanticsAnnotations#320ef@Offset(187.0, 2.0), RenderPadding#5126f@Offset(195.0, 2.0), _RenderSingleChildViewport#3b2cb@Offset(195.0, 2.0), RenderIgnorePointer#87916@Offset(195.0, 2.0), RenderSemanticsAnnotations#718b1@Offset(195.0, 2.0), RenderPointerListener#6c5d0@Offset(195.0, 2.0), RenderSemanticsGestureHandler#e885f@Offset(195.0, 2.0), RenderPointerListener#3488a@Offset(195.0, 2.0), _RenderScrollSemantics#16b66@Offset(195.0, 2.0), RenderPositionedBox#c39f0@Offset(195.0, 2.0), _RenderInkFeatures#1bd2e@Offset(195.0, 2.0), RenderCustomPaint#2ced9@Offset(195.0, 2.0), RenderClipPath#7e793@Offset(195.0, 2.0), RenderFlex#ccb56@Offset(195.0, 2.0), RenderConstrainedBox#5dc9c@Offset(195.0, 2.0), RenderConstrainedBox#bb23f@Offset(195.0, 2.0), RenderPositionedBox#cc4c6@Offset(195.0, 2.0), RenderPadding#a8da6@Offset(195.0, 2.0), RenderCustomMultiChildLayoutBox#0c49b@Offset(195.0, 96.0), _RenderInkFeatures#fcf4d@Offset(195.0, 96.0), RenderPhysicalModel#cb63c@Offset(195.0, 96.0), RenderIndexedStack#fbc5b@Offset(195.0, 96.0), RenderAnimatedOpacity#48185@Offset(195.0, 96.0), RenderClipRect#45249@Offset(195.0, 96.0), _RenderLayoutBuilder#d802d@Offset(195.0, 96.0), RenderCustomMultiChildLayoutBox#a3f2d@Offset(195.0, 96.0), _RenderInkFeatures#8951d@Offset(195.0, 96.0), RenderPhysicalModel#208b4@Offset(195.0, 96.0), RenderSemanticsAnnotations#1ab03@Offset(195.0, 96.0), RenderRepaintBoundary#06135@Offset(195.0, 96.0), RenderIgnorePointer#b83fe@Offset(195.0, 96.0), RenderAnimatedOpacity#e33c5@Offset(195.0, 96.0), RenderRepaintBoundary#8a65e@Offset(195.0, 96.0), RenderSemanticsAnnotations#51418@Offset(195.0, 96.0), RenderOffstage#1ef19@Offset(195.0, 96.0), RenderSemanticsAnnotations#4c118@Offset(195.0, 96.0), _RenderTheater#6f3f2@Offset(195.0, 96.0), RenderAbsorbPointer#44a97@Offset(195.0, 96.0), RenderPointerListener#a6cfa@Offset(195.0, 96.0), RenderSemanticsAnnotations#d7353@Offset(195.0, 96.0), RenderSemanticsAnnotations#9d2a6@Offset(195.0, 96.0), RenderSemanticsAnnotations#6cd2b@Offset(195.0, 96.0), RenderSemanticsAnnotations#fd4ec@Offset(195.0, 96.0), RenderTapRegionSurface#8849c@Offset(195.0, 96.0), RenderSemanticsAnnotations#8d618@Offset(195.0, 96.0), RenderSemanticsAnnotations#0e6f4@Offset(195.0, 96.0), RenderRepaintBoundary#d5d54@Offset(195.0, 96.0), HitTestEntry<HitTestTarget>#9bfac(_ReusableRenderView#9d378), HitTestEntry<HitTestTarget>#5ca75(<AutomatedTestWidgetsFlutterBinding>))
#0      WidgetController._getElementPoint (package:flutter_test/src/controller.dart:2165:25)
#1      WidgetController.getCenter (package:flutter_test/src/controller.dart:1947:12)
#2      WidgetController.drag (package:flutter_test/src/controller.dart:1604:7)
#3      WidgetController.dragUntilVisible.<anonymous closure> (package:flutter_test/src/controller.dart:2483:17)
<asynchronous suspension>
#4      TestAsyncUtils.guard.<anonymous closure> (package:flutter_test/src/test_async_utils.dart:130:27)
<asynchronous suspension>
#5      WidgetController.scrollUntilVisible.<anonymous closure> (package:flutter_test/src/controller.dart:2439:7)
<asynchronous suspension>
#6      TestAsyncUtils.guard.<anonymous closure> (package:flutter_test/src/test_async_utils.dart:130:27)
<asynchronous suspension>
#7      main.<anonymous closure> (file:///home/runner/work/streetlift-apk/streetlift-apk/streetlift_tracker/test/visual_capture_test.dart:201:13)
<asynchronous suspension>
#8      testWidgets.<anonymous closure>.<anonymous closure> (package:flutter_test/src/widget_tester.dart:192:15)
<asynchronous suspension>
#9      TestWidgetsFlutterBinding._runTestBody (package:flutter_test/src/binding.dart:1953:5)
<asynchronous suspension>
#10     StackZoneSpecification._registerCallback.<anonymous closure> (package:stack_trace/src/stack_zone_specification.dart:114:42)
<asynchronous suspension>
To silence this warning, pass "warnIfMissed: false" to "drag()".
To make this warning fatal, set WidgetController.hitTestWarningShouldBeFatal to true.


Warning: A call to drag() with finder "Found 1 widget with type "Scrollable" descending from widget with type "StatsScreen" (ignoring all but last): [
  Scrollable(axisDirection: right, physics: null, restorationId: null, dependencies: [InheritedCupertinoTheme, MediaQuery, ScrollConfiguration, UnmanagedRestorationScope, _InheritedTheme, _LocalizationsScope-[GlobalKey#d2101]], state: ScrollableState#a99d0(position: ScrollPositionWithSingleContext#ab9cf(offset: 280.0, range: 0.0..768.0, viewport: 350.0, ScrollableState, ClampingScrollPhysics -> RangeMaintainingScrollPhysics, IdleScrollActivity#3610b, ScrollDirection.idle), effective physics: ClampingScrollPhysics -> RangeMaintainingScrollPhysics)),
]" derived an Offset (Offset(195.0, 96.0)) that would not hit test on the specified widget.
Maybe the widget is actually off-screen, or another widget is obscuring it, or the widget cannot receive pointer events.
The finder corresponds to this RenderBox: RenderClipRect#709fa relayoutBoundary=up5
The hit test result at that offset is: HitTestResult(RenderPointerListener#0926b@Offset(28.5, 2.0), RenderSemanticsAnnotations#89d2c@Offset(28.5, 2.0), RenderMouseRegion#025ed@Offset(28.5, 2.0), RenderSemanticsAnnotations#754fd@Offset(28.5, 2.0), RenderMergeSemantics#96843@Offset(28.5, 2.0), _TabLabelBarRenderer#080ca@Offset(187.0, 2.0), RenderCustomPaint#0f164@Offset(187.0, 2.0), RenderSemanticsAnnotations#320ef@Offset(187.0, 2.0), RenderPadding#5126f@Offset(195.0, 2.0), _RenderSingleChildViewport#3b2cb@Offset(195.0, 2.0), RenderIgnorePointer#87916@Offset(195.0, 2.0), RenderSemanticsAnnotations#718b1@Offset(195.0, 2.0), RenderPointerListener#6c5d0@Offset(195.0, 2.0), RenderSemanticsGestureHandler#e885f@Offset(195.0, 2.0), RenderPointerListener#3488a@Offset(195.0, 2.0), _RenderScrollSemantics#16b66@Offset(195.0, 2.0), RenderPositionedBox#c39f0@Offset(195.0, 2.0), _RenderInkFeatures#1bd2e@Offset(195.0, 2.0), RenderCustomPaint#2ced9@Offset(195.0, 2.0), RenderClipPath#7e793@Offset(195.0, 2.0), RenderFlex#ccb56@Offset(195.0, 2.0), RenderConstrainedBox#5dc9c@Offset(195.0, 2.0), RenderConstrainedBox#bb23f@Offset(195.0, 2.0), RenderPositionedBox#cc4c6@Offset(195.0, 2.0), RenderPadding#a8da6@Offset(195.0, 2.0), RenderCustomMultiChildLayoutBox#0c49b@Offset(195.0, 96.0), _RenderInkFeatures#fcf4d@Offset(195.0, 96.0), RenderPhysicalModel#cb63c@Offset(195.0, 96.0), RenderIndexedStack#fbc5b@Offset(195.0, 96.0), RenderAnimatedOpacity#48185@Offset(195.0, 96.0), RenderClipRect#45249@Offset(195.0, 96.0), _RenderLayoutBuilder#d802d@Offset(195.0, 96.0), RenderCustomMultiChildLayoutBox#a3f2d@Offset(195.0, 96.0), _RenderInkFeatures#8951d@Offset(195.0, 96.0), RenderPhysicalModel#208b4@Offset(195.0, 96.0), RenderSemanticsAnnotations#1ab03@Offset(195.0, 96.0), RenderRepaintBoundary#06135@Offset(195.0, 96.0), RenderIgnorePointer#b83fe@Offset(195.0, 96.0), RenderAnimatedOpacity#e33c5@Offset(195.0, 96.0), RenderRepaintBoundary#8a65e@Offset(195.0, 96.0), RenderSemanticsAnnotations#51418@Offset(195.0, 96.0), RenderOffstage#1ef19@Offset(195.0, 96.0), RenderSemanticsAnnotations#4c118@Offset(195.0, 96.0), _RenderTheater#6f3f2@Offset(195.0, 96.0), RenderAbsorbPointer#44a97@Offset(195.0, 96.0), RenderPointerListener#a6cfa@Offset(195.0, 96.0), RenderSemanticsAnnotations#d7353@Offset(195.0, 96.0), RenderSemanticsAnnotations#9d2a6@Offset(195.0, 96.0), RenderSemanticsAnnotations#6cd2b@Offset(195.0, 96.0), RenderSemanticsAnnotations#fd4ec@Offset(195.0, 96.0), RenderTapRegionSurface#8849c@Offset(195.0, 96.0), RenderSemanticsAnnotations#8d618@Offset(195.0, 96.0), RenderSemanticsAnnotations#0e6f4@Offset(195.0, 96.0), RenderRepaintBoundary#d5d54@Offset(195.0, 96.0), HitTestEntry<HitTestTarget>#dfdf4(_ReusableRenderView#9d378), HitTestEntry<HitTestTarget>#2c459(<AutomatedTestWidgetsFlutterBinding>))
#0      WidgetController._getElementPoint (package:flutter_test/src/controller.dart:2165:25)
#1      WidgetController.getCenter (package:flutter_test/src/controller.dart:1947:12)
#2      WidgetController.drag (package:flutter_test/src/controller.dart:1604:7)
#3      WidgetController.dragUntilVisible.<anonymous closure> (package:flutter_test/src/controller.dart:2483:17)
<asynchronous suspension>
#4      TestAsyncUtils.guard.<anonymous closure> (package:flutter_test/src/test_async_utils.dart:130:27)
<asynchronous suspension>
#5      WidgetController.scrollUntilVisible.<anonymous closure> (package:flutter_test/src/controller.dart:2439:7)
<asynchronous suspension>
#6      TestAsyncUtils.guard.<anonymous closure> (package:flutter_test/src/test_async_utils.dart:130:27)
<asynchronous suspension>
#7      main.<anonymous closure> (file:///home/runner/work/streetlift-apk/streetlift-apk/streetlift_tracker/test/visual_capture_test.dart:201:13)
<asynchronous suspension>
#8      testWidgets.<anonymous closure>.<anonymous closure> (package:flutter_test/src/widget_tester.dart:192:15)
<asynchronous suspension>
#9      TestWidgetsFlutterBinding._runTestBody (package:flutter_test/src/binding.dart:1953:5)
<asynchronous suspension>
#10     StackZoneSpecification._registerCallback.<anonymous closure> (package:stack_trace/src/stack_zone_specification.dart:114:42)
<asynchronous suspension>
To silence this warning, pass "warnIfMissed: false" to "drag()".
To make this warning fatal, set WidgetController.hitTestWarningShouldBeFatal to true.


Warning: A call to drag() with finder "Found 1 widget with type "Scrollable" descending from widget with type "StatsScreen" (ignoring all but last): [
  Scrollable(axisDirection: right, physics: null, restorationId: null, dependencies: [InheritedCupertinoTheme, MediaQuery, ScrollConfiguration, UnmanagedRestorationScope, _InheritedTheme, _LocalizationsScope-[GlobalKey#d2101]], state: ScrollableState#a99d0(position: ScrollPositionWithSingleContext#ab9cf(offset: 280.0, range: 0.0..768.0, viewport: 350.0, ScrollableState, ClampingScrollPhysics -> RangeMaintainingScrollPhysics, IdleScrollActivity#3610b, ScrollDirection.idle), effective physics: ClampingScrollPhysics -> RangeMaintainingScrollPhysics)),
]" derived an Offset (Offset(195.0, 96.0)) that would not hit test on the specified widget.
Maybe the widget is actually off-screen, or another widget is obscuring it, or the widget cannot receive pointer events.
The finder corresponds to this RenderBox: RenderClipRect#709fa relayoutBoundary=up5
The hit test result at that offset is: HitTestResult(RenderPointerListener#0926b@Offset(28.5, 2.0), RenderSemanticsAnnotations#89d2c@Offset(28.5, 2.0), RenderMouseRegion#025ed@Offset(28.5, 2.0), RenderSemanticsAnnotations#754fd@Offset(28.5, 2.0), RenderMergeSemantics#96843@Offset(28.5, 2.0), _TabLabelBarRenderer#080ca@Offset(187.0, 2.0), RenderCustomPaint#0f164@Offset(187.0, 2.0), RenderSemanticsAnnotations#320ef@Offset(187.0, 2.0), RenderPadding#5126f@Offset(195.0, 2.0), _RenderSingleChildViewport#3b2cb@Offset(195.0, 2.0), RenderIgnorePointer#87916@Offset(195.0, 2.0), RenderSemanticsAnnotations#718b1@Offset(195.0, 2.0), RenderPointerListener#6c5d0@Offset(195.0, 2.0), RenderSemanticsGestureHandler#e885f@Offset(195.0, 2.0), RenderPointerListener#3488a@Offset(195.0, 2.0), _RenderScrollSemantics#16b66@Offset(195.0, 2.0), RenderPositionedBox#c39f0@Offset(195.0, 2.0), _RenderInkFeatures#1bd2e@Offset(195.0, 2.0), RenderCustomPaint#2ced9@Offset(195.0, 2.0), RenderClipPath#7e793@Offset(195.0, 2.0), RenderFlex#ccb56@Offset(195.0, 2.0), RenderConstrainedBox#5dc9c@Offset(195.0, 2.0), RenderConstrainedBox#bb23f@Offset(195.0, 2.0), RenderPositionedBox#cc4c6@Offset(195.0, 2.0), RenderPadding#a8da6@Offset(195.0, 2.0), RenderCustomMultiChildLayoutBox#0c49b@Offset(195.0, 96.0), _RenderInkFeatures#fcf4d@Offset(195.0, 96.0), RenderPhysicalModel#cb63c@Offset(195.0, 96.0), RenderIndexedStack#fbc5b@Offset(195.0, 96.0), RenderAnimatedOpacity#48185@Offset(195.0, 96.0), RenderClipRect#45249@Offset(195.0, 96.0), _RenderLayoutBuilder#d802d@Offset(195.0, 96.0), RenderCustomMultiChildLayoutBox#a3f2d@Offset(195.0, 96.0), _RenderInkFeatures#8951d@Offset(195.0, 96.0), RenderPhysicalModel#208b4@Offset(195.0, 96.0), RenderSemanticsAnnotations#1ab03@Offset(195.0, 96.0), RenderRepaintBoundary#06135@Offset(195.0, 96.0), RenderIgnorePointer#b83fe@Offset(195.0, 96.0), RenderAnimatedOpacity#e33c5@Offset(195.0, 96.0), RenderRepaintBoundary#8a65e@Offset(195.0, 96.0), RenderSemanticsAnnotations#51418@Offset(195.0, 96.0), RenderOffstage#1ef19@Offset(195.0, 96.0), RenderSemanticsAnnotations#4c118@Offset(195.0, 96.0), _RenderTheater#6f3f2@Offset(195.0, 96.0), RenderAbsorbPointer#44a97@Offset(195.0, 96.0), RenderPointerListener#a6cfa@Offset(195.0, 96.0), RenderSemanticsAnnotations#d7353@Offset(195.0, 96.0), RenderSemanticsAnnotations#9d2a6@Offset(195.0, 96.0), RenderSemanticsAnnotations#6cd2b@Offset(195.0, 96.0), RenderSemanticsAnnotations#fd4ec@Offset(195.0, 96.0), RenderTapRegionSurface#8849c@Offset(195.0, 96.0), RenderSemanticsAnnotations#8d618@Offset(195.0, 96.0), RenderSemanticsAnnotations#0e6f4@Offset(195.0, 96.0), RenderRepaintBoundary#d5d54@Offset(195.0, 96.0), HitTestEntry<HitTestTarget>#df846(_ReusableRenderView#9d378), HitTestEntry<HitTestTarget>#2a18a(<AutomatedTestWidgetsFlutterBinding>))
#0      WidgetController._getElementPoint (package:flutter_test/src/controller.dart:2165:25)
#1      WidgetController.getCenter (package:flutter_test/src/controller.dart:1947:12)
#2      WidgetController.drag (package:flutter_test/src/controller.dart:1604:7)
#3      WidgetController.dragUntilVisible.<anonymous closure> (package:flutter_test/src/controller.dart:2483:17)
<asynchronous suspension>
#4      TestAsyncUtils.guard.<anonymous closure> (package:flutter_test/src/test_async_utils.dart:130:27)
<asynchronous suspension>
#5      WidgetController.scrollUntilVisible.<anonymous closure> (package:flutter_test/src/controller.dart:2439:7)
<asynchronous suspension>
#6      TestAsyncUtils.guard.<anonymous closure> (package:flutter_test/src/test_async_utils.dart:130:27)
<asynchronous suspension>
#7      main.<anonymous closure> (file:///home/runner/work/streetlift-apk/streetlift-apk/streetlift_tracker/test/visual_capture_test.dart:201:13)
<asynchronous suspension>
#8      testWidgets.<anonymous closure>.<anonymous closure> (package:flutter_test/src/widget_tester.dart:192:15)
<asynchronous suspension>
#9      TestWidgetsFlutterBinding._runTestBody (package:flutter_test/src/binding.dart:1953:5)
<asynchronous suspension>
#10     StackZoneSpecification._registerCallback.<anonymous closure> (package:stack_trace/src/stack_zone_specification.dart:114:42)
<asynchronous suspension>
To silence this warning, pass "warnIfMissed: false" to "drag()".
To make this warning fatal, set WidgetController.hitTestWarningShouldBeFatal to true.


Warning: A call to drag() with finder "Found 1 widget with type "Scrollable" descending from widget with type "StatsScreen" (ignoring all but last): [
  Scrollable(axisDirection: right, physics: null, restorationId: null, dependencies: [InheritedCupertinoTheme, MediaQuery, ScrollConfiguration, UnmanagedRestorationScope, _InheritedTheme, _LocalizationsScope-[GlobalKey#d2101]], state: ScrollableState#a99d0(position: ScrollPositionWithSingleContext#ab9cf(offset: 280.0, range: 0.0..768.0, viewport: 350.0, ScrollableState, ClampingScrollPhysics -> RangeMaintainingScrollPhysics, IdleScrollActivity#3610b, ScrollDirection.idle), effective physics: ClampingScrollPhysics -> RangeMaintainingScrollPhysics)),
]" derived an Offset (Offset(195.0, 96.0)) that would not hit test on the specified widget.
Maybe the widget is actually off-screen, or another widget is obscuring it, or the widget cannot receive pointer events.
The finder corresponds to this RenderBox: RenderClipRect#709fa relayoutBoundary=up5
The hit test result at that offset is: HitTestResult(RenderPointerListener#0926b@Offset(28.5, 2.0), RenderSemanticsAnnotations#89d2c@Offset(28.5, 2.0), RenderMouseRegion#025ed@Offset(28.5, 2.0), RenderSemanticsAnnotations#754fd@Offset(28.5, 2.0), RenderMergeSemantics#96843@Offset(28.5, 2.0), _TabLabelBarRenderer#080ca@Offset(187.0, 2.0), RenderCustomPaint#0f164@Offset(187.0, 2.0), RenderSemanticsAnnotations#320ef@Offset(187.0, 2.0), RenderPadding#5126f@Offset(195.0, 2.0), _RenderSingleChildViewport#3b2cb@Offset(195.0, 2.0), RenderIgnorePointer#87916@Offset(195.0, 2.0), RenderSemanticsAnnotations#718b1@Offset(195.0, 2.0), RenderPointerListener#6c5d0@Offset(195.0, 2.0), RenderSemanticsGestureHandler#e885f@Offset(195.0, 2.0), RenderPointerListener#3488a@Offset(195.0, 2.0), _RenderScrollSemantics#16b66@Offset(195.0, 2.0), RenderPositionedBox#c39f0@Offset(195.0, 2.0), _RenderInkFeatures#1bd2e@Offset(195.0, 2.0), RenderCustomPaint#2ced9@Offset(195.0, 2.0), RenderClipPath#7e793@Offset(195.0, 2.0), RenderFlex#ccb56@Offset(195.0, 2.0), RenderConstrainedBox#5dc9c@Offset(195.0, 2.0), RenderConstrainedBox#bb23f@Offset(195.0, 2.0), RenderPositionedBox#cc4c6@Offset(195.0, 2.0), RenderPadding#a8da6@Offset(195.0, 2.0), RenderCustomMultiChildLayoutBox#0c49b@Offset(195.0, 96.0), _RenderInkFeatures#fcf4d@Offset(195.0, 96.0), RenderPhysicalModel#cb63c@Offset(195.0, 96.0), RenderIndexedStack#fbc5b@Offset(195.0, 96.0), RenderAnimatedOpacity#48185@Offset(195.0, 96.0), RenderClipRect#45249@Offset(195.0, 96.0), _RenderLayoutBuilder#d802d@Offset(195.0, 96.0), RenderCustomMultiChildLayoutBox#a3f2d@Offset(195.0, 96.0), _RenderInkFeatures#8951d@Offset(195.0, 96.0), RenderPhysicalModel#208b4@Offset(195.0, 96.0), RenderSemanticsAnnotations#1ab03@Offset(195.0, 96.0), RenderRepaintBoundary#06135@Offset(195.0, 96.0), RenderIgnorePointer#b83fe@Offset(195.0, 96.0), RenderAnimatedOpacity#e33c5@Offset(195.0, 96.0), RenderRepaintBoundary#8a65e@Offset(195.0, 96.0), RenderSemanticsAnnotations#51418@Offset(195.0, 96.0), RenderOffstage#1ef19@Offset(195.0, 96.0), RenderSemanticsAnnotations#4c118@Offset(195.0, 96.0), _RenderTheater#6f3f2@Offset(195.0, 96.0), RenderAbsorbPointer#44a97@Offset(195.0, 96.0), RenderPointerListener#a6cfa@Offset(195.0, 96.0), RenderSemanticsAnnotations#d7353@Offset(195.0, 96.0), RenderSemanticsAnnotations#9d2a6@Offset(195.0, 96.0), RenderSemanticsAnnotations#6cd2b@Offset(195.0, 96.0), RenderSemanticsAnnotations#fd4ec@Offset(195.0, 96.0), RenderTapRegionSurface#8849c@Offset(195.0, 96.0), RenderSemanticsAnnotations#8d618@Offset(195.0, 96.0), RenderSemanticsAnnotations#0e6f4@Offset(195.0, 96.0), RenderRepaintBoundary#d5d54@Offset(195.0, 96.0), HitTestEntry<HitTestTarget>#82c2d(_ReusableRenderView#9d378), HitTestEntry<HitTestTarget>#d0b87(<AutomatedTestWidgetsFlutterBinding>))
#0      WidgetController._getElementPoint (package:flutter_test/src/controller.dart:2165:25)
#1      WidgetController.getCenter (package:flutter_test/src/controller.dart:1947:12)
#2      WidgetController.drag (package:flutter_test/src/controller.dart:1604:7)
#3      WidgetController.dragUntilVisible.<anonymous closure> (package:flutter_test/src/controller.dart:2483:17)
<asynchronous suspension>
#4      TestAsyncUtils.guard.<anonymous closure> (package:flutter_test/src/test_async_utils.dart:130:27)
<asynchronous suspension>
#5      WidgetController.scrollUntilVisible.<anonymous closure> (package:flutter_test/src/controller.dart:2439:7)
<asynchronous suspension>
#6      TestAsyncUtils.guard.<anonymous closure> (package:flutter_test/src/test_async_utils.dart:130:27)
<asynchronous suspension>
#7      main.<anonymous closure> (file:///home/runner/work/streetlift-apk/streetlift-apk/streetlift_tracker/test/visual_capture_test.dart:201:13)
<asynchronous suspension>
#8      testWidgets.<anonymous closure>.<anonymous closure> (package:flutter_test/src/widget_tester.dart:192:15)
<asynchronous suspension>
#9      TestWidgetsFlutterBinding._runTestBody (package:flutter_test/src/binding.dart:1953:5)
<asynchronous suspension>
#10     StackZoneSpecification._registerCallback.<anonymous closure> (package:stack_trace/src/stack_zone_specification.dart:114:42)
<asynchronous suspension>
To silence this warning, pass "warnIfMissed: false" to "drag()".
To make this warning fatal, set WidgetController.hitTestWarningShouldBeFatal to true.


Warning: A call to drag() with finder "Found 1 widget with type "Scrollable" descending from widget with type "StatsScreen" (ignoring all but last): [
  Scrollable(axisDirection: right, physics: null, restorationId: null, dependencies: [InheritedCupertinoTheme, MediaQuery, ScrollConfiguration, UnmanagedRestorationScope, _InheritedTheme, _LocalizationsScope-[GlobalKey#d2101]], state: ScrollableState#a99d0(position: ScrollPositionWithSingleContext#ab9cf(offset: 280.0, range: 0.0..768.0, viewport: 350.0, ScrollableState, ClampingScrollPhysics -> RangeMaintainingScrollPhysics, IdleScrollActivity#3610b, ScrollDirection.idle), effective physics: ClampingScrollPhysics -> RangeMaintainingScrollPhysics)),
]" derived an Offset (Offset(195.0, 96.0)) that would not hit test on the specified widget.
Maybe the widget is actually off-screen, or another widget is obscuring it, or the widget cannot receive pointer events.
The finder corresponds to this RenderBox: RenderClipRect#709fa relayoutBoundary=up5
The hit test result at that offset is: HitTestResult(RenderPointerListener#0926b@Offset(28.5, 2.0), RenderSemanticsAnnotations#89d2c@Offset(28.5, 2.0), RenderMouseRegion#025ed@Offset(28.5, 2.0), RenderSemanticsAnnotations#754fd@Offset(28.5, 2.0), RenderMergeSemantics#96843@Offset(28.5, 2.0), _TabLabelBarRenderer#080ca@Offset(187.0, 2.0), RenderCustomPaint#0f164@Offset(187.0, 2.0), RenderSemanticsAnnotations#320ef@Offset(187.0, 2.0), RenderPadding#5126f@Offset(195.0, 2.0), _RenderSingleChildViewport#3b2cb@Offset(195.0, 2.0), RenderIgnorePointer#87916@Offset(195.0, 2.0), RenderSemanticsAnnotations#718b1@Offset(195.0, 2.0), RenderPointerListener#6c5d0@Offset(195.0, 2.0), RenderSemanticsGestureHandler#e885f@Offset(195.0, 2.0), RenderPointerListener#3488a@Offset(195.0, 2.0), _RenderScrollSemantics#16b66@Offset(195.0, 2.0), RenderPositionedBox#c39f0@Offset(195.0, 2.0), _RenderInkFeatures#1bd2e@Offset(195.0, 2.0), RenderCustomPaint#2ced9@Offset(195.0, 2.0), RenderClipPath#7e793@Offset(195.0, 2.0), RenderFlex#ccb56@Offset(195.0, 2.0), RenderConstrainedBox#5dc9c@Offset(195.0, 2.0), RenderConstrainedBox#bb23f@Offset(195.0, 2.0), RenderPositionedBox#cc4c6@Offset(195.0, 2.0), RenderPadding#a8da6@Offset(195.0, 2.0), RenderCustomMultiChildLayoutBox#0c49b@Offset(195.0, 96.0), _RenderInkFeatures#fcf4d@Offset(195.0, 96.0), RenderPhysicalModel#cb63c@Offset(195.0, 96.0), RenderIndexedStack#fbc5b@Offset(195.0, 96.0), RenderAnimatedOpacity#48185@Offset(195.0, 96.0), RenderClipRect#45249@Offset(195.0, 96.0), _RenderLayoutBuilder#d802d@Offset(195.0, 96.0), RenderCustomMultiChildLayoutBox#a3f2d@Offset(195.0, 96.0), _RenderInkFeatures#8951d@Offset(195.0, 96.0), RenderPhysicalModel#208b4@Offset(195.0, 96.0), RenderSemanticsAnnotations#1ab03@Offset(195.0, 96.0), RenderRepaintBoundary#06135@Offset(195.0, 96.0), RenderIgnorePointer#b83fe@Offset(195.0, 96.0), RenderAnimatedOpacity#e33c5@Offset(195.0, 96.0), RenderRepaintBoundary#8a65e@Offset(195.0, 96.0), RenderSemanticsAnnotations#51418@Offset(195.0, 96.0), RenderOffstage#1ef19@Offset(195.0, 96.0), RenderSemanticsAnnotations#4c118@Offset(195.0, 96.0), _RenderTheater#6f3f2@Offset(195.0, 96.0), RenderAbsorbPointer#44a97@Offset(195.0, 96.0), RenderPointerListener#a6cfa@Offset(195.0, 96.0), RenderSemanticsAnnotations#d7353@Offset(195.0, 96.0), RenderSemanticsAnnotations#9d2a6@Offset(195.0, 96.0), RenderSemanticsAnnotations#6cd2b@Offset(195.0, 96.0), RenderSemanticsAnnotations#fd4ec@Offset(195.0, 96.0), RenderTapRegionSurface#8849c@Offset(195.0, 96.0), RenderSemanticsAnnotations#8d618@Offset(195.0, 96.0), RenderSemanticsAnnotations#0e6f4@Offset(195.0, 96.0), RenderRepaintBoundary#d5d54@Offset(195.0, 96.0), HitTestEntry<HitTestTarget>#be2cc(_ReusableRenderView#9d378), HitTestEntry<HitTestTarget>#d76db(<AutomatedTestWidgetsFlutterBinding>))
#0      WidgetController._getElementPoint (package:flutter_test/src/controller.dart:2165:25)
#1      WidgetController.getCenter (package:flutter_test/src/controller.dart:1947:12)
#2      WidgetController.drag (package:flutter_test/src/controller.dart:1604:7)
#3      WidgetController.dragUntilVisible.<anonymous closure> (package:flutter_test/src/controller.dart:2483:17)
<asynchronous suspension>
#4      TestAsyncUtils.guard.<anonymous closure> (package:flutter_test/src/test_async_utils.dart:130:27)
<asynchronous suspension>
#5      WidgetController.scrollUntilVisible.<anonymous closure> (package:flutter_test/src/controller.dart:2439:7)
<asynchronous suspension>
#6      TestAsyncUtils.guard.<anonymous closure> (package:flutter_test/src/test_async_utils.dart:130:27)
<asynchronous suspension>
#7      main.<anonymous closure> (file:///home/runner/work/streetlift-apk/streetlift-apk/streetlift_tracker/test/visual_capture_test.dart:201:13)
<asynchronous suspension>
#8      testWidgets.<anonymous closure>.<anonymous closure> (package:flutter_test/src/widget_tester.dart:192:15)
<asynchronous suspension>
#9      TestWidgetsFlutterBinding._runTestBody (package:flutter_test/src/binding.dart:1953:5)
<asynchronous suspension>
#10     StackZoneSpecification._registerCallback.<anonymous closure> (package:stack_trace/src/stack_zone_specification.dart:114:42)
<asynchronous suspension>
To silence this warning, pass "warnIfMissed: false" to "drag()".
To make this warning fatal, set WidgetController.hitTestWarningShouldBeFatal to true.


Warning: A call to drag() with finder "Found 1 widget with type "Scrollable" descending from widget with type "StatsScreen" (ignoring all but last): [
  Scrollable(axisDirection: right, physics: null, restorationId: null, dependencies: [InheritedCupertinoTheme, MediaQuery, ScrollConfiguration, UnmanagedRestorationScope, _InheritedTheme, _LocalizationsScope-[GlobalKey#d2101]], state: ScrollableState#a99d0(position: ScrollPositionWithSingleContext#ab9cf(offset: 280.0, range: 0.0..768.0, viewport: 350.0, ScrollableState, ClampingScrollPhysics -> RangeMaintainingScrollPhysics, IdleScrollActivity#3610b, ScrollDirection.idle), effective physics: ClampingScrollPhysics -> RangeMaintainingScrollPhysics)),
]" derived an Offset (Offset(195.0, 96.0)) that would not hit test on the specified widget.
Maybe the widget is actually off-screen, or another widget is obscuring it, or the widget cannot receive pointer events.
The finder corresponds to this RenderBox: RenderClipRect#709fa relayoutBoundary=up5
The hit test result at that offset is: HitTestResult(RenderPointerListener#0926b@Offset(28.5, 2.0), RenderSemanticsAnnotations#89d2c@Offset(28.5, 2.0), RenderMouseRegion#025ed@Offset(28.5, 2.0), RenderSemanticsAnnotations#754fd@Offset(28.5, 2.0), RenderMergeSemantics#96843@Offset(28.5, 2.0), _TabLabelBarRenderer#080ca@Offset(187.0, 2.0), RenderCustomPaint#0f164@Offset(187.0, 2.0), RenderSemanticsAnnotations#320ef@Offset(187.0, 2.0), RenderPadding#5126f@Offset(195.0, 2.0), _RenderSingleChildViewport#3b2cb@Offset(195.0, 2.0), RenderIgnorePointer#87916@Offset(195.0, 2.0), RenderSemanticsAnnotations#718b1@Offset(195.0, 2.0), RenderPointerListener#6c5d0@Offset(195.0, 2.0), RenderSemanticsGestureHandler#e885f@Offset(195.0, 2.0), RenderPointerListener#3488a@Offset(195.0, 2.0), _RenderScrollSemantics#16b66@Offset(195.0, 2.0), RenderPositionedBox#c39f0@Offset(195.0, 2.0), _RenderInkFeatures#1bd2e@Offset(195.0, 2.0), RenderCustomPaint#2ced9@Offset(195.0, 2.0), RenderClipPath#7e793@Offset(195.0, 2.0), RenderFlex#ccb56@Offset(195.0, 2.0), RenderConstrainedBox#5dc9c@Offset(195.0, 2.0), RenderConstrainedBox#bb23f@Offset(195.0, 2.0), RenderPositionedBox#cc4c6@Offset(195.0, 2.0), RenderPadding#a8da6@Offset(195.0, 2.0), RenderCustomMultiChildLayoutBox#0c49b@Offset(195.0, 96.0), _RenderInkFeatures#fcf4d@Offset(195.0, 96.0), RenderPhysicalModel#cb63c@Offset(195.0, 96.0), RenderIndexedStack#fbc5b@Offset(195.0, 96.0), RenderAnimatedOpacity#48185@Offset(195.0, 96.0), RenderClipRect#45249@Offset(195.0, 96.0), _RenderLayoutBuilder#d802d@Offset(195.0, 96.0), RenderCustomMultiChildLayoutBox#a3f2d@Offset(195.0, 96.0), _RenderInkFeatures#8951d@Offset(195.0, 96.0), RenderPhysicalModel#208b4@Offset(195.0, 96.0), RenderSemanticsAnnotations#1ab03@Offset(195.0, 96.0), RenderRepaintBoundary#06135@Offset(195.0, 96.0), RenderIgnorePointer#b83fe@Offset(195.0, 96.0), RenderAnimatedOpacity#e33c5@Offset(195.0, 96.0), RenderRepaintBoundary#8a65e@Offset(195.0, 96.0), RenderSemanticsAnnotations#51418@Offset(195.0, 96.0), RenderOffstage#1ef19@Offset(195.0, 96.0), RenderSemanticsAnnotations#4c118@Offset(195.0, 96.0), _RenderTheater#6f3f2@Offset(195.0, 96.0), RenderAbsorbPointer#44a97@Offset(195.0, 96.0), RenderPointerListener#a6cfa@Offset(195.0, 96.0), RenderSemanticsAnnotations#d7353@Offset(195.0, 96.0), RenderSemanticsAnnotations#9d2a6@Offset(195.0, 96.0), RenderSemanticsAnnotations#6cd2b@Offset(195.0, 96.0), RenderSemanticsAnnotations#fd4ec@Offset(195.0, 96.0), RenderTapRegionSurface#8849c@Offset(195.0, 96.0), RenderSemanticsAnnotations#8d618@Offset(195.0, 96.0), RenderSemanticsAnnotations#0e6f4@Offset(195.0, 96.0), RenderRepaintBoundary#d5d54@Offset(195.0, 96.0), HitTestEntry<HitTestTarget>#bf764(_ReusableRenderView#9d378), HitTestEntry<HitTestTarget>#06b69(<AutomatedTestWidgetsFlutterBinding>))
#0      WidgetController._getElementPoint (package:flutter_test/src/controller.dart:2165:25)
#1      WidgetController.getCenter (package:flutter_test/src/controller.dart:1947:12)
#2      WidgetController.drag (package:flutter_test/src/controller.dart:1604:7)
#3      WidgetController.dragUntilVisible.<anonymous closure> (package:flutter_test/src/controller.dart:2483:17)
<asynchronous suspension>
#4      TestAsyncUtils.guard.<anonymous closure> (package:flutter_test/src/test_async_utils.dart:130:27)
<asynchronous suspension>
#5      WidgetController.scrollUntilVisible.<anonymous closure> (package:flutter_test/src/controller.dart:2439:7)
<asynchronous suspension>
#6      TestAsyncUtils.guard.<anonymous closure> (package:flutter_test/src/test_async_utils.dart:130:27)
<asynchronous suspension>
#7      main.<anonymous closure> (file:///home/runner/work/streetlift-apk/streetlift-apk/streetlift_tracker/test/visual_capture_test.dart:201:13)
<asynchronous suspension>
#8      testWidgets.<anonymous closure>.<anonymous closure> (package:flutter_test/src/widget_tester.dart:192:15)
<asynchronous suspension>
#9      TestWidgetsFlutterBinding._runTestBody (package:flutter_test/src/binding.dart:1953:5)
<asynchronous suspension>
#10     StackZoneSpecification._registerCallback.<anonymous closure> (package:stack_trace/src/stack_zone_specification.dart:114:42)
<asynchronous suspension>
To silence this warning, pass "warnIfMissed: false" to "drag()".
To make this warning fatal, set WidgetController.hitTestWarningShouldBeFatal to true.


Warning: A call to drag() with finder "Found 1 widget with type "Scrollable" descending from widget with type "StatsScreen" (ignoring all but last): [
  Scrollable(axisDirection: right, physics: null, restorationId: null, dependencies: [InheritedCupertinoTheme, MediaQuery, ScrollConfiguration, UnmanagedRestorationScope, _InheritedTheme, _LocalizationsScope-[GlobalKey#d2101]], state: ScrollableState#a99d0(position: ScrollPositionWithSingleContext#ab9cf(offset: 280.0, range: 0.0..768.0, viewport: 350.0, ScrollableState, ClampingScrollPhysics -> RangeMaintainingScrollPhysics, IdleScrollActivity#3610b, ScrollDirection.idle), effective physics: ClampingScrollPhysics -> RangeMaintainingScrollPhysics)),
]" derived an Offset (Offset(195.0, 96.0)) that would not hit test on the specified widget.
Maybe the widget is actually off-screen, or another widget is obscuring it, or the widget cannot receive pointer events.
The finder corresponds to this RenderBox: RenderClipRect#709fa relayoutBoundary=up5
The hit test result at that offset is: HitTestResult(RenderPointerListener#0926b@Offset(28.5, 2.0), RenderSemanticsAnnotations#89d2c@Offset(28.5, 2.0), RenderMouseRegion#025ed@Offset(28.5, 2.0), RenderSemanticsAnnotations#754fd@Offset(28.5, 2.0), RenderMergeSemantics#96843@Offset(28.5, 2.0), _TabLabelBarRenderer#080ca@Offset(187.0, 2.0), RenderCustomPaint#0f164@Offset(187.0, 2.0), RenderSemanticsAnnotations#320ef@Offset(187.0, 2.0), RenderPadding#5126f@Offset(195.0, 2.0), _RenderSingleChildViewport#3b2cb@Offset(195.0, 2.0), RenderIgnorePointer#87916@Offset(195.0, 2.0), RenderSemanticsAnnotations#718b1@Offset(195.0, 2.0), RenderPointerListener#6c5d0@Offset(195.0, 2.0), RenderSemanticsGestureHandler#e885f@Offset(195.0, 2.0), RenderPointerListener#3488a@Offset(195.0, 2.0), _RenderScrollSemantics#16b66@Offset(195.0, 2.0), RenderPositionedBox#c39f0@Offset(195.0, 2.0), _RenderInkFeatures#1bd2e@Offset(195.0, 2.0), RenderCustomPaint#2ced9@Offset(195.0, 2.0), RenderClipPath#7e793@Offset(195.0, 2.0), RenderFlex#ccb56@Offset(195.0, 2.0), RenderConstrainedBox#5dc9c@Offset(195.0, 2.0), RenderConstrainedBox#bb23f@Offset(195.0, 2.0), RenderPositionedBox#cc4c6@Offset(195.0, 2.0), RenderPadding#a8da6@Offset(195.0, 2.0), RenderCustomMultiChildLayoutBox#0c49b@Offset(195.0, 96.0), _RenderInkFeatures#fcf4d@Offset(195.0, 96.0), RenderPhysicalModel#cb63c@Offset(195.0, 96.0), RenderIndexedStack#fbc5b@Offset(195.0, 96.0), RenderAnimatedOpacity#48185@Offset(195.0, 96.0), RenderClipRect#45249@Offset(195.0, 96.0), _RenderLayoutBuilder#d802d@Offset(195.0, 96.0), RenderCustomMultiChildLayoutBox#a3f2d@Offset(195.0, 96.0), _RenderInkFeatures#8951d@Offset(195.0, 96.0), RenderPhysicalModel#208b4@Offset(195.0, 96.0), RenderSemanticsAnnotations#1ab03@Offset(195.0, 96.0), RenderRepaintBoundary#06135@Offset(195.0, 96.0), RenderIgnorePointer#b83fe@Offset(195.0, 96.0), RenderAnimatedOpacity#e33c5@Offset(195.0, 96.0), RenderRepaintBoundary#8a65e@Offset(195.0, 96.0), RenderSemanticsAnnotations#51418@Offset(195.0, 96.0), RenderOffstage#1ef19@Offset(195.0, 96.0), RenderSemanticsAnnotations#4c118@Offset(195.0, 96.0), _RenderTheater#6f3f2@Offset(195.0, 96.0), RenderAbsorbPointer#44a97@Offset(195.0, 96.0), RenderPointerListener#a6cfa@Offset(195.0, 96.0), RenderSemanticsAnnotations#d7353@Offset(195.0, 96.0), RenderSemanticsAnnotations#9d2a6@Offset(195.0, 96.0), RenderSemanticsAnnotations#6cd2b@Offset(195.0, 96.0), RenderSemanticsAnnotations#fd4ec@Offset(195.0, 96.0), RenderTapRegionSurface#8849c@Offset(195.0, 96.0), RenderSemanticsAnnotations#8d618@Offset(195.0, 96.0), RenderSemanticsAnnotations#0e6f4@Offset(195.0, 96.0), RenderRepaintBoundary#d5d54@Offset(195.0, 96.0), HitTestEntry<HitTestTarget>#5832a(_ReusableRenderView#9d378), HitTestEntry<HitTestTarget>#a083b(<AutomatedTestWidgetsFlutterBinding>))
#0      WidgetController._getElementPoint (package:flutter_test/src/controller.dart:2165:25)
#1      WidgetController.getCenter (package:flutter_test/src/controller.dart:1947:12)
#2      WidgetController.drag (package:flutter_test/src/controller.dart:1604:7)
#3      WidgetController.dragUntilVisible.<anonymous closure> (package:flutter_test/src/controller.dart:2483:17)
<asynchronous suspension>
#4      TestAsyncUtils.guard.<anonymous closure> (package:flutter_test/src/test_async_utils.dart:130:27)
<asynchronous suspension>
#5      WidgetController.scrollUntilVisible.<anonymous closure> (package:flutter_test/src/controller.dart:2439:7)
<asynchronous suspension>
#6      TestAsyncUtils.guard.<anonymous closure> (package:flutter_test/src/test_async_utils.dart:130:27)
<asynchronous suspension>
#7      main.<anonymous closure> (file:///home/runner/work/streetlift-apk/streetlift-apk/streetlift_tracker/test/visual_capture_test.dart:201:13)
<asynchronous suspension>
#8      testWidgets.<anonymous closure>.<anonymous closure> (package:flutter_test/src/widget_tester.dart:192:15)
<asynchronous suspension>
#9      TestWidgetsFlutterBinding._runTestBody (package:flutter_test/src/binding.dart:1953:5)
<asynchronous suspension>
#10     StackZoneSpecification._registerCallback.<anonymous closure> (package:stack_trace/src/stack_zone_specification.dart:114:42)
<asynchronous suspension>
To silence this warning, pass "warnIfMissed: false" to "drag()".
To make this warning fatal, set WidgetController.hitTestWarningShouldBeFatal to true.


Warning: A call to drag() with finder "Found 1 widget with type "Scrollable" descending from widget with type "StatsScreen" (ignoring all but last): [
  Scrollable(axisDirection: right, physics: null, restorationId: null, dependencies: [InheritedCupertinoTheme, MediaQuery, ScrollConfiguration, UnmanagedRestorationScope, _InheritedTheme, _LocalizationsScope-[GlobalKey#d2101]], state: ScrollableState#a99d0(position: ScrollPositionWithSingleContext#ab9cf(offset: 280.0, range: 0.0..768.0, viewport: 350.0, ScrollableState, ClampingScrollPhysics -> RangeMaintainingScrollPhysics, IdleScrollActivity#3610b, ScrollDirection.idle), effective physics: ClampingScrollPhysics -> RangeMaintainingScrollPhysics)),
]" derived an Offset (Offset(195.0, 96.0)) that would not hit test on the specified widget.
Maybe the widget is actually off-screen, or another widget is obscuring it, or the widget cannot receive pointer events.
The finder corresponds to this RenderBox: RenderClipRect#709fa relayoutBoundary=up5
The hit test result at that offset is: HitTestResult(RenderPointerListener#0926b@Offset(28.5, 2.0), RenderSemanticsAnnotations#89d2c@Offset(28.5, 2.0), RenderMouseRegion#025ed@Offset(28.5, 2.0), RenderSemanticsAnnotations#754fd@Offset(28.5, 2.0), RenderMergeSemantics#96843@Offset(28.5, 2.0), _TabLabelBarRenderer#080ca@Offset(187.0, 2.0), RenderCustomPaint#0f164@Offset(187.0, 2.0), RenderSemanticsAnnotations#320ef@Offset(187.0, 2.0), RenderPadding#5126f@Offset(195.0, 2.0), _RenderSingleChildViewport#3b2cb@Offset(195.0, 2.0), RenderIgnorePointer#87916@Offset(195.0, 2.0), RenderSemanticsAnnotations#718b1@Offset(195.0, 2.0), RenderPointerListener#6c5d0@Offset(195.0, 2.0), RenderSemanticsGestureHandler#e885f@Offset(195.0, 2.0), RenderPointerListener#3488a@Offset(195.0, 2.0), _RenderScrollSemantics#16b66@Offset(195.0, 2.0), RenderPositionedBox#c39f0@Offset(195.0, 2.0), _RenderInkFeatures#1bd2e@Offset(195.0, 2.0), RenderCustomPaint#2ced9@Offset(195.0, 2.0), RenderClipPath#7e793@Offset(195.0, 2.0), RenderFlex#ccb56@Offset(195.0, 2.0), RenderConstrainedBox#5dc9c@Offset(195.0, 2.0), RenderConstrainedBox#bb23f@Offset(195.0, 2.0), RenderPositionedBox#cc4c6@Offset(195.0, 2.0), RenderPadding#a8da6@Offset(195.0, 2.0), RenderCustomMultiChildLayoutBox#0c49b@Offset(195.0, 96.0), _RenderInkFeatures#fcf4d@Offset(195.0, 96.0), RenderPhysicalModel#cb63c@Offset(195.0, 96.0), RenderIndexedStack#fbc5b@Offset(195.0, 96.0), RenderAnimatedOpacity#48185@Offset(195.0, 96.0), RenderClipRect#45249@Offset(195.0, 96.0), _RenderLayoutBuilder#d802d@Offset(195.0, 96.0), RenderCustomMultiChildLayoutBox#a3f2d@Offset(195.0, 96.0), _RenderInkFeatures#8951d@Offset(195.0, 96.0), RenderPhysicalModel#208b4@Offset(195.0, 96.0), RenderSemanticsAnnotations#1ab03@Offset(195.0, 96.0), RenderRepaintBoundary#06135@Offset(195.0, 96.0), RenderIgnorePointer#b83fe@Offset(195.0, 96.0), RenderAnimatedOpacity#e33c5@Offset(195.0, 96.0), RenderRepaintBoundary#8a65e@Offset(195.0, 96.0), RenderSemanticsAnnotations#51418@Offset(195.0, 96.0), RenderOffstage#1ef19@Offset(195.0, 96.0), RenderSemanticsAnnotations#4c118@Offset(195.0, 96.0), _RenderTheater#6f3f2@Offset(195.0, 96.0), RenderAbsorbPointer#44a97@Offset(195.0, 96.0), RenderPointerListener#a6cfa@Offset(195.0, 96.0), RenderSemanticsAnnotations#d7353@Offset(195.0, 96.0), RenderSemanticsAnnotations#9d2a6@Offset(195.0, 96.0), RenderSemanticsAnnotations#6cd2b@Offset(195.0, 96.0), RenderSemanticsAnnotations#fd4ec@Offset(195.0, 96.0), RenderTapRegionSurface#8849c@Offset(195.0, 96.0), RenderSemanticsAnnotations#8d618@Offset(195.0, 96.0), RenderSemanticsAnnotations#0e6f4@Offset(195.0, 96.0), RenderRepaintBoundary#d5d54@Offset(195.0, 96.0), HitTestEntry<HitTestTarget>#edd5c(_ReusableRenderView#9d378), HitTestEntry<HitTestTarget>#4695b(<AutomatedTestWidgetsFlutterBinding>))
#0      WidgetController._getElementPoint (package:flutter_test/src/controller.dart:2165:25)
#1      WidgetController.getCenter (package:flutter_test/src/controller.dart:1947:12)
#2      WidgetController.drag (package:flutter_test/src/controller.dart:1604:7)
#3      WidgetController.dragUntilVisible.<anonymous closure> (package:flutter_test/src/controller.dart:2483:17)
<asynchronous suspension>
#4      TestAsyncUtils.guard.<anonymous closure> (package:flutter_test/src/test_async_utils.dart:130:27)
<asynchronous suspension>
#5      WidgetController.scrollUntilVisible.<anonymous closure> (package:flutter_test/src/controller.dart:2439:7)
<asynchronous suspension>
#6      TestAsyncUtils.guard.<anonymous closure> (package:flutter_test/src/test_async_utils.dart:130:27)
<asynchronous suspension>
#7      main.<anonymous closure> (file:///home/runner/work/streetlift-apk/streetlift-apk/streetlift_tracker/test/visual_capture_test.dart:201:13)
<asynchronous suspension>
#8      testWidgets.<anonymous closure>.<anonymous closure> (package:flutter_test/src/widget_tester.dart:192:15)
<asynchronous suspension>
#9      TestWidgetsFlutterBinding._runTestBody (package:flutter_test/src/binding.dart:1953:5)
<asynchronous suspension>
#10     StackZoneSpecification._registerCallback.<anonymous closure> (package:stack_trace/src/stack_zone_specification.dart:114:42)
<asynchronous suspension>
To silence this warning, pass "warnIfMissed: false" to "drag()".
To make this warning fatal, set WidgetController.hitTestWarningShouldBeFatal to true.


Warning: A call to drag() with finder "Found 1 widget with type "Scrollable" descending from widget with type "StatsScreen" (ignoring all but last): [
  Scrollable(axisDirection: right, physics: null, restorationId: null, dependencies: [InheritedCupertinoTheme, MediaQuery, ScrollConfiguration, UnmanagedRestorationScope, _InheritedTheme, _LocalizationsScope-[GlobalKey#d2101]], state: ScrollableState#a99d0(position: ScrollPositionWithSingleContext#ab9cf(offset: 280.0, range: 0.0..768.0, viewport: 350.0, ScrollableState, ClampingScrollPhysics -> RangeMaintainingScrollPhysics, IdleScrollActivity#3610b, ScrollDirection.idle), effective physics: ClampingScrollPhysics -> RangeMaintainingScrollPhysics)),
]" derived an Offset (Offset(195.0, 96.0)) that would not hit test on the specified widget.
Maybe the widget is actually off-screen, or another widget is obscuring it, or the widget cannot receive pointer events.
The finder corresponds to this RenderBox: RenderClipRect#709fa relayoutBoundary=up5
The hit test result at that offset is: HitTestResult(RenderPointerListener#0926b@Offset(28.5, 2.0), RenderSemanticsAnnotations#89d2c@Offset(28.5, 2.0), RenderMouseRegion#025ed@Offset(28.5, 2.0), RenderSemanticsAnnotations#754fd@Offset(28.5, 2.0), RenderMergeSemantics#96843@Offset(28.5, 2.0), _TabLabelBarRenderer#080ca@Offset(187.0, 2.0), RenderCustomPaint#0f164@Offset(187.0, 2.0), RenderSemanticsAnnotations#320ef@Offset(187.0, 2.0), RenderPadding#5126f@Offset(195.0, 2.0), _RenderSingleChildViewport#3b2cb@Offset(195.0, 2.0), RenderIgnorePointer#87916@Offset(195.0, 2.0), RenderSemanticsAnnotations#718b1@Offset(195.0, 2.0), RenderPointerListener#6c5d0@Offset(195.0, 2.0), RenderSemanticsGestureHandler#e885f@Offset(195.0, 2.0), RenderPointerListener#3488a@Offset(195.0, 2.0), _RenderScrollSemantics#16b66@Offset(195.0, 2.0), RenderPositionedBox#c39f0@Offset(195.0, 2.0), _RenderInkFeatures#1bd2e@Offset(195.0, 2.0), RenderCustomPaint#2ced9@Offset(195.0, 2.0), RenderClipPath#7e793@Offset(195.0, 2.0), RenderFlex#ccb56@Offset(195.0, 2.0), RenderConstrainedBox#5dc9c@Offset(195.0, 2.0), RenderConstrainedBox#bb23f@Offset(195.0, 2.0), RenderPositionedBox#cc4c6@Offset(195.0, 2.0), RenderPadding#a8da6@Offset(195.0, 2.0), RenderCustomMultiChildLayoutBox#0c49b@Offset(195.0, 96.0), _RenderInkFeatures#fcf4d@Offset(195.0, 96.0), RenderPhysicalModel#cb63c@Offset(195.0, 96.0), RenderIndexedStack#fbc5b@Offset(195.0, 96.0), RenderAnimatedOpacity#48185@Offset(195.0, 96.0), RenderClipRect#45249@Offset(195.0, 96.0), _RenderLayoutBuilder#d802d@Offset(195.0, 96.0), RenderCustomMultiChildLayoutBox#a3f2d@Offset(195.0, 96.0), _RenderInkFeatures#8951d@Offset(195.0, 96.0), RenderPhysicalModel#208b4@Offset(195.0, 96.0), RenderSemanticsAnnotations#1ab03@Offset(195.0, 96.0), RenderRepaintBoundary#06135@Offset(195.0, 96.0), RenderIgnorePointer#b83fe@Offset(195.0, 96.0), RenderAnimatedOpacity#e33c5@Offset(195.0, 96.0), RenderRepaintBoundary#8a65e@Offset(195.0, 96.0), RenderSemanticsAnnotations#51418@Offset(195.0, 96.0), RenderOffstage#1ef19@Offset(195.0, 96.0), RenderSemanticsAnnotations#4c118@Offset(195.0, 96.0), _RenderTheater#6f3f2@Offset(195.0, 96.0), RenderAbsorbPointer#44a97@Offset(195.0, 96.0), RenderPointerListener#a6cfa@Offset(195.0, 96.0), RenderSemanticsAnnotations#d7353@Offset(195.0, 96.0), RenderSemanticsAnnotations#9d2a6@Offset(195.0, 96.0), RenderSemanticsAnnotations#6cd2b@Offset(195.0, 96.0), RenderSemanticsAnnotations#fd4ec@Offset(195.0, 96.0), RenderTapRegionSurface#8849c@Offset(195.0, 96.0), RenderSemanticsAnnotations#8d618@Offset(195.0, 96.0), RenderSemanticsAnnotations#0e6f4@Offset(195.0, 96.0), RenderRepaintBoundary#d5d54@Offset(195.0, 96.0), HitTestEntry<HitTestTarget>#d53dd(_ReusableRenderView#9d378), HitTestEntry<HitTestTarget>#873a5(<AutomatedTestWidgetsFlutterBinding>))
#0      WidgetController._getElementPoint (package:flutter_test/src/controller.dart:2165:25)
#1      WidgetController.getCenter (package:flutter_test/src/controller.dart:1947:12)
#2      WidgetController.drag (package:flutter_test/src/controller.dart:1604:7)
#3      WidgetController.dragUntilVisible.<anonymous closure> (package:flutter_test/src/controller.dart:2483:17)
<asynchronous suspension>
#4      TestAsyncUtils.guard.<anonymous closure> (package:flutter_test/src/test_async_utils.dart:130:27)
<asynchronous suspension>
#5      WidgetController.scrollUntilVisible.<anonymous closure> (package:flutter_test/src/controller.dart:2439:7)
<asynchronous suspension>
#6      TestAsyncUtils.guard.<anonymous closure> (package:flutter_test/src/test_async_utils.dart:130:27)
<asynchronous suspension>
#7      main.<anonymous closure> (file:///home/runner/work/streetlift-apk/streetlift-apk/streetlift_tracker/test/visual_capture_test.dart:201:13)
<asynchronous suspension>
#8      testWidgets.<anonymous closure>.<anonymous closure> (package:flutter_test/src/widget_tester.dart:192:15)
<asynchronous suspension>
#9      TestWidgetsFlutterBinding._runTestBody (package:flutter_test/src/binding.dart:1953:5)
<asynchronous suspension>
#10     StackZoneSpecification._registerCallback.<anonymous closure> (package:stack_trace/src/stack_zone_specification.dart:114:42)
<asynchronous suspension>
To silence this warning, pass "warnIfMissed: false" to "drag()".
To make this warning fatal, set WidgetController.hitTestWarningShouldBeFatal to true.


Warning: A call to drag() with finder "Found 1 widget with type "Scrollable" descending from widget with type "StatsScreen" (ignoring all but last): [
  Scrollable(axisDirection: right, physics: null, restorationId: null, dependencies: [InheritedCupertinoTheme, MediaQuery, ScrollConfiguration, UnmanagedRestorationScope, _InheritedTheme, _LocalizationsScope-[GlobalKey#d2101]], state: ScrollableState#a99d0(position: ScrollPositionWithSingleContext#ab9cf(offset: 280.0, range: 0.0..768.0, viewport: 350.0, ScrollableState, ClampingScrollPhysics -> RangeMaintainingScrollPhysics, IdleScrollActivity#3610b, ScrollDirection.idle), effective physics: ClampingScrollPhysics -> RangeMaintainingScrollPhysics)),
]" derived an Offset (Offset(195.0, 96.0)) that would not hit test on the specified widget.
Maybe the widget is actually off-screen, or another widget is obscuring it, or the widget cannot receive pointer events.
The finder corresponds to this RenderBox: RenderClipRect#709fa relayoutBoundary=up5
The hit test result at that offset is: HitTestResult(RenderPointerListener#0926b@Offset(28.5, 2.0), RenderSemanticsAnnotations#89d2c@Offset(28.5, 2.0), RenderMouseRegion#025ed@Offset(28.5, 2.0), RenderSemanticsAnnotations#754fd@Offset(28.5, 2.0), RenderMergeSemantics#96843@Offset(28.5, 2.0), _TabLabelBarRenderer#080ca@Offset(187.0, 2.0), RenderCustomPaint#0f164@Offset(187.0, 2.0), RenderSemanticsAnnotations#320ef@Offset(187.0, 2.0), RenderPadding#5126f@Offset(195.0, 2.0), _RenderSingleChildViewport#3b2cb@Offset(195.0, 2.0), RenderIgnorePointer#87916@Offset(195.0, 2.0), RenderSemanticsAnnotations#718b1@Offset(195.0, 2.0), RenderPointerListener#6c5d0@Offset(195.0, 2.0), RenderSemanticsGestureHandler#e885f@Offset(195.0, 2.0), RenderPointerListener#3488a@Offset(195.0, 2.0), _RenderScrollSemantics#16b66@Offset(195.0, 2.0), RenderPositionedBox#c39f0@Offset(195.0, 2.0), _RenderInkFeatures#1bd2e@Offset(195.0, 2.0), RenderCustomPaint#2ced9@Offset(195.0, 2.0), RenderClipPath#7e793@Offset(195.0, 2.0), RenderFlex#ccb56@Offset(195.0, 2.0), RenderConstrainedBox#5dc9c@Offset(195.0, 2.0), RenderConstrainedBox#bb23f@Offset(195.0, 2.0), RenderPositionedBox#cc4c6@Offset(195.0, 2.0), RenderPadding#a8da6@Offset(195.0, 2.0), RenderCustomMultiChildLayoutBox#0c49b@Offset(195.0, 96.0), _RenderInkFeatures#fcf4d@Offset(195.0, 96.0), RenderPhysicalModel#cb63c@Offset(195.0, 96.0), RenderIndexedStack#fbc5b@Offset(195.0, 96.0), RenderAnimatedOpacity#48185@Offset(195.0, 96.0), RenderClipRect#45249@Offset(195.0, 96.0), _RenderLayoutBuilder#d802d@Offset(195.0, 96.0), RenderCustomMultiChildLayoutBox#a3f2d@Offset(195.0, 96.0), _RenderInkFeatures#8951d@Offset(195.0, 96.0), RenderPhysicalModel#208b4@Offset(195.0, 96.0), RenderSemanticsAnnotations#1ab03@Offset(195.0, 96.0), RenderRepaintBoundary#06135@Offset(195.0, 96.0), RenderIgnorePointer#b83fe@Offset(195.0, 96.0), RenderAnimatedOpacity#e33c5@Offset(195.0, 96.0), RenderRepaintBoundary#8a65e@Offset(195.0, 96.0), RenderSemanticsAnnotations#51418@Offset(195.0, 96.0), RenderOffstage#1ef19@Offset(195.0, 96.0), RenderSemanticsAnnotations#4c118@Offset(195.0, 96.0), _RenderTheater#6f3f2@Offset(195.0, 96.0), RenderAbsorbPointer#44a97@Offset(195.0, 96.0), RenderPointerListener#a6cfa@Offset(195.0, 96.0), RenderSemanticsAnnotations#d7353@Offset(195.0, 96.0), RenderSemanticsAnnotations#9d2a6@Offset(195.0, 96.0), RenderSemanticsAnnotations#6cd2b@Offset(195.0, 96.0), RenderSemanticsAnnotations#fd4ec@Offset(195.0, 96.0), RenderTapRegionSurface#8849c@Offset(195.0, 96.0), RenderSemanticsAnnotations#8d618@Offset(195.0, 96.0), RenderSemanticsAnnotations#0e6f4@Offset(195.0, 96.0), RenderRepaintBoundary#d5d54@Offset(195.0, 96.0), HitTestEntry<HitTestTarget>#5b26b(_ReusableRenderView#9d378), HitTestEntry<HitTestTarget>#f2611(<AutomatedTestWidgetsFlutterBinding>))
#0      WidgetController._getElementPoint (package:flutter_test/src/controller.dart:2165:25)
#1      WidgetController.getCenter (package:flutter_test/src/controller.dart:1947:12)
#2      WidgetController.drag (package:flutter_test/src/controller.dart:1604:7)
#3      WidgetController.dragUntilVisible.<anonymous closure> (package:flutter_test/src/controller.dart:2483:17)
<asynchronous suspension>
#4      TestAsyncUtils.guard.<anonymous closure> (package:flutter_test/src/test_async_utils.dart:130:27)
<asynchronous suspension>
#5      WidgetController.scrollUntilVisible.<anonymous closure> (package:flutter_test/src/controller.dart:2439:7)
<asynchronous suspension>
#6      TestAsyncUtils.guard.<anonymous closure> (package:flutter_test/src/test_async_utils.dart:130:27)
<asynchronous suspension>
#7      main.<anonymous closure> (file:///home/runner/work/streetlift-apk/streetlift-apk/streetlift_tracker/test/visual_capture_test.dart:201:13)
<asynchronous suspension>
#8      testWidgets.<anonymous closure>.<anonymous closure> (package:flutter_test/src/widget_tester.dart:192:15)
<asynchronous suspension>
#9      TestWidgetsFlutterBinding._runTestBody (package:flutter_test/src/binding.dart:1953:5)
<asynchronous suspension>
#10     StackZoneSpecification._registerCallback.<anonymous closure> (package:stack_trace/src/stack_zone_specification.dart:114:42)
<asynchronous suspension>
To silence this warning, pass "warnIfMissed: false" to "drag()".
To make this warning fatal, set WidgetController.hitTestWarningShouldBeFatal to true.


Warning: A call to drag() with finder "Found 1 widget with type "Scrollable" descending from widget with type "StatsScreen" (ignoring all but last): [
  Scrollable(axisDirection: right, physics: null, restorationId: null, dependencies: [InheritedCupertinoTheme, MediaQuery, ScrollConfiguration, UnmanagedRestorationScope, _InheritedTheme, _LocalizationsScope-[GlobalKey#d2101]], state: ScrollableState#a99d0(position: ScrollPositionWithSingleContext#ab9cf(offset: 280.0, range: 0.0..768.0, viewport: 350.0, ScrollableState, ClampingScrollPhysics -> RangeMaintainingScrollPhysics, IdleScrollActivity#3610b, ScrollDirection.idle), effective physics: ClampingScrollPhysics -> RangeMaintainingScrollPhysics)),
]" derived an Offset (Offset(195.0, 96.0)) that would not hit test on the specified widget.
Maybe the widget is actually off-screen, or another widget is obscuring it, or the widget cannot receive pointer events.
The finder corresponds to this RenderBox: RenderClipRect#709fa relayoutBoundary=up5
The hit test result at that offset is: HitTestResult(RenderPointerListener#0926b@Offset(28.5, 2.0), RenderSemanticsAnnotations#89d2c@Offset(28.5, 2.0), RenderMouseRegion#025ed@Offset(28.5, 2.0), RenderSemanticsAnnotations#754fd@Offset(28.5, 2.0), RenderMergeSemantics#96843@Offset(28.5, 2.0), _TabLabelBarRenderer#080ca@Offset(187.0, 2.0), RenderCustomPaint#0f164@Offset(187.0, 2.0), RenderSemanticsAnnotations#320ef@Offset(187.0, 2.0), RenderPadding#5126f@Offset(195.0, 2.0), _RenderSingleChildViewport#3b2cb@Offset(195.0, 2.0), RenderIgnorePointer#87916@Offset(195.0, 2.0), RenderSemanticsAnnotations#718b1@Offset(195.0, 2.0), RenderPointerListener#6c5d0@Offset(195.0, 2.0), RenderSemanticsGestureHandler#e885f@Offset(195.0, 2.0), RenderPointerListener#3488a@Offset(195.0, 2.0), _RenderScrollSemantics#16b66@Offset(195.0, 2.0), RenderPositionedBox#c39f0@Offset(195.0, 2.0), _RenderInkFeatures#1bd2e@Offset(195.0, 2.0), RenderCustomPaint#2ced9@Offset(195.0, 2.0), RenderClipPath#7e793@Offset(195.0, 2.0), RenderFlex#ccb56@Offset(195.0, 2.0), RenderConstrainedBox#5dc9c@Offset(195.0, 2.0), RenderConstrainedBox#bb23f@Offset(195.0, 2.0), RenderPositionedBox#cc4c6@Offset(195.0, 2.0), RenderPadding#a8da6@Offset(195.0, 2.0), RenderCustomMultiChildLayoutBox#0c49b@Offset(195.0, 96.0), _RenderInkFeatures#fcf4d@Offset(195.0, 96.0), RenderPhysicalModel#cb63c@Offset(195.0, 96.0), RenderIndexedStack#fbc5b@Offset(195.0, 96.0), RenderAnimatedOpacity#48185@Offset(195.0, 96.0), RenderClipRect#45249@Offset(195.0, 96.0), _RenderLayoutBuilder#d802d@Offset(195.0, 96.0), RenderCustomMultiChildLayoutBox#a3f2d@Offset(195.0, 96.0), _RenderInkFeatures#8951d@Offset(195.0, 96.0), RenderPhysicalModel#208b4@Offset(195.0, 96.0), RenderSemanticsAnnotations#1ab03@Offset(195.0, 96.0), RenderRepaintBoundary#06135@Offset(195.0, 96.0), RenderIgnorePointer#b83fe@Offset(195.0, 96.0), RenderAnimatedOpacity#e33c5@Offset(195.0, 96.0), RenderRepaintBoundary#8a65e@Offset(195.0, 96.0), RenderSemanticsAnnotations#51418@Offset(195.0, 96.0), RenderOffstage#1ef19@Offset(195.0, 96.0), RenderSemanticsAnnotations#4c118@Offset(195.0, 96.0), _RenderTheater#6f3f2@Offset(195.0, 96.0), RenderAbsorbPointer#44a97@Offset(195.0, 96.0), RenderPointerListener#a6cfa@Offset(195.0, 96.0), RenderSemanticsAnnotations#d7353@Offset(195.0, 96.0), RenderSemanticsAnnotations#9d2a6@Offset(195.0, 96.0), RenderSemanticsAnnotations#6cd2b@Offset(195.0, 96.0), RenderSemanticsAnnotations#fd4ec@Offset(195.0, 96.0), RenderTapRegionSurface#8849c@Offset(195.0, 96.0), RenderSemanticsAnnotations#8d618@Offset(195.0, 96.0), RenderSemanticsAnnotations#0e6f4@Offset(195.0, 96.0), RenderRepaintBoundary#d5d54@Offset(195.0, 96.0), HitTestEntry<HitTestTarget>#63e2f(_ReusableRenderView#9d378), HitTestEntry<HitTestTarget>#98246(<AutomatedTestWidgetsFlutterBinding>))
#0      WidgetController._getElementPoint (package:flutter_test/src/controller.dart:2165:25)
#1      WidgetController.getCenter (package:flutter_test/src/controller.dart:1947:12)
#2      WidgetController.drag (package:flutter_test/src/controller.dart:1604:7)
#3      WidgetController.dragUntilVisible.<anonymous closure> (package:flutter_test/src/controller.dart:2483:17)
<asynchronous suspension>
#4      TestAsyncUtils.guard.<anonymous closure> (package:flutter_test/src/test_async_utils.dart:130:27)
<asynchronous suspension>
#5      WidgetController.scrollUntilVisible.<anonymous closure> (package:flutter_test/src/controller.dart:2439:7)
<asynchronous suspension>
#6      TestAsyncUtils.guard.<anonymous closure> (package:flutter_test/src/test_async_utils.dart:130:27)
<asynchronous suspension>
#7      main.<anonymous closure> (file:///home/runner/work/streetlift-apk/streetlift-apk/streetlift_tracker/test/visual_capture_test.dart:201:13)
<asynchronous suspension>
#8      testWidgets.<anonymous closure>.<anonymous closure> (package:flutter_test/src/widget_tester.dart:192:15)
<asynchronous suspension>
#9      TestWidgetsFlutterBinding._runTestBody (package:flutter_test/src/binding.dart:1953:5)
<asynchronous suspension>
#10     StackZoneSpecification._registerCallback.<anonymous closure> (package:stack_trace/src/stack_zone_specification.dart:114:42)
<asynchronous suspension>
To silence this warning, pass "warnIfMissed: false" to "drag()".
To make this warning fatal, set WidgetController.hitTestWarningShouldBeFatal to true.


Warning: A call to drag() with finder "Found 1 widget with type "Scrollable" descending from widget with type "StatsScreen" (ignoring all but last): [
  Scrollable(axisDirection: right, physics: null, restorationId: null, dependencies: [InheritedCupertinoTheme, MediaQuery, ScrollConfiguration, UnmanagedRestorationScope, _InheritedTheme, _LocalizationsScope-[GlobalKey#d2101]], state: ScrollableState#a99d0(position: ScrollPositionWithSingleContext#ab9cf(offset: 280.0, range: 0.0..768.0, viewport: 350.0, ScrollableState, ClampingScrollPhysics -> RangeMaintainingScrollPhysics, IdleScrollActivity#3610b, ScrollDirection.idle), effective physics: ClampingScrollPhysics -> RangeMaintainingScrollPhysics)),
]" derived an Offset (Offset(195.0, 96.0)) that would not hit test on the specified widget.
Maybe the widget is actually off-screen, or another widget is obscuring it, or the widget cannot receive pointer events.
The finder corresponds to this RenderBox: RenderClipRect#709fa relayoutBoundary=up5
The hit test result at that offset is: HitTestResult(RenderPointerListener#0926b@Offset(28.5, 2.0), RenderSemanticsAnnotations#89d2c@Offset(28.5, 2.0), RenderMouseRegion#025ed@Offset(28.5, 2.0), RenderSemanticsAnnotations#754fd@Offset(28.5, 2.0), RenderMergeSemantics#96843@Offset(28.5, 2.0), _TabLabelBarRenderer#080ca@Offset(187.0, 2.0), RenderCustomPaint#0f164@Offset(187.0, 2.0), RenderSemanticsAnnotations#320ef@Offset(187.0, 2.0), RenderPadding#5126f@Offset(195.0, 2.0), _RenderSingleChildViewport#3b2cb@Offset(195.0, 2.0), RenderIgnorePointer#87916@Offset(195.0, 2.0), RenderSemanticsAnnotations#718b1@Offset(195.0, 2.0), RenderPointerListener#6c5d0@Offset(195.0, 2.0), RenderSemanticsGestureHandler#e885f@Offset(195.0, 2.0), RenderPointerListener#3488a@Offset(195.0, 2.0), _RenderScrollSemantics#16b66@Offset(195.0, 2.0), RenderPositionedBox#c39f0@Offset(195.0, 2.0), _RenderInkFeatures#1bd2e@Offset(195.0, 2.0), RenderCustomPaint#2ced9@Offset(195.0, 2.0), RenderClipPath#7e793@Offset(195.0, 2.0), RenderFlex#ccb56@Offset(195.0, 2.0), RenderConstrainedBox#5dc9c@Offset(195.0, 2.0), RenderConstrainedBox#bb23f@Offset(195.0, 2.0), RenderPositionedBox#cc4c6@Offset(195.0, 2.0), RenderPadding#a8da6@Offset(195.0, 2.0), RenderCustomMultiChildLayoutBox#0c49b@Offset(195.0, 96.0), _RenderInkFeatures#fcf4d@Offset(195.0, 96.0), RenderPhysicalModel#cb63c@Offset(195.0, 96.0), RenderIndexedStack#fbc5b@Offset(195.0, 96.0), RenderAnimatedOpacity#48185@Offset(195.0, 96.0), RenderClipRect#45249@Offset(195.0, 96.0), _RenderLayoutBuilder#d802d@Offset(195.0, 96.0), RenderCustomMultiChildLayoutBox#a3f2d@Offset(195.0, 96.0), _RenderInkFeatures#8951d@Offset(195.0, 96.0), RenderPhysicalModel#208b4@Offset(195.0, 96.0), RenderSemanticsAnnotations#1ab03@Offset(195.0, 96.0), RenderRepaintBoundary#06135@Offset(195.0, 96.0), RenderIgnorePointer#b83fe@Offset(195.0, 96.0), RenderAnimatedOpacity#e33c5@Offset(195.0, 96.0), RenderRepaintBoundary#8a65e@Offset(195.0, 96.0), RenderSemanticsAnnotations#51418@Offset(195.0, 96.0), RenderOffstage#1ef19@Offset(195.0, 96.0), RenderSemanticsAnnotations#4c118@Offset(195.0, 96.0), _RenderTheater#6f3f2@Offset(195.0, 96.0), RenderAbsorbPointer#44a97@Offset(195.0, 96.0), RenderPointerListener#a6cfa@Offset(195.0, 96.0), RenderSemanticsAnnotations#d7353@Offset(195.0, 96.0), RenderSemanticsAnnotations#9d2a6@Offset(195.0, 96.0), RenderSemanticsAnnotations#6cd2b@Offset(195.0, 96.0), RenderSemanticsAnnotations#fd4ec@Offset(195.0, 96.0), RenderTapRegionSurface#8849c@Offset(195.0, 96.0), RenderSemanticsAnnotations#8d618@Offset(195.0, 96.0), RenderSemanticsAnnotations#0e6f4@Offset(195.0, 96.0), RenderRepaintBoundary#d5d54@Offset(195.0, 96.0), HitTestEntry<HitTestTarget>#c77a0(_ReusableRenderView#9d378), HitTestEntry<HitTestTarget>#60a75(<AutomatedTestWidgetsFlutterBinding>))
#0      WidgetController._getElementPoint (package:flutter_test/src/controller.dart:2165:25)
#1      WidgetController.getCenter (package:flutter_test/src/controller.dart:1947:12)
#2      WidgetController.drag (package:flutter_test/src/controller.dart:1604:7)
#3      WidgetController.dragUntilVisible.<anonymous closure> (package:flutter_test/src/controller.dart:2483:17)
<asynchronous suspension>
#4      TestAsyncUtils.guard.<anonymous closure> (package:flutter_test/src/test_async_utils.dart:130:27)
<asynchronous suspension>
#5      WidgetController.scrollUntilVisible.<anonymous closure> (package:flutter_test/src/controller.dart:2439:7)
<asynchronous suspension>
#6      TestAsyncUtils.guard.<anonymous closure> (package:flutter_test/src/test_async_utils.dart:130:27)
<asynchronous suspension>
#7      main.<anonymous closure> (file:///home/runner/work/streetlift-apk/streetlift-apk/streetlift_tracker/test/visual_capture_test.dart:201:13)
<asynchronous suspension>
#8      testWidgets.<anonymous closure>.<anonymous closure> (package:flutter_test/src/widget_tester.dart:192:15)
<asynchronous suspension>
#9      TestWidgetsFlutterBinding._runTestBody (package:flutter_test/src/binding.dart:1953:5)
<asynchronous suspension>
#10     StackZoneSpecification._registerCallback.<anonymous closure> (package:stack_trace/src/stack_zone_specification.dart:114:42)
<asynchronous suspension>
To silence this warning, pass "warnIfMissed: false" to "drag()".
To make this warning fatal, set WidgetController.hitTestWarningShouldBeFatal to true.


Warning: A call to drag() with finder "Found 1 widget with type "Scrollable" descending from widget with type "StatsScreen" (ignoring all but last): [
  Scrollable(axisDirection: right, physics: null, restorationId: null, dependencies: [InheritedCupertinoTheme, MediaQuery, ScrollConfiguration, UnmanagedRestorationScope, _InheritedTheme, _LocalizationsScope-[GlobalKey#d2101]], state: ScrollableState#a99d0(position: ScrollPositionWithSingleContext#ab9cf(offset: 280.0, range: 0.0..768.0, viewport: 350.0, ScrollableState, ClampingScrollPhysics -> RangeMaintainingScrollPhysics, IdleScrollActivity#3610b, ScrollDirection.idle), effective physics: ClampingScrollPhysics -> RangeMaintainingScrollPhysics)),
]" derived an Offset (Offset(195.0, 96.0)) that would not hit test on the specified widget.
Maybe the widget is actually off-screen, or another widget is obscuring it, or the widget cannot receive pointer events.
The finder corresponds to this RenderBox: RenderClipRect#709fa relayoutBoundary=up5
The hit test result at that offset is: HitTestResult(RenderPointerListener#0926b@Offset(28.5, 2.0), RenderSemanticsAnnotations#89d2c@Offset(28.5, 2.0), RenderMouseRegion#025ed@Offset(28.5, 2.0), RenderSemanticsAnnotations#754fd@Offset(28.5, 2.0), RenderMergeSemantics#96843@Offset(28.5, 2.0), _TabLabelBarRenderer#080ca@Offset(187.0, 2.0), RenderCustomPaint#0f164@Offset(187.0, 2.0), RenderSemanticsAnnotations#320ef@Offset(187.0, 2.0), RenderPadding#5126f@Offset(195.0, 2.0), _RenderSingleChildViewport#3b2cb@Offset(195.0, 2.0), RenderIgnorePointer#87916@Offset(195.0, 2.0), RenderSemanticsAnnotations#718b1@Offset(195.0, 2.0), RenderPointerListener#6c5d0@Offset(195.0, 2.0), RenderSemanticsGestureHandler#e885f@Offset(195.0, 2.0), RenderPointerListener#3488a@Offset(195.0, 2.0), _RenderScrollSemantics#16b66@Offset(195.0, 2.0), RenderPositionedBox#c39f0@Offset(195.0, 2.0), _RenderInkFeatures#1bd2e@Offset(195.0, 2.0), RenderCustomPaint#2ced9@Offset(195.0, 2.0), RenderClipPath#7e793@Offset(195.0, 2.0), RenderFlex#ccb56@Offset(195.0, 2.0), RenderConstrainedBox#5dc9c@Offset(195.0, 2.0), RenderConstrainedBox#bb23f@Offset(195.0, 2.0), RenderPositionedBox#cc4c6@Offset(195.0, 2.0), RenderPadding#a8da6@Offset(195.0, 2.0), RenderCustomMultiChildLayoutBox#0c49b@Offset(195.0, 96.0), _RenderInkFeatures#fcf4d@Offset(195.0, 96.0), RenderPhysicalModel#cb63c@Offset(195.0, 96.0), RenderIndexedStack#fbc5b@Offset(195.0, 96.0), RenderAnimatedOpacity#48185@Offset(195.0, 96.0), RenderClipRect#45249@Offset(195.0, 96.0), _RenderLayoutBuilder#d802d@Offset(195.0, 96.0), RenderCustomMultiChildLayoutBox#a3f2d@Offset(195.0, 96.0), _RenderInkFeatures#8951d@Offset(195.0, 96.0), RenderPhysicalModel#208b4@Offset(195.0, 96.0), RenderSemanticsAnnotations#1ab03@Offset(195.0, 96.0), RenderRepaintBoundary#06135@Offset(195.0, 96.0), RenderIgnorePointer#b83fe@Offset(195.0, 96.0), RenderAnimatedOpacity#e33c5@Offset(195.0, 96.0), RenderRepaintBoundary#8a65e@Offset(195.0, 96.0), RenderSemanticsAnnotations#51418@Offset(195.0, 96.0), RenderOffstage#1ef19@Offset(195.0, 96.0), RenderSemanticsAnnotations#4c118@Offset(195.0, 96.0), _RenderTheater#6f3f2@Offset(195.0, 96.0), RenderAbsorbPointer#44a97@Offset(195.0, 96.0), RenderPointerListener#a6cfa@Offset(195.0, 96.0), RenderSemanticsAnnotations#d7353@Offset(195.0, 96.0), RenderSemanticsAnnotations#9d2a6@Offset(195.0, 96.0), RenderSemanticsAnnotations#6cd2b@Offset(195.0, 96.0), RenderSemanticsAnnotations#fd4ec@Offset(195.0, 96.0), RenderTapRegionSurface#8849c@Offset(195.0, 96.0), RenderSemanticsAnnotations#8d618@Offset(195.0, 96.0), RenderSemanticsAnnotations#0e6f4@Offset(195.0, 96.0), RenderRepaintBoundary#d5d54@Offset(195.0, 96.0), HitTestEntry<HitTestTarget>#d65d5(_ReusableRenderView#9d378), HitTestEntry<HitTestTarget>#593f2(<AutomatedTestWidgetsFlutterBinding>))
#0      WidgetController._getElementPoint (package:flutter_test/src/controller.dart:2165:25)
#1      WidgetController.getCenter (package:flutter_test/src/controller.dart:1947:12)
#2      WidgetController.drag (package:flutter_test/src/controller.dart:1604:7)
#3      WidgetController.dragUntilVisible.<anonymous closure> (package:flutter_test/src/controller.dart:2483:17)
<asynchronous suspension>
#4      TestAsyncUtils.guard.<anonymous closure> (package:flutter_test/src/test_async_utils.dart:130:27)
<asynchronous suspension>
#5      WidgetController.scrollUntilVisible.<anonymous closure> (package:flutter_test/src/controller.dart:2439:7)
<asynchronous suspension>
#6      TestAsyncUtils.guard.<anonymous closure> (package:flutter_test/src/test_async_utils.dart:130:27)
<asynchronous suspension>
#7      main.<anonymous closure> (file:///home/runner/work/streetlift-apk/streetlift-apk/streetlift_tracker/test/visual_capture_test.dart:201:13)
<asynchronous suspension>
#8      testWidgets.<anonymous closure>.<anonymous closure> (package:flutter_test/src/widget_tester.dart:192:15)
<asynchronous suspension>
#9      TestWidgetsFlutterBinding._runTestBody (package:flutter_test/src/binding.dart:1953:5)
<asynchronous suspension>
#10     StackZoneSpecification._registerCallback.<anonymous closure> (package:stack_trace/src/stack_zone_specification.dart:114:42)
<asynchronous suspension>
To silence this warning, pass "warnIfMissed: false" to "drag()".
To make this warning fatal, set WidgetController.hitTestWarningShouldBeFatal to true.


Warning: A call to drag() with finder "Found 1 widget with type "Scrollable" descending from widget with type "StatsScreen" (ignoring all but last): [
  Scrollable(axisDirection: right, physics: null, restorationId: null, dependencies: [InheritedCupertinoTheme, MediaQuery, ScrollConfiguration, UnmanagedRestorationScope, _InheritedTheme, _LocalizationsScope-[GlobalKey#d2101]], state: ScrollableState#a99d0(position: ScrollPositionWithSingleContext#ab9cf(offset: 280.0, range: 0.0..768.0, viewport: 350.0, ScrollableState, ClampingScrollPhysics -> RangeMaintainingScrollPhysics, IdleScrollActivity#3610b, ScrollDirection.idle), effective physics: ClampingScrollPhysics -> RangeMaintainingScrollPhysics)),
]" derived an Offset (Offset(195.0, 96.0)) that would not hit test on the specified widget.
Maybe the widget is actually off-screen, or another widget is obscuring it, or the widget cannot receive pointer events.
The finder corresponds to this RenderBox: RenderClipRect#709fa relayoutBoundary=up5
The hit test result at that offset is: HitTestResult(RenderPointerListener#0926b@Offset(28.5, 2.0), RenderSemanticsAnnotations#89d2c@Offset(28.5, 2.0), RenderMouseRegion#025ed@Offset(28.5, 2.0), RenderSemanticsAnnotations#754fd@Offset(28.5, 2.0), RenderMergeSemantics#96843@Offset(28.5, 2.0), _TabLabelBarRenderer#080ca@Offset(187.0, 2.0), RenderCustomPaint#0f164@Offset(187.0, 2.0), RenderSemanticsAnnotations#320ef@Offset(187.0, 2.0), RenderPadding#5126f@Offset(195.0, 2.0), _RenderSingleChildViewport#3b2cb@Offset(195.0, 2.0), RenderIgnorePointer#87916@Offset(195.0, 2.0), RenderSemanticsAnnotations#718b1@Offset(195.0, 2.0), RenderPointerListener#6c5d0@Offset(195.0, 2.0), RenderSemanticsGestureHandler#e885f@Offset(195.0, 2.0), RenderPointerListener#3488a@Offset(195.0, 2.0), _RenderScrollSemantics#16b66@Offset(195.0, 2.0), RenderPositionedBox#c39f0@Offset(195.0, 2.0), _RenderInkFeatures#1bd2e@Offset(195.0, 2.0), RenderCustomPaint#2ced9@Offset(195.0, 2.0), RenderClipPath#7e793@Offset(195.0, 2.0), RenderFlex#ccb56@Offset(195.0, 2.0), RenderConstrainedBox#5dc9c@Offset(195.0, 2.0), RenderConstrainedBox#bb23f@Offset(195.0, 2.0), RenderPositionedBox#cc4c6@Offset(195.0, 2.0), RenderPadding#a8da6@Offset(195.0, 2.0), RenderCustomMultiChildLayoutBox#0c49b@Offset(195.0, 96.0), _RenderInkFeatures#fcf4d@Offset(195.0, 96.0), RenderPhysicalModel#cb63c@Offset(195.0, 96.0), RenderIndexedStack#fbc5b@Offset(195.0, 96.0), RenderAnimatedOpacity#48185@Offset(195.0, 96.0), RenderClipRect#45249@Offset(195.0, 96.0), _RenderLayoutBuilder#d802d@Offset(195.0, 96.0), RenderCustomMultiChildLayoutBox#a3f2d@Offset(195.0, 96.0), _RenderInkFeatures#8951d@Offset(195.0, 96.0), RenderPhysicalModel#208b4@Offset(195.0, 96.0), RenderSemanticsAnnotations#1ab03@Offset(195.0, 96.0), RenderRepaintBoundary#06135@Offset(195.0, 96.0), RenderIgnorePointer#b83fe@Offset(195.0, 96.0), RenderAnimatedOpacity#e33c5@Offset(195.0, 96.0), RenderRepaintBoundary#8a65e@Offset(195.0, 96.0), RenderSemanticsAnnotations#51418@Offset(195.0, 96.0), RenderOffstage#1ef19@Offset(195.0, 96.0), RenderSemanticsAnnotations#4c118@Offset(195.0, 96.0), _RenderTheater#6f3f2@Offset(195.0, 96.0), RenderAbsorbPointer#44a97@Offset(195.0, 96.0), RenderPointerListener#a6cfa@Offset(195.0, 96.0), RenderSemanticsAnnotations#d7353@Offset(195.0, 96.0), RenderSemanticsAnnotations#9d2a6@Offset(195.0, 96.0), RenderSemanticsAnnotations#6cd2b@Offset(195.0, 96.0), RenderSemanticsAnnotations#fd4ec@Offset(195.0, 96.0), RenderTapRegionSurface#8849c@Offset(195.0, 96.0), RenderSemanticsAnnotations#8d618@Offset(195.0, 96.0), RenderSemanticsAnnotations#0e6f4@Offset(195.0, 96.0), RenderRepaintBoundary#d5d54@Offset(195.0, 96.0), HitTestEntry<HitTestTarget>#db172(_ReusableRenderView#9d378), HitTestEntry<HitTestTarget>#31c12(<AutomatedTestWidgetsFlutterBinding>))
#0      WidgetController._getElementPoint (package:flutter_test/src/controller.dart:2165:25)
#1      WidgetController.getCenter (package:flutter_test/src/controller.dart:1947:12)
#2      WidgetController.drag (package:flutter_test/src/controller.dart:1604:7)
#3      WidgetController.dragUntilVisible.<anonymous closure> (package:flutter_test/src/controller.dart:2483:17)
<asynchronous suspension>
#4      TestAsyncUtils.guard.<anonymous closure> (package:flutter_test/src/test_async_utils.dart:130:27)
<asynchronous suspension>
#5      WidgetController.scrollUntilVisible.<anonymous closure> (package:flutter_test/src/controller.dart:2439:7)
<asynchronous suspension>
#6      TestAsyncUtils.guard.<anonymous closure> (package:flutter_test/src/test_async_utils.dart:130:27)
<asynchronous suspension>
#7      main.<anonymous closure> (file:///home/runner/work/streetlift-apk/streetlift-apk/streetlift_tracker/test/visual_capture_test.dart:201:13)
<asynchronous suspension>
#8      testWidgets.<anonymous closure>.<anonymous closure> (package:flutter_test/src/widget_tester.dart:192:15)
<asynchronous suspension>
#9      TestWidgetsFlutterBinding._runTestBody (package:flutter_test/src/binding.dart:1953:5)
<asynchronous suspension>
#10     StackZoneSpecification._registerCallback.<anonymous closure> (package:stack_trace/src/stack_zone_specification.dart:114:42)
<asynchronous suspension>
To silence this warning, pass "warnIfMissed: false" to "drag()".
To make this warning fatal, set WidgetController.hitTestWarningShouldBeFatal to true.


Warning: A call to drag() with finder "Found 1 widget with type "Scrollable" descending from widget with type "StatsScreen" (ignoring all but last): [
  Scrollable(axisDirection: right, physics: null, restorationId: null, dependencies: [InheritedCupertinoTheme, MediaQuery, ScrollConfiguration, UnmanagedRestorationScope, _InheritedTheme, _LocalizationsScope-[GlobalKey#d2101]], state: ScrollableState#a99d0(position: ScrollPositionWithSingleContext#ab9cf(offset: 280.0, range: 0.0..768.0, viewport: 350.0, ScrollableState, ClampingScrollPhysics -> RangeMaintainingScrollPhysics, IdleScrollActivity#3610b, ScrollDirection.idle), effective physics: ClampingScrollPhysics -> RangeMaintainingScrollPhysics)),
]" derived an Offset (Offset(195.0, 96.0)) that would not hit test on the specified widget.
Maybe the widget is actually off-screen, or another widget is obscuring it, or the widget cannot receive pointer events.
The finder corresponds to this RenderBox: RenderClipRect#709fa relayoutBoundary=up5
The hit test result at that offset is: HitTestResult(RenderPointerListener#0926b@Offset(28.5, 2.0), RenderSemanticsAnnotations#89d2c@Offset(28.5, 2.0), RenderMouseRegion#025ed@Offset(28.5, 2.0), RenderSemanticsAnnotations#754fd@Offset(28.5, 2.0), RenderMergeSemantics#96843@Offset(28.5, 2.0), _TabLabelBarRenderer#080ca@Offset(187.0, 2.0), RenderCustomPaint#0f164@Offset(187.0, 2.0), RenderSemanticsAnnotations#320ef@Offset(187.0, 2.0), RenderPadding#5126f@Offset(195.0, 2.0), _RenderSingleChildViewport#3b2cb@Offset(195.0, 2.0), RenderIgnorePointer#87916@Offset(195.0, 2.0), RenderSemanticsAnnotations#718b1@Offset(195.0, 2.0), RenderPointerListener#6c5d0@Offset(195.0, 2.0), RenderSemanticsGestureHandler#e885f@Offset(195.0, 2.0), RenderPointerListener#3488a@Offset(195.0, 2.0), _RenderScrollSemantics#16b66@Offset(195.0, 2.0), RenderPositionedBox#c39f0@Offset(195.0, 2.0), _RenderInkFeatures#1bd2e@Offset(195.0, 2.0), RenderCustomPaint#2ced9@Offset(195.0, 2.0), RenderClipPath#7e793@Offset(195.0, 2.0), RenderFlex#ccb56@Offset(195.0, 2.0), RenderConstrainedBox#5dc9c@Offset(195.0, 2.0), RenderConstrainedBox#bb23f@Offset(195.0, 2.0), RenderPositionedBox#cc4c6@Offset(195.0, 2.0), RenderPadding#a8da6@Offset(195.0, 2.0), RenderCustomMultiChildLayoutBox#0c49b@Offset(195.0, 96.0), _RenderInkFeatures#fcf4d@Offset(195.0, 96.0), RenderPhysicalModel#cb63c@Offset(195.0, 96.0), RenderIndexedStack#fbc5b@Offset(195.0, 96.0), RenderAnimatedOpacity#48185@Offset(195.0, 96.0), RenderClipRect#45249@Offset(195.0, 96.0), _RenderLayoutBuilder#d802d@Offset(195.0, 96.0), RenderCustomMultiChildLayoutBox#a3f2d@Offset(195.0, 96.0), _RenderInkFeatures#8951d@Offset(195.0, 96.0), RenderPhysicalModel#208b4@Offset(195.0, 96.0), RenderSemanticsAnnotations#1ab03@Offset(195.0, 96.0), RenderRepaintBoundary#06135@Offset(195.0, 96.0), RenderIgnorePointer#b83fe@Offset(195.0, 96.0), RenderAnimatedOpacity#e33c5@Offset(195.0, 96.0), RenderRepaintBoundary#8a65e@Offset(195.0, 96.0), RenderSemanticsAnnotations#51418@Offset(195.0, 96.0), RenderOffstage#1ef19@Offset(195.0, 96.0), RenderSemanticsAnnotations#4c118@Offset(195.0, 96.0), _RenderTheater#6f3f2@Offset(195.0, 96.0), RenderAbsorbPointer#44a97@Offset(195.0, 96.0), RenderPointerListener#a6cfa@Offset(195.0, 96.0), RenderSemanticsAnnotations#d7353@Offset(195.0, 96.0), RenderSemanticsAnnotations#9d2a6@Offset(195.0, 96.0), RenderSemanticsAnnotations#6cd2b@Offset(195.0, 96.0), RenderSemanticsAnnotations#fd4ec@Offset(195.0, 96.0), RenderTapRegionSurface#8849c@Offset(195.0, 96.0), RenderSemanticsAnnotations#8d618@Offset(195.0, 96.0), RenderSemanticsAnnotations#0e6f4@Offset(195.0, 96.0), RenderRepaintBoundary#d5d54@Offset(195.0, 96.0), HitTestEntry<HitTestTarget>#04faf(_ReusableRenderView#9d378), HitTestEntry<HitTestTarget>#19513(<AutomatedTestWidgetsFlutterBinding>))
#0      WidgetController._getElementPoint (package:flutter_test/src/controller.dart:2165:25)
#1      WidgetController.getCenter (package:flutter_test/src/controller.dart:1947:12)
#2      WidgetController.drag (package:flutter_test/src/controller.dart:1604:7)
#3      WidgetController.dragUntilVisible.<anonymous closure> (package:flutter_test/src/controller.dart:2483:17)
<asynchronous suspension>
#4      TestAsyncUtils.guard.<anonymous closure> (package:flutter_test/src/test_async_utils.dart:130:27)
<asynchronous suspension>
#5      WidgetController.scrollUntilVisible.<anonymous closure> (package:flutter_test/src/controller.dart:2439:7)
<asynchronous suspension>
#6      TestAsyncUtils.guard.<anonymous closure> (package:flutter_test/src/test_async_utils.dart:130:27)
<asynchronous suspension>
#7      main.<anonymous closure> (file:///home/runner/work/streetlift-apk/streetlift-apk/streetlift_tracker/test/visual_capture_test.dart:201:13)
<asynchronous suspension>
#8      testWidgets.<anonymous closure>.<anonymous closure> (package:flutter_test/src/widget_tester.dart:192:15)
<asynchronous suspension>
#9      TestWidgetsFlutterBinding._runTestBody (package:flutter_test/src/binding.dart:1953:5)
<asynchronous suspension>
#10     StackZoneSpecification._registerCallback.<anonymous closure> (package:stack_trace/src/stack_zone_specification.dart:114:42)
<asynchronous suspension>
To silence this warning, pass "warnIfMissed: false" to "drag()".
To make this warning fatal, set WidgetController.hitTestWarningShouldBeFatal to true.


Warning: A call to drag() with finder "Found 1 widget with type "Scrollable" descending from widget with type "StatsScreen" (ignoring all but last): [
  Scrollable(axisDirection: right, physics: null, restorationId: null, dependencies: [InheritedCupertinoTheme, MediaQuery, ScrollConfiguration, UnmanagedRestorationScope, _InheritedTheme, _LocalizationsScope-[GlobalKey#d2101]], state: ScrollableState#a99d0(position: ScrollPositionWithSingleContext#ab9cf(offset: 280.0, range: 0.0..768.0, viewport: 350.0, ScrollableState, ClampingScrollPhysics -> RangeMaintainingScrollPhysics, IdleScrollActivity#3610b, ScrollDirection.idle), effective physics: ClampingScrollPhysics -> RangeMaintainingScrollPhysics)),
]" derived an Offset (Offset(195.0, 96.0)) that would not hit test on the specified widget.
Maybe the widget is actually off-screen, or another widget is obscuring it, or the widget cannot receive pointer events.
The finder corresponds to this RenderBox: RenderClipRect#709fa relayoutBoundary=up5
The hit test result at that offset is: HitTestResult(RenderPointerListener#0926b@Offset(28.5, 2.0), RenderSemanticsAnnotations#89d2c@Offset(28.5, 2.0), RenderMouseRegion#025ed@Offset(28.5, 2.0), RenderSemanticsAnnotations#754fd@Offset(28.5, 2.0), RenderMergeSemantics#96843@Offset(28.5, 2.0), _TabLabelBarRenderer#080ca@Offset(187.0, 2.0), RenderCustomPaint#0f164@Offset(187.0, 2.0), RenderSemanticsAnnotations#320ef@Offset(187.0, 2.0), RenderPadding#5126f@Offset(195.0, 2.0), _RenderSingleChildViewport#3b2cb@Offset(195.0, 2.0), RenderIgnorePointer#87916@Offset(195.0, 2.0), RenderSemanticsAnnotations#718b1@Offset(195.0, 2.0), RenderPointerListener#6c5d0@Offset(195.0, 2.0), RenderSemanticsGestureHandler#e885f@Offset(195.0, 2.0), RenderPointerListener#3488a@Offset(195.0, 2.0), _RenderScrollSemantics#16b66@Offset(195.0, 2.0), RenderPositionedBox#c39f0@Offset(195.0, 2.0), _RenderInkFeatures#1bd2e@Offset(195.0, 2.0), RenderCustomPaint#2ced9@Offset(195.0, 2.0), RenderClipPath#7e793@Offset(195.0, 2.0), RenderFlex#ccb56@Offset(195.0, 2.0), RenderConstrainedBox#5dc9c@Offset(195.0, 2.0), RenderConstrainedBox#bb23f@Offset(195.0, 2.0), RenderPositionedBox#cc4c6@Offset(195.0, 2.0), RenderPadding#a8da6@Offset(195.0, 2.0), RenderCustomMultiChildLayoutBox#0c49b@Offset(195.0, 96.0), _RenderInkFeatures#fcf4d@Offset(195.0, 96.0), RenderPhysicalModel#cb63c@Offset(195.0, 96.0), RenderIndexedStack#fbc5b@Offset(195.0, 96.0), RenderAnimatedOpacity#48185@Offset(195.0, 96.0), RenderClipRect#45249@Offset(195.0, 96.0), _RenderLayoutBuilder#d802d@Offset(195.0, 96.0), RenderCustomMultiChildLayoutBox#a3f2d@Offset(195.0, 96.0), _RenderInkFeatures#8951d@Offset(195.0, 96.0), RenderPhysicalModel#208b4@Offset(195.0, 96.0), RenderSemanticsAnnotations#1ab03@Offset(195.0, 96.0), RenderRepaintBoundary#06135@Offset(195.0, 96.0), RenderIgnorePointer#b83fe@Offset(195.0, 96.0), RenderAnimatedOpacity#e33c5@Offset(195.0, 96.0), RenderRepaintBoundary#8a65e@Offset(195.0, 96.0), RenderSemanticsAnnotations#51418@Offset(195.0, 96.0), RenderOffstage#1ef19@Offset(195.0, 96.0), RenderSemanticsAnnotations#4c118@Offset(195.0, 96.0), _RenderTheater#6f3f2@Offset(195.0, 96.0), RenderAbsorbPointer#44a97@Offset(195.0, 96.0), RenderPointerListener#a6cfa@Offset(195.0, 96.0), RenderSemanticsAnnotations#d7353@Offset(195.0, 96.0), RenderSemanticsAnnotations#9d2a6@Offset(195.0, 96.0), RenderSemanticsAnnotations#6cd2b@Offset(195.0, 96.0), RenderSemanticsAnnotations#fd4ec@Offset(195.0, 96.0), RenderTapRegionSurface#8849c@Offset(195.0, 96.0), RenderSemanticsAnnotations#8d618@Offset(195.0, 96.0), RenderSemanticsAnnotations#0e6f4@Offset(195.0, 96.0), RenderRepaintBoundary#d5d54@Offset(195.0, 96.0), HitTestEntry<HitTestTarget>#3c894(_ReusableRenderView#9d378), HitTestEntry<HitTestTarget>#7fb2e(<AutomatedTestWidgetsFlutterBinding>))
#0      WidgetController._getElementPoint (package:flutter_test/src/controller.dart:2165:25)
#1      WidgetController.getCenter (package:flutter_test/src/controller.dart:1947:12)
#2      WidgetController.drag (package:flutter_test/src/controller.dart:1604:7)
#3      WidgetController.dragUntilVisible.<anonymous closure> (package:flutter_test/src/controller.dart:2483:17)
<asynchronous suspension>
#4      TestAsyncUtils.guard.<anonymous closure> (package:flutter_test/src/test_async_utils.dart:130:27)
<asynchronous suspension>
#5      WidgetController.scrollUntilVisible.<anonymous closure> (package:flutter_test/src/controller.dart:2439:7)
<asynchronous suspension>
#6      TestAsyncUtils.guard.<anonymous closure> (package:flutter_test/src/test_async_utils.dart:130:27)
<asynchronous suspension>
#7      main.<anonymous closure> (file:///home/runner/work/streetlift-apk/streetlift-apk/streetlift_tracker/test/visual_capture_test.dart:201:13)
<asynchronous suspension>
#8      testWidgets.<anonymous closure>.<anonymous closure> (package:flutter_test/src/widget_tester.dart:192:15)
<asynchronous suspension>
#9      TestWidgetsFlutterBinding._runTestBody (package:flutter_test/src/binding.dart:1953:5)
<asynchronous suspension>
#10     StackZoneSpecification._registerCallback.<anonymous closure> (package:stack_trace/src/stack_zone_specification.dart:114:42)
<asynchronous suspension>
To silence this warning, pass "warnIfMissed: false" to "drag()".
To make this warning fatal, set WidgetController.hitTestWarningShouldBeFatal to true.


Warning: A call to drag() with finder "Found 1 widget with type "Scrollable" descending from widget with type "StatsScreen" (ignoring all but last): [
  Scrollable(axisDirection: right, physics: null, restorationId: null, dependencies: [InheritedCupertinoTheme, MediaQuery, ScrollConfiguration, UnmanagedRestorationScope, _InheritedTheme, _LocalizationsScope-[GlobalKey#d2101]], state: ScrollableState#a99d0(position: ScrollPositionWithSingleContext#ab9cf(offset: 280.0, range: 0.0..768.0, viewport: 350.0, ScrollableState, ClampingScrollPhysics -> RangeMaintainingScrollPhysics, IdleScrollActivity#3610b, ScrollDirection.idle), effective physics: ClampingScrollPhysics -> RangeMaintainingScrollPhysics)),
]" derived an Offset (Offset(195.0, 96.0)) that would not hit test on the specified widget.
Maybe the widget is actually off-screen, or another widget is obscuring it, or the widget cannot receive pointer events.
The finder corresponds to this RenderBox: RenderClipRect#709fa relayoutBoundary=up5
The hit test result at that offset is: HitTestResult(RenderPointerListener#0926b@Offset(28.5, 2.0), RenderSemanticsAnnotations#89d2c@Offset(28.5, 2.0), RenderMouseRegion#025ed@Offset(28.5, 2.0), RenderSemanticsAnnotations#754fd@Offset(28.5, 2.0), RenderMergeSemantics#96843@Offset(28.5, 2.0), _TabLabelBarRenderer#080ca@Offset(187.0, 2.0), RenderCustomPaint#0f164@Offset(187.0, 2.0), RenderSemanticsAnnotations#320ef@Offset(187.0, 2.0), RenderPadding#5126f@Offset(195.0, 2.0), _RenderSingleChildViewport#3b2cb@Offset(195.0, 2.0), RenderIgnorePointer#87916@Offset(195.0, 2.0), RenderSemanticsAnnotations#718b1@Offset(195.0, 2.0), RenderPointerListener#6c5d0@Offset(195.0, 2.0), RenderSemanticsGestureHandler#e885f@Offset(195.0, 2.0), RenderPointerListener#3488a@Offset(195.0, 2.0), _RenderScrollSemantics#16b66@Offset(195.0, 2.0), RenderPositionedBox#c39f0@Offset(195.0, 2.0), _RenderInkFeatures#1bd2e@Offset(195.0, 2.0), RenderCustomPaint#2ced9@Offset(195.0, 2.0), RenderClipPath#7e793@Offset(195.0, 2.0), RenderFlex#ccb56@Offset(195.0, 2.0), RenderConstrainedBox#5dc9c@Offset(195.0, 2.0), RenderConstrainedBox#bb23f@Offset(195.0, 2.0), RenderPositionedBox#cc4c6@Offset(195.0, 2.0), RenderPadding#a8da6@Offset(195.0, 2.0), RenderCustomMultiChildLayoutBox#0c49b@Offset(195.0, 96.0), _RenderInkFeatures#fcf4d@Offset(195.0, 96.0), RenderPhysicalModel#cb63c@Offset(195.0, 96.0), RenderIndexedStack#fbc5b@Offset(195.0, 96.0), RenderAnimatedOpacity#48185@Offset(195.0, 96.0), RenderClipRect#45249@Offset(195.0, 96.0), _RenderLayoutBuilder#d802d@Offset(195.0, 96.0), RenderCustomMultiChildLayoutBox#a3f2d@Offset(195.0, 96.0), _RenderInkFeatures#8951d@Offset(195.0, 96.0), RenderPhysicalModel#208b4@Offset(195.0, 96.0), RenderSemanticsAnnotations#1ab03@Offset(195.0, 96.0), RenderRepaintBoundary#06135@Offset(195.0, 96.0), RenderIgnorePointer#b83fe@Offset(195.0, 96.0), RenderAnimatedOpacity#e33c5@Offset(195.0, 96.0), RenderRepaintBoundary#8a65e@Offset(195.0, 96.0), RenderSemanticsAnnotations#51418@Offset(195.0, 96.0), RenderOffstage#1ef19@Offset(195.0, 96.0), RenderSemanticsAnnotations#4c118@Offset(195.0, 96.0), _RenderTheater#6f3f2@Offset(195.0, 96.0), RenderAbsorbPointer#44a97@Offset(195.0, 96.0), RenderPointerListener#a6cfa@Offset(195.0, 96.0), RenderSemanticsAnnotations#d7353@Offset(195.0, 96.0), RenderSemanticsAnnotations#9d2a6@Offset(195.0, 96.0), RenderSemanticsAnnotations#6cd2b@Offset(195.0, 96.0), RenderSemanticsAnnotations#fd4ec@Offset(195.0, 96.0), RenderTapRegionSurface#8849c@Offset(195.0, 96.0), RenderSemanticsAnnotations#8d618@Offset(195.0, 96.0), RenderSemanticsAnnotations#0e6f4@Offset(195.0, 96.0), RenderRepaintBoundary#d5d54@Offset(195.0, 96.0), HitTestEntry<HitTestTarget>#8414d(_ReusableRenderView#9d378), HitTestEntry<HitTestTarget>#5bbb8(<AutomatedTestWidgetsFlutterBinding>))
#0      WidgetController._getElementPoint (package:flutter_test/src/controller.dart:2165:25)
#1      WidgetController.getCenter (package:flutter_test/src/controller.dart:1947:12)
#2      WidgetController.drag (package:flutter_test/src/controller.dart:1604:7)
#3      WidgetController.dragUntilVisible.<anonymous closure> (package:flutter_test/src/controller.dart:2483:17)
<asynchronous suspension>
#4      TestAsyncUtils.guard.<anonymous closure> (package:flutter_test/src/test_async_utils.dart:130:27)
<asynchronous suspension>
#5      WidgetController.scrollUntilVisible.<anonymous closure> (package:flutter_test/src/controller.dart:2439:7)
<asynchronous suspension>
#6      TestAsyncUtils.guard.<anonymous closure> (package:flutter_test/src/test_async_utils.dart:130:27)
<asynchronous suspension>
#7      main.<anonymous closure> (file:///home/runner/work/streetlift-apk/streetlift-apk/streetlift_tracker/test/visual_capture_test.dart:201:13)
<asynchronous suspension>
#8      testWidgets.<anonymous closure>.<anonymous closure> (package:flutter_test/src/widget_tester.dart:192:15)
<asynchronous suspension>
#9      TestWidgetsFlutterBinding._runTestBody (package:flutter_test/src/binding.dart:1953:5)
<asynchronous suspension>
#10     StackZoneSpecification._registerCallback.<anonymous closure> (package:stack_trace/src/stack_zone_specification.dart:114:42)
<asynchronous suspension>
To silence this warning, pass "warnIfMissed: false" to "drag()".
To make this warning fatal, set WidgetController.hitTestWarningShouldBeFatal to true.


Warning: A call to drag() with finder "Found 1 widget with type "Scrollable" descending from widget with type "StatsScreen" (ignoring all but last): [
  Scrollable(axisDirection: right, physics: null, restorationId: null, dependencies: [InheritedCupertinoTheme, MediaQuery, ScrollConfiguration, UnmanagedRestorationScope, _InheritedTheme, _LocalizationsScope-[GlobalKey#d2101]], state: ScrollableState#a99d0(position: ScrollPositionWithSingleContext#ab9cf(offset: 280.0, range: 0.0..768.0, viewport: 350.0, ScrollableState, ClampingScrollPhysics -> RangeMaintainingScrollPhysics, IdleScrollActivity#3610b, ScrollDirection.idle), effective physics: ClampingScrollPhysics -> RangeMaintainingScrollPhysics)),
]" derived an Offset (Offset(195.0, 96.0)) that would not hit test on the specified widget.
Maybe the widget is actually off-screen, or another widget is obscuring it, or the widget cannot receive pointer events.
The finder corresponds to this RenderBox: RenderClipRect#709fa relayoutBoundary=up5
The hit test result at that offset is: HitTestResult(RenderPointerListener#0926b@Offset(28.5, 2.0), RenderSemanticsAnnotations#89d2c@Offset(28.5, 2.0), RenderMouseRegion#025ed@Offset(28.5, 2.0), RenderSemanticsAnnotations#754fd@Offset(28.5, 2.0), RenderMergeSemantics#96843@Offset(28.5, 2.0), _TabLabelBarRenderer#080ca@Offset(187.0, 2.0), RenderCustomPaint#0f164@Offset(187.0, 2.0), RenderSemanticsAnnotations#320ef@Offset(187.0, 2.0), RenderPadding#5126f@Offset(195.0, 2.0), _RenderSingleChildViewport#3b2cb@Offset(195.0, 2.0), RenderIgnorePointer#87916@Offset(195.0, 2.0), RenderSemanticsAnnotations#718b1@Offset(195.0, 2.0), RenderPointerListener#6c5d0@Offset(195.0, 2.0), RenderSemanticsGestureHandler#e885f@Offset(195.0, 2.0), RenderPointerListener#3488a@Offset(195.0, 2.0), _RenderScrollSemantics#16b66@Offset(195.0, 2.0), RenderPositionedBox#c39f0@Offset(195.0, 2.0), _RenderInkFeatures#1bd2e@Offset(195.0, 2.0), RenderCustomPaint#2ced9@Offset(195.0, 2.0), RenderClipPath#7e793@Offset(195.0, 2.0), RenderFlex#ccb56@Offset(195.0, 2.0), RenderConstrainedBox#5dc9c@Offset(195.0, 2.0), RenderConstrainedBox#bb23f@Offset(195.0, 2.0), RenderPositionedBox#cc4c6@Offset(195.0, 2.0), RenderPadding#a8da6@Offset(195.0, 2.0), RenderCustomMultiChildLayoutBox#0c49b@Offset(195.0, 96.0), _RenderInkFeatures#fcf4d@Offset(195.0, 96.0), RenderPhysicalModel#cb63c@Offset(195.0, 96.0), RenderIndexedStack#fbc5b@Offset(195.0, 96.0), RenderAnimatedOpacity#48185@Offset(195.0, 96.0), RenderClipRect#45249@Offset(195.0, 96.0), _RenderLayoutBuilder#d802d@Offset(195.0, 96.0), RenderCustomMultiChildLayoutBox#a3f2d@Offset(195.0, 96.0), _RenderInkFeatures#8951d@Offset(195.0, 96.0), RenderPhysicalModel#208b4@Offset(195.0, 96.0), RenderSemanticsAnnotations#1ab03@Offset(195.0, 96.0), RenderRepaintBoundary#06135@Offset(195.0, 96.0), RenderIgnorePointer#b83fe@Offset(195.0, 96.0), RenderAnimatedOpacity#e33c5@Offset(195.0, 96.0), RenderRepaintBoundary#8a65e@Offset(195.0, 96.0), RenderSemanticsAnnotations#51418@Offset(195.0, 96.0), RenderOffstage#1ef19@Offset(195.0, 96.0), RenderSemanticsAnnotations#4c118@Offset(195.0, 96.0), _RenderTheater#6f3f2@Offset(195.0, 96.0), RenderAbsorbPointer#44a97@Offset(195.0, 96.0), RenderPointerListener#a6cfa@Offset(195.0, 96.0), RenderSemanticsAnnotations#d7353@Offset(195.0, 96.0), RenderSemanticsAnnotations#9d2a6@Offset(195.0, 96.0), RenderSemanticsAnnotations#6cd2b@Offset(195.0, 96.0), RenderSemanticsAnnotations#fd4ec@Offset(195.0, 96.0), RenderTapRegionSurface#8849c@Offset(195.0, 96.0), RenderSemanticsAnnotations#8d618@Offset(195.0, 96.0), RenderSemanticsAnnotations#0e6f4@Offset(195.0, 96.0), RenderRepaintBoundary#d5d54@Offset(195.0, 96.0), HitTestEntry<HitTestTarget>#e6b73(_ReusableRenderView#9d378), HitTestEntry<HitTestTarget>#cd786(<AutomatedTestWidgetsFlutterBinding>))
#0      WidgetController._getElementPoint (package:flutter_test/src/controller.dart:2165:25)
#1      WidgetController.getCenter (package:flutter_test/src/controller.dart:1947:12)
#2      WidgetController.drag (package:flutter_test/src/controller.dart:1604:7)
#3      WidgetController.dragUntilVisible.<anonymous closure> (package:flutter_test/src/controller.dart:2483:17)
<asynchronous suspension>
#4      TestAsyncUtils.guard.<anonymous closure> (package:flutter_test/src/test_async_utils.dart:130:27)
<asynchronous suspension>
#5      WidgetController.scrollUntilVisible.<anonymous closure> (package:flutter_test/src/controller.dart:2439:7)
<asynchronous suspension>
#6      TestAsyncUtils.guard.<anonymous closure> (package:flutter_test/src/test_async_utils.dart:130:27)
<asynchronous suspension>
#7      main.<anonymous closure> (file:///home/runner/work/streetlift-apk/streetlift-apk/streetlift_tracker/test/visual_capture_test.dart:201:13)
<asynchronous suspension>
#8      testWidgets.<anonymous closure>.<anonymous closure> (package:flutter_test/src/widget_tester.dart:192:15)
<asynchronous suspension>
#9      TestWidgetsFlutterBinding._runTestBody (package:flutter_test/src/binding.dart:1953:5)
<asynchronous suspension>
#10     StackZoneSpecification._registerCallback.<anonymous closure> (package:stack_trace/src/stack_zone_specification.dart:114:42)
<asynchronous suspension>
To silence this warning, pass "warnIfMissed: false" to "drag()".
To make this warning fatal, set WidgetController.hitTestWarningShouldBeFatal to true.


Warning: A call to drag() with finder "Found 1 widget with type "Scrollable" descending from widget with type "StatsScreen" (ignoring all but last): [
  Scrollable(axisDirection: right, physics: null, restorationId: null, dependencies: [InheritedCupertinoTheme, MediaQuery, ScrollConfiguration, UnmanagedRestorationScope, _InheritedTheme, _LocalizationsScope-[GlobalKey#d2101]], state: ScrollableState#a99d0(position: ScrollPositionWithSingleContext#ab9cf(offset: 280.0, range: 0.0..768.0, viewport: 350.0, ScrollableState, ClampingScrollPhysics -> RangeMaintainingScrollPhysics, IdleScrollActivity#3610b, ScrollDirection.idle), effective physics: ClampingScrollPhysics -> RangeMaintainingScrollPhysics)),
]" derived an Offset (Offset(195.0, 96.0)) that would not hit test on the specified widget.
Maybe the widget is actually off-screen, or another widget is obscuring it, or the widget cannot receive pointer events.
The finder corresponds to this RenderBox: RenderClipRect#709fa relayoutBoundary=up5
The hit test result at that offset is: HitTestResult(RenderPointerListener#0926b@Offset(28.5, 2.0), RenderSemanticsAnnotations#89d2c@Offset(28.5, 2.0), RenderMouseRegion#025ed@Offset(28.5, 2.0), RenderSemanticsAnnotations#754fd@Offset(28.5, 2.0), RenderMergeSemantics#96843@Offset(28.5, 2.0), _TabLabelBarRenderer#080ca@Offset(187.0, 2.0), RenderCustomPaint#0f164@Offset(187.0, 2.0), RenderSemanticsAnnotations#320ef@Offset(187.0, 2.0), RenderPadding#5126f@Offset(195.0, 2.0), _RenderSingleChildViewport#3b2cb@Offset(195.0, 2.0), RenderIgnorePointer#87916@Offset(195.0, 2.0), RenderSemanticsAnnotations#718b1@Offset(195.0, 2.0), RenderPointerListener#6c5d0@Offset(195.0, 2.0), RenderSemanticsGestureHandler#e885f@Offset(195.0, 2.0), RenderPointerListener#3488a@Offset(195.0, 2.0), _RenderScrollSemantics#16b66@Offset(195.0, 2.0), RenderPositionedBox#c39f0@Offset(195.0, 2.0), _RenderInkFeatures#1bd2e@Offset(195.0, 2.0), RenderCustomPaint#2ced9@Offset(195.0, 2.0), RenderClipPath#7e793@Offset(195.0, 2.0), RenderFlex#ccb56@Offset(195.0, 2.0), RenderConstrainedBox#5dc9c@Offset(195.0, 2.0), RenderConstrainedBox#bb23f@Offset(195.0, 2.0), RenderPositionedBox#cc4c6@Offset(195.0, 2.0), RenderPadding#a8da6@Offset(195.0, 2.0), RenderCustomMultiChildLayoutBox#0c49b@Offset(195.0, 96.0), _RenderInkFeatures#fcf4d@Offset(195.0, 96.0), RenderPhysicalModel#cb63c@Offset(195.0, 96.0), RenderIndexedStack#fbc5b@Offset(195.0, 96.0), RenderAnimatedOpacity#48185@Offset(195.0, 96.0), RenderClipRect#45249@Offset(195.0, 96.0), _RenderLayoutBuilder#d802d@Offset(195.0, 96.0), RenderCustomMultiChildLayoutBox#a3f2d@Offset(195.0, 96.0), _RenderInkFeatures#8951d@Offset(195.0, 96.0), RenderPhysicalModel#208b4@Offset(195.0, 96.0), RenderSemanticsAnnotations#1ab03@Offset(195.0, 96.0), RenderRepaintBoundary#06135@Offset(195.0, 96.0), RenderIgnorePointer#b83fe@Offset(195.0, 96.0), RenderAnimatedOpacity#e33c5@Offset(195.0, 96.0), RenderRepaintBoundary#8a65e@Offset(195.0, 96.0), RenderSemanticsAnnotations#51418@Offset(195.0, 96.0), RenderOffstage#1ef19@Offset(195.0, 96.0), RenderSemanticsAnnotations#4c118@Offset(195.0, 96.0), _RenderTheater#6f3f2@Offset(195.0, 96.0), RenderAbsorbPointer#44a97@Offset(195.0, 96.0), RenderPointerListener#a6cfa@Offset(195.0, 96.0), RenderSemanticsAnnotations#d7353@Offset(195.0, 96.0), RenderSemanticsAnnotations#9d2a6@Offset(195.0, 96.0), RenderSemanticsAnnotations#6cd2b@Offset(195.0, 96.0), RenderSemanticsAnnotations#fd4ec@Offset(195.0, 96.0), RenderTapRegionSurface#8849c@Offset(195.0, 96.0), RenderSemanticsAnnotations#8d618@Offset(195.0, 96.0), RenderSemanticsAnnotations#0e6f4@Offset(195.0, 96.0), RenderRepaintBoundary#d5d54@Offset(195.0, 96.0), HitTestEntry<HitTestTarget>#7973e(_ReusableRenderView#9d378), HitTestEntry<HitTestTarget>#66fbf(<AutomatedTestWidgetsFlutterBinding>))
#0      WidgetController._getElementPoint (package:flutter_test/src/controller.dart:2165:25)
#1      WidgetController.getCenter (package:flutter_test/src/controller.dart:1947:12)
#2      WidgetController.drag (package:flutter_test/src/controller.dart:1604:7)
#3      WidgetController.dragUntilVisible.<anonymous closure> (package:flutter_test/src/controller.dart:2483:17)
<asynchronous suspension>
#4      TestAsyncUtils.guard.<anonymous closure> (package:flutter_test/src/test_async_utils.dart:130:27)
<asynchronous suspension>
#5      WidgetController.scrollUntilVisible.<anonymous closure> (package:flutter_test/src/controller.dart:2439:7)
<asynchronous suspension>
#6      TestAsyncUtils.guard.<anonymous closure> (package:flutter_test/src/test_async_utils.dart:130:27)
<asynchronous suspension>
#7      main.<anonymous closure> (file:///home/runner/work/streetlift-apk/streetlift-apk/streetlift_tracker/test/visual_capture_test.dart:201:13)
<asynchronous suspension>
#8      testWidgets.<anonymous closure>.<anonymous closure> (package:flutter_test/src/widget_tester.dart:192:15)
<asynchronous suspension>
#9      TestWidgetsFlutterBinding._runTestBody (package:flutter_test/src/binding.dart:1953:5)
<asynchronous suspension>
#10     StackZoneSpecification._registerCallback.<anonymous closure> (package:stack_trace/src/stack_zone_specification.dart:114:42)
<asynchronous suspension>
To silence this warning, pass "warnIfMissed: false" to "drag()".
To make this warning fatal, set WidgetController.hitTestWarningShouldBeFatal to true.


Warning: A call to drag() with finder "Found 1 widget with type "Scrollable" descending from widget with type "StatsScreen" (ignoring all but last): [
  Scrollable(axisDirection: right, physics: null, restorationId: null, dependencies: [InheritedCupertinoTheme, MediaQuery, ScrollConfiguration, UnmanagedRestorationScope, _InheritedTheme, _LocalizationsScope-[GlobalKey#d2101]], state: ScrollableState#a99d0(position: ScrollPositionWithSingleContext#ab9cf(offset: 280.0, range: 0.0..768.0, viewport: 350.0, ScrollableState, ClampingScrollPhysics -> RangeMaintainingScrollPhysics, IdleScrollActivity#3610b, ScrollDirection.idle), effective physics: ClampingScrollPhysics -> RangeMaintainingScrollPhysics)),
]" derived an Offset (Offset(195.0, 96.0)) that would not hit test on the specified widget.
Maybe the widget is actually off-screen, or another widget is obscuring it, or the widget cannot receive pointer events.
The finder corresponds to this RenderBox: RenderClipRect#709fa relayoutBoundary=up5
The hit test result at that offset is: HitTestResult(RenderPointerListener#0926b@Offset(28.5, 2.0), RenderSemanticsAnnotations#89d2c@Offset(28.5, 2.0), RenderMouseRegion#025ed@Offset(28.5, 2.0), RenderSemanticsAnnotations#754fd@Offset(28.5, 2.0), RenderMergeSemantics#96843@Offset(28.5, 2.0), _TabLabelBarRenderer#080ca@Offset(187.0, 2.0), RenderCustomPaint#0f164@Offset(187.0, 2.0), RenderSemanticsAnnotations#320ef@Offset(187.0, 2.0), RenderPadding#5126f@Offset(195.0, 2.0), _RenderSingleChildViewport#3b2cb@Offset(195.0, 2.0), RenderIgnorePointer#87916@Offset(195.0, 2.0), RenderSemanticsAnnotations#718b1@Offset(195.0, 2.0), RenderPointerListener#6c5d0@Offset(195.0, 2.0), RenderSemanticsGestureHandler#e885f@Offset(195.0, 2.0), RenderPointerListener#3488a@Offset(195.0, 2.0), _RenderScrollSemantics#16b66@Offset(195.0, 2.0), RenderPositionedBox#c39f0@Offset(195.0, 2.0), _RenderInkFeatures#1bd2e@Offset(195.0, 2.0), RenderCustomPaint#2ced9@Offset(195.0, 2.0), RenderClipPath#7e793@Offset(195.0, 2.0), RenderFlex#ccb56@Offset(195.0, 2.0), RenderConstrainedBox#5dc9c@Offset(195.0, 2.0), RenderConstrainedBox#bb23f@Offset(195.0, 2.0), RenderPositionedBox#cc4c6@Offset(195.0, 2.0), RenderPadding#a8da6@Offset(195.0, 2.0), RenderCustomMultiChildLayoutBox#0c49b@Offset(195.0, 96.0), _RenderInkFeatures#fcf4d@Offset(195.0, 96.0), RenderPhysicalModel#cb63c@Offset(195.0, 96.0), RenderIndexedStack#fbc5b@Offset(195.0, 96.0), RenderAnimatedOpacity#48185@Offset(195.0, 96.0), RenderClipRect#45249@Offset(195.0, 96.0), _RenderLayoutBuilder#d802d@Offset(195.0, 96.0), RenderCustomMultiChildLayoutBox#a3f2d@Offset(195.0, 96.0), _RenderInkFeatures#8951d@Offset(195.0, 96.0), RenderPhysicalModel#208b4@Offset(195.0, 96.0), RenderSemanticsAnnotations#1ab03@Offset(195.0, 96.0), RenderRepaintBoundary#06135@Offset(195.0, 96.0), RenderIgnorePointer#b83fe@Offset(195.0, 96.0), RenderAnimatedOpacity#e33c5@Offset(195.0, 96.0), RenderRepaintBoundary#8a65e@Offset(195.0, 96.0), RenderSemanticsAnnotations#51418@Offset(195.0, 96.0), RenderOffstage#1ef19@Offset(195.0, 96.0), RenderSemanticsAnnotations#4c118@Offset(195.0, 96.0), _RenderTheater#6f3f2@Offset(195.0, 96.0), RenderAbsorbPointer#44a97@Offset(195.0, 96.0), RenderPointerListener#a6cfa@Offset(195.0, 96.0), RenderSemanticsAnnotations#d7353@Offset(195.0, 96.0), RenderSemanticsAnnotations#9d2a6@Offset(195.0, 96.0), RenderSemanticsAnnotations#6cd2b@Offset(195.0, 96.0), RenderSemanticsAnnotations#fd4ec@Offset(195.0, 96.0), RenderTapRegionSurface#8849c@Offset(195.0, 96.0), RenderSemanticsAnnotations#8d618@Offset(195.0, 96.0), RenderSemanticsAnnotations#0e6f4@Offset(195.0, 96.0), RenderRepaintBoundary#d5d54@Offset(195.0, 96.0), HitTestEntry<HitTestTarget>#d2b90(_ReusableRenderView#9d378), HitTestEntry<HitTestTarget>#b9eaf(<AutomatedTestWidgetsFlutterBinding>))
#0      WidgetController._getElementPoint (package:flutter_test/src/controller.dart:2165:25)
#1      WidgetController.getCenter (package:flutter_test/src/controller.dart:1947:12)
#2      WidgetController.drag (package:flutter_test/src/controller.dart:1604:7)
#3      WidgetController.dragUntilVisible.<anonymous closure> (package:flutter_test/src/controller.dart:2483:17)
<asynchronous suspension>
#4      TestAsyncUtils.guard.<anonymous closure> (package:flutter_test/src/test_async_utils.dart:130:27)
<asynchronous suspension>
#5      WidgetController.scrollUntilVisible.<anonymous closure> (package:flutter_test/src/controller.dart:2439:7)
<asynchronous suspension>
#6      TestAsyncUtils.guard.<anonymous closure> (package:flutter_test/src/test_async_utils.dart:130:27)
<asynchronous suspension>
#7      main.<anonymous closure> (file:///home/runner/work/streetlift-apk/streetlift-apk/streetlift_tracker/test/visual_capture_test.dart:201:13)
<asynchronous suspension>
#8      testWidgets.<anonymous closure>.<anonymous closure> (package:flutter_test/src/widget_tester.dart:192:15)
<asynchronous suspension>
#9      TestWidgetsFlutterBinding._runTestBody (package:flutter_test/src/binding.dart:1953:5)
<asynchronous suspension>
#10     StackZoneSpecification._registerCallback.<anonymous closure> (package:stack_trace/src/stack_zone_specification.dart:114:42)
<asynchronous suspension>
To silence this warning, pass "warnIfMissed: false" to "drag()".
To make this warning fatal, set WidgetController.hitTestWarningShouldBeFatal to true.


Warning: A call to drag() with finder "Found 1 widget with type "Scrollable" descending from widget with type "StatsScreen" (ignoring all but last): [
  Scrollable(axisDirection: right, physics: null, restorationId: null, dependencies: [InheritedCupertinoTheme, MediaQuery, ScrollConfiguration, UnmanagedRestorationScope, _InheritedTheme, _LocalizationsScope-[GlobalKey#d2101]], state: ScrollableState#a99d0(position: ScrollPositionWithSingleContext#ab9cf(offset: 280.0, range: 0.0..768.0, viewport: 350.0, ScrollableState, ClampingScrollPhysics -> RangeMaintainingScrollPhysics, IdleScrollActivity#3610b, ScrollDirection.idle), effective physics: ClampingScrollPhysics -> RangeMaintainingScrollPhysics)),
]" derived an Offset (Offset(195.0, 96.0)) that would not hit test on the specified widget.
Maybe the widget is actually off-screen, or another widget is obscuring it, or the widget cannot receive pointer events.
The finder corresponds to this RenderBox: RenderClipRect#709fa relayoutBoundary=up5
The hit test result at that offset is: HitTestResult(RenderPointerListener#0926b@Offset(28.5, 2.0), RenderSemanticsAnnotations#89d2c@Offset(28.5, 2.0), RenderMouseRegion#025ed@Offset(28.5, 2.0), RenderSemanticsAnnotations#754fd@Offset(28.5, 2.0), RenderMergeSemantics#96843@Offset(28.5, 2.0), _TabLabelBarRenderer#080ca@Offset(187.0, 2.0), RenderCustomPaint#0f164@Offset(187.0, 2.0), RenderSemanticsAnnotations#320ef@Offset(187.0, 2.0), RenderPadding#5126f@Offset(195.0, 2.0), _RenderSingleChildViewport#3b2cb@Offset(195.0, 2.0), RenderIgnorePointer#87916@Offset(195.0, 2.0), RenderSemanticsAnnotations#718b1@Offset(195.0, 2.0), RenderPointerListener#6c5d0@Offset(195.0, 2.0), RenderSemanticsGestureHandler#e885f@Offset(195.0, 2.0), RenderPointerListener#3488a@Offset(195.0, 2.0), _RenderScrollSemantics#16b66@Offset(195.0, 2.0), RenderPositionedBox#c39f0@Offset(195.0, 2.0), _RenderInkFeatures#1bd2e@Offset(195.0, 2.0), RenderCustomPaint#2ced9@Offset(195.0, 2.0), RenderClipPath#7e793@Offset(195.0, 2.0), RenderFlex#ccb56@Offset(195.0, 2.0), RenderConstrainedBox#5dc9c@Offset(195.0, 2.0), RenderConstrainedBox#bb23f@Offset(195.0, 2.0), RenderPositionedBox#cc4c6@Offset(195.0, 2.0), RenderPadding#a8da6@Offset(195.0, 2.0), RenderCustomMultiChildLayoutBox#0c49b@Offset(195.0, 96.0), _RenderInkFeatures#fcf4d@Offset(195.0, 96.0), RenderPhysicalModel#cb63c@Offset(195.0, 96.0), RenderIndexedStack#fbc5b@Offset(195.0, 96.0), RenderAnimatedOpacity#48185@Offset(195.0, 96.0), RenderClipRect#45249@Offset(195.0, 96.0), _RenderLayoutBuilder#d802d@Offset(195.0, 96.0), RenderCustomMultiChildLayoutBox#a3f2d@Offset(195.0, 96.0), _RenderInkFeatures#8951d@Offset(195.0, 96.0), RenderPhysicalModel#208b4@Offset(195.0, 96.0), RenderSemanticsAnnotations#1ab03@Offset(195.0, 96.0), RenderRepaintBoundary#06135@Offset(195.0, 96.0), RenderIgnorePointer#b83fe@Offset(195.0, 96.0), RenderAnimatedOpacity#e33c5@Offset(195.0, 96.0), RenderRepaintBoundary#8a65e@Offset(195.0, 96.0), RenderSemanticsAnnotations#51418@Offset(195.0, 96.0), RenderOffstage#1ef19@Offset(195.0, 96.0), RenderSemanticsAnnotations#4c118@Offset(195.0, 96.0), _RenderTheater#6f3f2@Offset(195.0, 96.0), RenderAbsorbPointer#44a97@Offset(195.0, 96.0), RenderPointerListener#a6cfa@Offset(195.0, 96.0), RenderSemanticsAnnotations#d7353@Offset(195.0, 96.0), RenderSemanticsAnnotations#9d2a6@Offset(195.0, 96.0), RenderSemanticsAnnotations#6cd2b@Offset(195.0, 96.0), RenderSemanticsAnnotations#fd4ec@Offset(195.0, 96.0), RenderTapRegionSurface#8849c@Offset(195.0, 96.0), RenderSemanticsAnnotations#8d618@Offset(195.0, 96.0), RenderSemanticsAnnotations#0e6f4@Offset(195.0, 96.0), RenderRepaintBoundary#d5d54@Offset(195.0, 96.0), HitTestEntry<HitTestTarget>#77153(_ReusableRenderView#9d378), HitTestEntry<HitTestTarget>#f1f3c(<AutomatedTestWidgetsFlutterBinding>))
#0      WidgetController._getElementPoint (package:flutter_test/src/controller.dart:2165:25)
#1      WidgetController.getCenter (package:flutter_test/src/controller.dart:1947:12)
#2      WidgetController.drag (package:flutter_test/src/controller.dart:1604:7)
#3      WidgetController.dragUntilVisible.<anonymous closure> (package:flutter_test/src/controller.dart:2483:17)
<asynchronous suspension>
#4      TestAsyncUtils.guard.<anonymous closure> (package:flutter_test/src/test_async_utils.dart:130:27)
<asynchronous suspension>
#5      WidgetController.scrollUntilVisible.<anonymous closure> (package:flutter_test/src/controller.dart:2439:7)
<asynchronous suspension>
#6      TestAsyncUtils.guard.<anonymous closure> (package:flutter_test/src/test_async_utils.dart:130:27)
<asynchronous suspension>
#7      main.<anonymous closure> (file:///home/runner/work/streetlift-apk/streetlift-apk/streetlift_tracker/test/visual_capture_test.dart:201:13)
<asynchronous suspension>
#8      testWidgets.<anonymous closure>.<anonymous closure> (package:flutter_test/src/widget_tester.dart:192:15)
<asynchronous suspension>
#9      TestWidgetsFlutterBinding._runTestBody (package:flutter_test/src/binding.dart:1953:5)
<asynchronous suspension>
#10     StackZoneSpecification._registerCallback.<anonymous closure> (package:stack_trace/src/stack_zone_specification.dart:114:42)
<asynchronous suspension>
To silence this warning, pass "warnIfMissed: false" to "drag()".
To make this warning fatal, set WidgetController.hitTestWarningShouldBeFatal to true.


Warning: A call to drag() with finder "Found 1 widget with type "Scrollable" descending from widget with type "StatsScreen" (ignoring all but last): [
  Scrollable(axisDirection: right, physics: null, restorationId: null, dependencies: [InheritedCupertinoTheme, MediaQuery, ScrollConfiguration, UnmanagedRestorationScope, _InheritedTheme, _LocalizationsScope-[GlobalKey#d2101]], state: ScrollableState#a99d0(position: ScrollPositionWithSingleContext#ab9cf(offset: 280.0, range: 0.0..768.0, viewport: 350.0, ScrollableState, ClampingScrollPhysics -> RangeMaintainingScrollPhysics, IdleScrollActivity#3610b, ScrollDirection.idle), effective physics: ClampingScrollPhysics -> RangeMaintainingScrollPhysics)),
]" derived an Offset (Offset(195.0, 96.0)) that would not hit test on the specified widget.
Maybe the widget is actually off-screen, or another widget is obscuring it, or the widget cannot receive pointer events.
The finder corresponds to this RenderBox: RenderClipRect#709fa relayoutBoundary=up5
The hit test result at that offset is: HitTestResult(RenderPointerListener#0926b@Offset(28.5, 2.0), RenderSemanticsAnnotations#89d2c@Offset(28.5, 2.0), RenderMouseRegion#025ed@Offset(28.5, 2.0), RenderSemanticsAnnotations#754fd@Offset(28.5, 2.0), RenderMergeSemantics#96843@Offset(28.5, 2.0), _TabLabelBarRenderer#080ca@Offset(187.0, 2.0), RenderCustomPaint#0f164@Offset(187.0, 2.0), RenderSemanticsAnnotations#320ef@Offset(187.0, 2.0), RenderPadding#5126f@Offset(195.0, 2.0), _RenderSingleChildViewport#3b2cb@Offset(195.0, 2.0), RenderIgnorePointer#87916@Offset(195.0, 2.0), RenderSemanticsAnnotations#718b1@Offset(195.0, 2.0), RenderPointerListener#6c5d0@Offset(195.0, 2.0), RenderSemanticsGestureHandler#e885f@Offset(195.0, 2.0), RenderPointerListener#3488a@Offset(195.0, 2.0), _RenderScrollSemantics#16b66@Offset(195.0, 2.0), RenderPositionedBox#c39f0@Offset(195.0, 2.0), _RenderInkFeatures#1bd2e@Offset(195.0, 2.0), RenderCustomPaint#2ced9@Offset(195.0, 2.0), RenderClipPath#7e793@Offset(195.0, 2.0), RenderFlex#ccb56@Offset(195.0, 2.0), RenderConstrainedBox#5dc9c@Offset(195.0, 2.0), RenderConstrainedBox#bb23f@Offset(195.0, 2.0), RenderPositionedBox#cc4c6@Offset(195.0, 2.0), RenderPadding#a8da6@Offset(195.0, 2.0), RenderCustomMultiChildLayoutBox#0c49b@Offset(195.0, 96.0), _RenderInkFeatures#fcf4d@Offset(195.0, 96.0), RenderPhysicalModel#cb63c@Offset(195.0, 96.0), RenderIndexedStack#fbc5b@Offset(195.0, 96.0), RenderAnimatedOpacity#48185@Offset(195.0, 96.0), RenderClipRect#45249@Offset(195.0, 96.0), _RenderLayoutBuilder#d802d@Offset(195.0, 96.0), RenderCustomMultiChildLayoutBox#a3f2d@Offset(195.0, 96.0), _RenderInkFeatures#8951d@Offset(195.0, 96.0), RenderPhysicalModel#208b4@Offset(195.0, 96.0), RenderSemanticsAnnotations#1ab03@Offset(195.0, 96.0), RenderRepaintBoundary#06135@Offset(195.0, 96.0), RenderIgnorePointer#b83fe@Offset(195.0, 96.0), RenderAnimatedOpacity#e33c5@Offset(195.0, 96.0), RenderRepaintBoundary#8a65e@Offset(195.0, 96.0), RenderSemanticsAnnotations#51418@Offset(195.0, 96.0), RenderOffstage#1ef19@Offset(195.0, 96.0), RenderSemanticsAnnotations#4c118@Offset(195.0, 96.0), _RenderTheater#6f3f2@Offset(195.0, 96.0), RenderAbsorbPointer#44a97@Offset(195.0, 96.0), RenderPointerListener#a6cfa@Offset(195.0, 96.0), RenderSemanticsAnnotations#d7353@Offset(195.0, 96.0), RenderSemanticsAnnotations#9d2a6@Offset(195.0, 96.0), RenderSemanticsAnnotations#6cd2b@Offset(195.0, 96.0), RenderSemanticsAnnotations#fd4ec@Offset(195.0, 96.0), RenderTapRegionSurface#8849c@Offset(195.0, 96.0), RenderSemanticsAnnotations#8d618@Offset(195.0, 96.0), RenderSemanticsAnnotations#0e6f4@Offset(195.0, 96.0), RenderRepaintBoundary#d5d54@Offset(195.0, 96.0), HitTestEntry<HitTestTarget>#2c91f(_ReusableRenderView#9d378), HitTestEntry<HitTestTarget>#32c3c(<AutomatedTestWidgetsFlutterBinding>))
#0      WidgetController._getElementPoint (package:flutter_test/src/controller.dart:2165:25)
#1      WidgetController.getCenter (package:flutter_test/src/controller.dart:1947:12)
#2      WidgetController.drag (package:flutter_test/src/controller.dart:1604:7)
#3      WidgetController.dragUntilVisible.<anonymous closure> (package:flutter_test/src/controller.dart:2483:17)
<asynchronous suspension>
#4      TestAsyncUtils.guard.<anonymous closure> (package:flutter_test/src/test_async_utils.dart:130:27)
<asynchronous suspension>
#5      WidgetController.scrollUntilVisible.<anonymous closure> (package:flutter_test/src/controller.dart:2439:7)
<asynchronous suspension>
#6      TestAsyncUtils.guard.<anonymous closure> (package:flutter_test/src/test_async_utils.dart:130:27)
<asynchronous suspension>
#7      main.<anonymous closure> (file:///home/runner/work/streetlift-apk/streetlift-apk/streetlift_tracker/test/visual_capture_test.dart:201:13)
<asynchronous suspension>
#8      testWidgets.<anonymous closure>.<anonymous closure> (package:flutter_test/src/widget_tester.dart:192:15)
<asynchronous suspension>
#9      TestWidgetsFlutterBinding._runTestBody (package:flutter_test/src/binding.dart:1953:5)
<asynchronous suspension>
#10     StackZoneSpecification._registerCallback.<anonymous closure> (package:stack_trace/src/stack_zone_specification.dart:114:42)
<asynchronous suspension>
To silence this warning, pass "warnIfMissed: false" to "drag()".
To make this warning fatal, set WidgetController.hitTestWarningShouldBeFatal to true.


Warning: A call to drag() with finder "Found 1 widget with type "Scrollable" descending from widget with type "StatsScreen" (ignoring all but last): [
  Scrollable(axisDirection: right, physics: null, restorationId: null, dependencies: [InheritedCupertinoTheme, MediaQuery, ScrollConfiguration, UnmanagedRestorationScope, _InheritedTheme, _LocalizationsScope-[GlobalKey#d2101]], state: ScrollableState#a99d0(position: ScrollPositionWithSingleContext#ab9cf(offset: 280.0, range: 0.0..768.0, viewport: 350.0, ScrollableState, ClampingScrollPhysics -> RangeMaintainingScrollPhysics, IdleScrollActivity#3610b, ScrollDirection.idle), effective physics: ClampingScrollPhysics -> RangeMaintainingScrollPhysics)),
]" derived an Offset (Offset(195.0, 96.0)) that would not hit test on the specified widget.
Maybe the widget is actually off-screen, or another widget is obscuring it, or the widget cannot receive pointer events.
The finder corresponds to this RenderBox: RenderClipRect#709fa relayoutBoundary=up5
The hit test result at that offset is: HitTestResult(RenderPointerListener#0926b@Offset(28.5, 2.0), RenderSemanticsAnnotations#89d2c@Offset(28.5, 2.0), RenderMouseRegion#025ed@Offset(28.5, 2.0), RenderSemanticsAnnotations#754fd@Offset(28.5, 2.0), RenderMergeSemantics#96843@Offset(28.5, 2.0), _TabLabelBarRenderer#080ca@Offset(187.0, 2.0), RenderCustomPaint#0f164@Offset(187.0, 2.0), RenderSemanticsAnnotations#320ef@Offset(187.0, 2.0), RenderPadding#5126f@Offset(195.0, 2.0), _RenderSingleChildViewport#3b2cb@Offset(195.0, 2.0), RenderIgnorePointer#87916@Offset(195.0, 2.0), RenderSemanticsAnnotations#718b1@Offset(195.0, 2.0), RenderPointerListener#6c5d0@Offset(195.0, 2.0), RenderSemanticsGestureHandler#e885f@Offset(195.0, 2.0), RenderPointerListener#3488a@Offset(195.0, 2.0), _RenderScrollSemantics#16b66@Offset(195.0, 2.0), RenderPositionedBox#c39f0@Offset(195.0, 2.0), _RenderInkFeatures#1bd2e@Offset(195.0, 2.0), RenderCustomPaint#2ced9@Offset(195.0, 2.0), RenderClipPath#7e793@Offset(195.0, 2.0), RenderFlex#ccb56@Offset(195.0, 2.0), RenderConstrainedBox#5dc9c@Offset(195.0, 2.0), RenderConstrainedBox#bb23f@Offset(195.0, 2.0), RenderPositionedBox#cc4c6@Offset(195.0, 2.0), RenderPadding#a8da6@Offset(195.0, 2.0), RenderCustomMultiChildLayoutBox#0c49b@Offset(195.0, 96.0), _RenderInkFeatures#fcf4d@Offset(195.0, 96.0), RenderPhysicalModel#cb63c@Offset(195.0, 96.0), RenderIndexedStack#fbc5b@Offset(195.0, 96.0), RenderAnimatedOpacity#48185@Offset(195.0, 96.0), RenderClipRect#45249@Offset(195.0, 96.0), _RenderLayoutBuilder#d802d@Offset(195.0, 96.0), RenderCustomMultiChildLayoutBox#a3f2d@Offset(195.0, 96.0), _RenderInkFeatures#8951d@Offset(195.0, 96.0), RenderPhysicalModel#208b4@Offset(195.0, 96.0), RenderSemanticsAnnotations#1ab03@Offset(195.0, 96.0), RenderRepaintBoundary#06135@Offset(195.0, 96.0), RenderIgnorePointer#b83fe@Offset(195.0, 96.0), RenderAnimatedOpacity#e33c5@Offset(195.0, 96.0), RenderRepaintBoundary#8a65e@Offset(195.0, 96.0), RenderSemanticsAnnotations#51418@Offset(195.0, 96.0), RenderOffstage#1ef19@Offset(195.0, 96.0), RenderSemanticsAnnotations#4c118@Offset(195.0, 96.0), _RenderTheater#6f3f2@Offset(195.0, 96.0), RenderAbsorbPointer#44a97@Offset(195.0, 96.0), RenderPointerListener#a6cfa@Offset(195.0, 96.0), RenderSemanticsAnnotations#d7353@Offset(195.0, 96.0), RenderSemanticsAnnotations#9d2a6@Offset(195.0, 96.0), RenderSemanticsAnnotations#6cd2b@Offset(195.0, 96.0), RenderSemanticsAnnotations#fd4ec@Offset(195.0, 96.0), RenderTapRegionSurface#8849c@Offset(195.0, 96.0), RenderSemanticsAnnotations#8d618@Offset(195.0, 96.0), RenderSemanticsAnnotations#0e6f4@Offset(195.0, 96.0), RenderRepaintBoundary#d5d54@Offset(195.0, 96.0), HitTestEntry<HitTestTarget>#c8f2f(_ReusableRenderView#9d378), HitTestEntry<HitTestTarget>#596c3(<AutomatedTestWidgetsFlutterBinding>))
#0      WidgetController._getElementPoint (package:flutter_test/src/controller.dart:2165:25)
#1      WidgetController.getCenter (package:flutter_test/src/controller.dart:1947:12)
#2      WidgetController.drag (package:flutter_test/src/controller.dart:1604:7)
#3      WidgetController.dragUntilVisible.<anonymous closure> (package:flutter_test/src/controller.dart:2483:17)
<asynchronous suspension>
#4      TestAsyncUtils.guard.<anonymous closure> (package:flutter_test/src/test_async_utils.dart:130:27)
<asynchronous suspension>
#5      WidgetController.scrollUntilVisible.<anonymous closure> (package:flutter_test/src/controller.dart:2439:7)
<asynchronous suspension>
#6      TestAsyncUtils.guard.<anonymous closure> (package:flutter_test/src/test_async_utils.dart:130:27)
<asynchronous suspension>
#7      main.<anonymous closure> (file:///home/runner/work/streetlift-apk/streetlift-apk/streetlift_tracker/test/visual_capture_test.dart:201:13)
<asynchronous suspension>
#8      testWidgets.<anonymous closure>.<anonymous closure> (package:flutter_test/src/widget_tester.dart:192:15)
<asynchronous suspension>
#9      TestWidgetsFlutterBinding._runTestBody (package:flutter_test/src/binding.dart:1953:5)
<asynchronous suspension>
#10     StackZoneSpecification._registerCallback.<anonymous closure> (package:stack_trace/src/stack_zone_specification.dart:114:42)
<asynchronous suspension>
To silence this warning, pass "warnIfMissed: false" to "drag()".
To make this warning fatal, set WidgetController.hitTestWarningShouldBeFatal to true.


Warning: A call to drag() with finder "Found 1 widget with type "Scrollable" descending from widget with type "StatsScreen" (ignoring all but last): [
  Scrollable(axisDirection: right, physics: null, restorationId: null, dependencies: [InheritedCupertinoTheme, MediaQuery, ScrollConfiguration, UnmanagedRestorationScope, _InheritedTheme, _LocalizationsScope-[GlobalKey#d2101]], state: ScrollableState#a99d0(position: ScrollPositionWithSingleContext#ab9cf(offset: 280.0, range: 0.0..768.0, viewport: 350.0, ScrollableState, ClampingScrollPhysics -> RangeMaintainingScrollPhysics, IdleScrollActivity#3610b, ScrollDirection.idle), effective physics: ClampingScrollPhysics -> RangeMaintainingScrollPhysics)),
]" derived an Offset (Offset(195.0, 96.0)) that would not hit test on the specified widget.
Maybe the widget is actually off-screen, or another widget is obscuring it, or the widget cannot receive pointer events.
The finder corresponds to this RenderBox: RenderClipRect#709fa relayoutBoundary=up5
The hit test result at that offset is: HitTestResult(RenderPointerListener#0926b@Offset(28.5, 2.0), RenderSemanticsAnnotations#89d2c@Offset(28.5, 2.0), RenderMouseRegion#025ed@Offset(28.5, 2.0), RenderSemanticsAnnotations#754fd@Offset(28.5, 2.0), RenderMergeSemantics#96843@Offset(28.5, 2.0), _TabLabelBarRenderer#080ca@Offset(187.0, 2.0), RenderCustomPaint#0f164@Offset(187.0, 2.0), RenderSemanticsAnnotations#320ef@Offset(187.0, 2.0), RenderPadding#5126f@Offset(195.0, 2.0), _RenderSingleChildViewport#3b2cb@Offset(195.0, 2.0), RenderIgnorePointer#87916@Offset(195.0, 2.0), RenderSemanticsAnnotations#718b1@Offset(195.0, 2.0), RenderPointerListener#6c5d0@Offset(195.0, 2.0), RenderSemanticsGestureHandler#e885f@Offset(195.0, 2.0), RenderPointerListener#3488a@Offset(195.0, 2.0), _RenderScrollSemantics#16b66@Offset(195.0, 2.0), RenderPositionedBox#c39f0@Offset(195.0, 2.0), _RenderInkFeatures#1bd2e@Offset(195.0, 2.0), RenderCustomPaint#2ced9@Offset(195.0, 2.0), RenderClipPath#7e793@Offset(195.0, 2.0), RenderFlex#ccb56@Offset(195.0, 2.0), RenderConstrainedBox#5dc9c@Offset(195.0, 2.0), RenderConstrainedBox#bb23f@Offset(195.0, 2.0), RenderPositionedBox#cc4c6@Offset(195.0, 2.0), RenderPadding#a8da6@Offset(195.0, 2.0), RenderCustomMultiChildLayoutBox#0c49b@Offset(195.0, 96.0), _RenderInkFeatures#fcf4d@Offset(195.0, 96.0), RenderPhysicalModel#cb63c@Offset(195.0, 96.0), RenderIndexedStack#fbc5b@Offset(195.0, 96.0), RenderAnimatedOpacity#48185@Offset(195.0, 96.0), RenderClipRect#45249@Offset(195.0, 96.0), _RenderLayoutBuilder#d802d@Offset(195.0, 96.0), RenderCustomMultiChildLayoutBox#a3f2d@Offset(195.0, 96.0), _RenderInkFeatures#8951d@Offset(195.0, 96.0), RenderPhysicalModel#208b4@Offset(195.0, 96.0), RenderSemanticsAnnotations#1ab03@Offset(195.0, 96.0), RenderRepaintBoundary#06135@Offset(195.0, 96.0), RenderIgnorePointer#b83fe@Offset(195.0, 96.0), RenderAnimatedOpacity#e33c5@Offset(195.0, 96.0), RenderRepaintBoundary#8a65e@Offset(195.0, 96.0), RenderSemanticsAnnotations#51418@Offset(195.0, 96.0), RenderOffstage#1ef19@Offset(195.0, 96.0), RenderSemanticsAnnotations#4c118@Offset(195.0, 96.0), _RenderTheater#6f3f2@Offset(195.0, 96.0), RenderAbsorbPointer#44a97@Offset(195.0, 96.0), RenderPointerListener#a6cfa@Offset(195.0, 96.0), RenderSemanticsAnnotations#d7353@Offset(195.0, 96.0), RenderSemanticsAnnotations#9d2a6@Offset(195.0, 96.0), RenderSemanticsAnnotations#6cd2b@Offset(195.0, 96.0), RenderSemanticsAnnotations#fd4ec@Offset(195.0, 96.0), RenderTapRegionSurface#8849c@Offset(195.0, 96.0), RenderSemanticsAnnotations#8d618@Offset(195.0, 96.0), RenderSemanticsAnnotations#0e6f4@Offset(195.0, 96.0), RenderRepaintBoundary#d5d54@Offset(195.0, 96.0), HitTestEntry<HitTestTarget>#f1a3c(_ReusableRenderView#9d378), HitTestEntry<HitTestTarget>#091d7(<AutomatedTestWidgetsFlutterBinding>))
#0      WidgetController._getElementPoint (package:flutter_test/src/controller.dart:2165:25)
#1      WidgetController.getCenter (package:flutter_test/src/controller.dart:1947:12)
#2      WidgetController.drag (package:flutter_test/src/controller.dart:1604:7)
#3      WidgetController.dragUntilVisible.<anonymous closure> (package:flutter_test/src/controller.dart:2483:17)
<asynchronous suspension>
#4      TestAsyncUtils.guard.<anonymous closure> (package:flutter_test/src/test_async_utils.dart:130:27)
<asynchronous suspension>
#5      WidgetController.scrollUntilVisible.<anonymous closure> (package:flutter_test/src/controller.dart:2439:7)
<asynchronous suspension>
#6      TestAsyncUtils.guard.<anonymous closure> (package:flutter_test/src/test_async_utils.dart:130:27)
<asynchronous suspension>
#7      main.<anonymous closure> (file:///home/runner/work/streetlift-apk/streetlift-apk/streetlift_tracker/test/visual_capture_test.dart:201:13)
<asynchronous suspension>
#8      testWidgets.<anonymous closure>.<anonymous closure> (package:flutter_test/src/widget_tester.dart:192:15)
<asynchronous suspension>
#9      TestWidgetsFlutterBinding._runTestBody (package:flutter_test/src/binding.dart:1953:5)
<asynchronous suspension>
#10     StackZoneSpecification._registerCallback.<anonymous closure> (package:stack_trace/src/stack_zone_specification.dart:114:42)
<asynchronous suspension>
To silence this warning, pass "warnIfMissed: false" to "drag()".
To make this warning fatal, set WidgetController.hitTestWarningShouldBeFatal to true.


Warning: A call to drag() with finder "Found 1 widget with type "Scrollable" descending from widget with type "StatsScreen" (ignoring all but last): [
  Scrollable(axisDirection: right, physics: null, restorationId: null, dependencies: [InheritedCupertinoTheme, MediaQuery, ScrollConfiguration, UnmanagedRestorationScope, _InheritedTheme, _LocalizationsScope-[GlobalKey#d2101]], state: ScrollableState#a99d0(position: ScrollPositionWithSingleContext#ab9cf(offset: 280.0, range: 0.0..768.0, viewport: 350.0, ScrollableState, ClampingScrollPhysics -> RangeMaintainingScrollPhysics, IdleScrollActivity#3610b, ScrollDirection.idle), effective physics: ClampingScrollPhysics -> RangeMaintainingScrollPhysics)),
]" derived an Offset (Offset(195.0, 96.0)) that would not hit test on the specified widget.
Maybe the widget is actually off-screen, or another widget is obscuring it, or the widget cannot receive pointer events.
The finder corresponds to this RenderBox: RenderClipRect#709fa relayoutBoundary=up5
The hit test result at that offset is: HitTestResult(RenderPointerListener#0926b@Offset(28.5, 2.0), RenderSemanticsAnnotations#89d2c@Offset(28.5, 2.0), RenderMouseRegion#025ed@Offset(28.5, 2.0), RenderSemanticsAnnotations#754fd@Offset(28.5, 2.0), RenderMergeSemantics#96843@Offset(28.5, 2.0), _TabLabelBarRenderer#080ca@Offset(187.0, 2.0), RenderCustomPaint#0f164@Offset(187.0, 2.0), RenderSemanticsAnnotations#320ef@Offset(187.0, 2.0), RenderPadding#5126f@Offset(195.0, 2.0), _RenderSingleChildViewport#3b2cb@Offset(195.0, 2.0), RenderIgnorePointer#87916@Offset(195.0, 2.0), RenderSemanticsAnnotations#718b1@Offset(195.0, 2.0), RenderPointerListener#6c5d0@Offset(195.0, 2.0), RenderSemanticsGestureHandler#e885f@Offset(195.0, 2.0), RenderPointerListener#3488a@Offset(195.0, 2.0), _RenderScrollSemantics#16b66@Offset(195.0, 2.0), RenderPositionedBox#c39f0@Offset(195.0, 2.0), _RenderInkFeatures#1bd2e@Offset(195.0, 2.0), RenderCustomPaint#2ced9@Offset(195.0, 2.0), RenderClipPath#7e793@Offset(195.0, 2.0), RenderFlex#ccb56@Offset(195.0, 2.0), RenderConstrainedBox#5dc9c@Offset(195.0, 2.0), RenderConstrainedBox#bb23f@Offset(195.0, 2.0), RenderPositionedBox#cc4c6@Offset(195.0, 2.0), RenderPadding#a8da6@Offset(195.0, 2.0), RenderCustomMultiChildLayoutBox#0c49b@Offset(195.0, 96.0), _RenderInkFeatures#fcf4d@Offset(195.0, 96.0), RenderPhysicalModel#cb63c@Offset(195.0, 96.0), RenderIndexedStack#fbc5b@Offset(195.0, 96.0), RenderAnimatedOpacity#48185@Offset(195.0, 96.0), RenderClipRect#45249@Offset(195.0, 96.0), _RenderLayoutBuilder#d802d@Offset(195.0, 96.0), RenderCustomMultiChildLayoutBox#a3f2d@Offset(195.0, 96.0), _RenderInkFeatures#8951d@Offset(195.0, 96.0), RenderPhysicalModel#208b4@Offset(195.0, 96.0), RenderSemanticsAnnotations#1ab03@Offset(195.0, 96.0), RenderRepaintBoundary#06135@Offset(195.0, 96.0), RenderIgnorePointer#b83fe@Offset(195.0, 96.0), RenderAnimatedOpacity#e33c5@Offset(195.0, 96.0), RenderRepaintBoundary#8a65e@Offset(195.0, 96.0), RenderSemanticsAnnotations#51418@Offset(195.0, 96.0), RenderOffstage#1ef19@Offset(195.0, 96.0), RenderSemanticsAnnotations#4c118@Offset(195.0, 96.0), _RenderTheater#6f3f2@Offset(195.0, 96.0), RenderAbsorbPointer#44a97@Offset(195.0, 96.0), RenderPointerListener#a6cfa@Offset(195.0, 96.0), RenderSemanticsAnnotations#d7353@Offset(195.0, 96.0), RenderSemanticsAnnotations#9d2a6@Offset(195.0, 96.0), RenderSemanticsAnnotations#6cd2b@Offset(195.0, 96.0), RenderSemanticsAnnotations#fd4ec@Offset(195.0, 96.0), RenderTapRegionSurface#8849c@Offset(195.0, 96.0), RenderSemanticsAnnotations#8d618@Offset(195.0, 96.0), RenderSemanticsAnnotations#0e6f4@Offset(195.0, 96.0), RenderRepaintBoundary#d5d54@Offset(195.0, 96.0), HitTestEntry<HitTestTarget>#bebc6(_ReusableRenderView#9d378), HitTestEntry<HitTestTarget>#2e651(<AutomatedTestWidgetsFlutterBinding>))
#0      WidgetController._getElementPoint (package:flutter_test/src/controller.dart:2165:25)
#1      WidgetController.getCenter (package:flutter_test/src/controller.dart:1947:12)
#2      WidgetController.drag (package:flutter_test/src/controller.dart:1604:7)
#3      WidgetController.dragUntilVisible.<anonymous closure> (package:flutter_test/src/controller.dart:2483:17)
<asynchronous suspension>
#4      TestAsyncUtils.guard.<anonymous closure> (package:flutter_test/src/test_async_utils.dart:130:27)
<asynchronous suspension>
#5      WidgetController.scrollUntilVisible.<anonymous closure> (package:flutter_test/src/controller.dart:2439:7)
<asynchronous suspension>
#6      TestAsyncUtils.guard.<anonymous closure> (package:flutter_test/src/test_async_utils.dart:130:27)
<asynchronous suspension>
#7      main.<anonymous closure> (file:///home/runner/work/streetlift-apk/streetlift-apk/streetlift_tracker/test/visual_capture_test.dart:201:13)
<asynchronous suspension>
#8      testWidgets.<anonymous closure>.<anonymous closure> (package:flutter_test/src/widget_tester.dart:192:15)
<asynchronous suspension>
#9      TestWidgetsFlutterBinding._runTestBody (package:flutter_test/src/binding.dart:1953:5)
<asynchronous suspension>
#10     StackZoneSpecification._registerCallback.<anonymous closure> (package:stack_trace/src/stack_zone_specification.dart:114:42)
<asynchronous suspension>
To silence this warning, pass "warnIfMissed: false" to "drag()".
To make this warning fatal, set WidgetController.hitTestWarningShouldBeFatal to true.


Warning: A call to drag() with finder "Found 1 widget with type "Scrollable" descending from widget with type "StatsScreen" (ignoring all but last): [
  Scrollable(axisDirection: right, physics: null, restorationId: null, dependencies: [InheritedCupertinoTheme, MediaQuery, ScrollConfiguration, UnmanagedRestorationScope, _InheritedTheme, _LocalizationsScope-[GlobalKey#d2101]], state: ScrollableState#a99d0(position: ScrollPositionWithSingleContext#ab9cf(offset: 280.0, range: 0.0..768.0, viewport: 350.0, ScrollableState, ClampingScrollPhysics -> RangeMaintainingScrollPhysics, IdleScrollActivity#3610b, ScrollDirection.idle), effective physics: ClampingScrollPhysics -> RangeMaintainingScrollPhysics)),
]" derived an Offset (Offset(195.0, 96.0)) that would not hit test on the specified widget.
Maybe the widget is actually off-screen, or another widget is obscuring it, or the widget cannot receive pointer events.
The finder corresponds to this RenderBox: RenderClipRect#709fa relayoutBoundary=up5
The hit test result at that offset is: HitTestResult(RenderPointerListener#0926b@Offset(28.5, 2.0), RenderSemanticsAnnotations#89d2c@Offset(28.5, 2.0), RenderMouseRegion#025ed@Offset(28.5, 2.0), RenderSemanticsAnnotations#754fd@Offset(28.5, 2.0), RenderMergeSemantics#96843@Offset(28.5, 2.0), _TabLabelBarRenderer#080ca@Offset(187.0, 2.0), RenderCustomPaint#0f164@Offset(187.0, 2.0), RenderSemanticsAnnotations#320ef@Offset(187.0, 2.0), RenderPadding#5126f@Offset(195.0, 2.0), _RenderSingleChildViewport#3b2cb@Offset(195.0, 2.0), RenderIgnorePointer#87916@Offset(195.0, 2.0), RenderSemanticsAnnotations#718b1@Offset(195.0, 2.0), RenderPointerListener#6c5d0@Offset(195.0, 2.0), RenderSemanticsGestureHandler#e885f@Offset(195.0, 2.0), RenderPointerListener#3488a@Offset(195.0, 2.0), _RenderScrollSemantics#16b66@Offset(195.0, 2.0), RenderPositionedBox#c39f0@Offset(195.0, 2.0), _RenderInkFeatures#1bd2e@Offset(195.0, 2.0), RenderCustomPaint#2ced9@Offset(195.0, 2.0), RenderClipPath#7e793@Offset(195.0, 2.0), RenderFlex#ccb56@Offset(195.0, 2.0), RenderConstrainedBox#5dc9c@Offset(195.0, 2.0), RenderConstrainedBox#bb23f@Offset(195.0, 2.0), RenderPositionedBox#cc4c6@Offset(195.0, 2.0), RenderPadding#a8da6@Offset(195.0, 2.0), RenderCustomMultiChildLayoutBox#0c49b@Offset(195.0, 96.0), _RenderInkFeatures#fcf4d@Offset(195.0, 96.0), RenderPhysicalModel#cb63c@Offset(195.0, 96.0), RenderIndexedStack#fbc5b@Offset(195.0, 96.0), RenderAnimatedOpacity#48185@Offset(195.0, 96.0), RenderClipRect#45249@Offset(195.0, 96.0), _RenderLayoutBuilder#d802d@Offset(195.0, 96.0), RenderCustomMultiChildLayoutBox#a3f2d@Offset(195.0, 96.0), _RenderInkFeatures#8951d@Offset(195.0, 96.0), RenderPhysicalModel#208b4@Offset(195.0, 96.0), RenderSemanticsAnnotations#1ab03@Offset(195.0, 96.0), RenderRepaintBoundary#06135@Offset(195.0, 96.0), RenderIgnorePointer#b83fe@Offset(195.0, 96.0), RenderAnimatedOpacity#e33c5@Offset(195.0, 96.0), RenderRepaintBoundary#8a65e@Offset(195.0, 96.0), RenderSemanticsAnnotations#51418@Offset(195.0, 96.0), RenderOffstage#1ef19@Offset(195.0, 96.0), RenderSemanticsAnnotations#4c118@Offset(195.0, 96.0), _RenderTheater#6f3f2@Offset(195.0, 96.0), RenderAbsorbPointer#44a97@Offset(195.0, 96.0), RenderPointerListener#a6cfa@Offset(195.0, 96.0), RenderSemanticsAnnotations#d7353@Offset(195.0, 96.0), RenderSemanticsAnnotations#9d2a6@Offset(195.0, 96.0), RenderSemanticsAnnotations#6cd2b@Offset(195.0, 96.0), RenderSemanticsAnnotations#fd4ec@Offset(195.0, 96.0), RenderTapRegionSurface#8849c@Offset(195.0, 96.0), RenderSemanticsAnnotations#8d618@Offset(195.0, 96.0), RenderSemanticsAnnotations#0e6f4@Offset(195.0, 96.0), RenderRepaintBoundary#d5d54@Offset(195.0, 96.0), HitTestEntry<HitTestTarget>#35b89(_ReusableRenderView#9d378), HitTestEntry<HitTestTarget>#48f01(<AutomatedTestWidgetsFlutterBinding>))
#0      WidgetController._getElementPoint (package:flutter_test/src/controller.dart:2165:25)
#1      WidgetController.getCenter (package:flutter_test/src/controller.dart:1947:12)
#2      WidgetController.drag (package:flutter_test/src/controller.dart:1604:7)
#3      WidgetController.dragUntilVisible.<anonymous closure> (package:flutter_test/src/controller.dart:2483:17)
<asynchronous suspension>
#4      TestAsyncUtils.guard.<anonymous closure> (package:flutter_test/src/test_async_utils.dart:130:27)
<asynchronous suspension>
#5      WidgetController.scrollUntilVisible.<anonymous closure> (package:flutter_test/src/controller.dart:2439:7)
<asynchronous suspension>
#6      TestAsyncUtils.guard.<anonymous closure> (package:flutter_test/src/test_async_utils.dart:130:27)
<asynchronous suspension>
#7      main.<anonymous closure> (file:///home/runner/work/streetlift-apk/streetlift-apk/streetlift_tracker/test/visual_capture_test.dart:201:13)
<asynchronous suspension>
#8      testWidgets.<anonymous closure>.<anonymous closure> (package:flutter_test/src/widget_tester.dart:192:15)
<asynchronous suspension>
#9      TestWidgetsFlutterBinding._runTestBody (package:flutter_test/src/binding.dart:1953:5)
<asynchronous suspension>
#10     StackZoneSpecification._registerCallback.<anonymous closure> (package:stack_trace/src/stack_zone_specification.dart:114:42)
<asynchronous suspension>
To silence this warning, pass "warnIfMissed: false" to "drag()".
To make this warning fatal, set WidgetController.hitTestWarningShouldBeFatal to true.


Warning: A call to drag() with finder "Found 1 widget with type "Scrollable" descending from widget with type "StatsScreen" (ignoring all but last): [
  Scrollable(axisDirection: right, physics: null, restorationId: null, dependencies: [InheritedCupertinoTheme, MediaQuery, ScrollConfiguration, UnmanagedRestorationScope, _InheritedTheme, _LocalizationsScope-[GlobalKey#d2101]], state: ScrollableState#a99d0(position: ScrollPositionWithSingleContext#ab9cf(offset: 280.0, range: 0.0..768.0, viewport: 350.0, ScrollableState, ClampingScrollPhysics -> RangeMaintainingScrollPhysics, IdleScrollActivity#3610b, ScrollDirection.idle), effective physics: ClampingScrollPhysics -> RangeMaintainingScrollPhysics)),
]" derived an Offset (Offset(195.0, 96.0)) that would not hit test on the specified widget.
Maybe the widget is actually off-screen, or another widget is obscuring it, or the widget cannot receive pointer events.
The finder corresponds to this RenderBox: RenderClipRect#709fa relayoutBoundary=up5
The hit test result at that offset is: HitTestResult(RenderPointerListener#0926b@Offset(28.5, 2.0), RenderSemanticsAnnotations#89d2c@Offset(28.5, 2.0), RenderMouseRegion#025ed@Offset(28.5, 2.0), RenderSemanticsAnnotations#754fd@Offset(28.5, 2.0), RenderMergeSemantics#96843@Offset(28.5, 2.0), _TabLabelBarRenderer#080ca@Offset(187.0, 2.0), RenderCustomPaint#0f164@Offset(187.0, 2.0), RenderSemanticsAnnotations#320ef@Offset(187.0, 2.0), RenderPadding#5126f@Offset(195.0, 2.0), _RenderSingleChildViewport#3b2cb@Offset(195.0, 2.0), RenderIgnorePointer#87916@Offset(195.0, 2.0), RenderSemanticsAnnotations#718b1@Offset(195.0, 2.0), RenderPointerListener#6c5d0@Offset(195.0, 2.0), RenderSemanticsGestureHandler#e885f@Offset(195.0, 2.0), RenderPointerListener#3488a@Offset(195.0, 2.0), _RenderScrollSemantics#16b66@Offset(195.0, 2.0), RenderPositionedBox#c39f0@Offset(195.0, 2.0), _RenderInkFeatures#1bd2e@Offset(195.0, 2.0), RenderCustomPaint#2ced9@Offset(195.0, 2.0), RenderClipPath#7e793@Offset(195.0, 2.0), RenderFlex#ccb56@Offset(195.0, 2.0), RenderConstrainedBox#5dc9c@Offset(195.0, 2.0), RenderConstrainedBox#bb23f@Offset(195.0, 2.0), RenderPositionedBox#cc4c6@Offset(195.0, 2.0), RenderPadding#a8da6@Offset(195.0, 2.0), RenderCustomMultiChildLayoutBox#0c49b@Offset(195.0, 96.0), _RenderInkFeatures#fcf4d@Offset(195.0, 96.0), RenderPhysicalModel#cb63c@Offset(195.0, 96.0), RenderIndexedStack#fbc5b@Offset(195.0, 96.0), RenderAnimatedOpacity#48185@Offset(195.0, 96.0), RenderClipRect#45249@Offset(195.0, 96.0), _RenderLayoutBuilder#d802d@Offset(195.0, 96.0), RenderCustomMultiChildLayoutBox#a3f2d@Offset(195.0, 96.0), _RenderInkFeatures#8951d@Offset(195.0, 96.0), RenderPhysicalModel#208b4@Offset(195.0, 96.0), RenderSemanticsAnnotations#1ab03@Offset(195.0, 96.0), RenderRepaintBoundary#06135@Offset(195.0, 96.0), RenderIgnorePointer#b83fe@Offset(195.0, 96.0), RenderAnimatedOpacity#e33c5@Offset(195.0, 96.0), RenderRepaintBoundary#8a65e@Offset(195.0, 96.0), RenderSemanticsAnnotations#51418@Offset(195.0, 96.0), RenderOffstage#1ef19@Offset(195.0, 96.0), RenderSemanticsAnnotations#4c118@Offset(195.0, 96.0), _RenderTheater#6f3f2@Offset(195.0, 96.0), RenderAbsorbPointer#44a97@Offset(195.0, 96.0), RenderPointerListener#a6cfa@Offset(195.0, 96.0), RenderSemanticsAnnotations#d7353@Offset(195.0, 96.0), RenderSemanticsAnnotations#9d2a6@Offset(195.0, 96.0), RenderSemanticsAnnotations#6cd2b@Offset(195.0, 96.0), RenderSemanticsAnnotations#fd4ec@Offset(195.0, 96.0), RenderTapRegionSurface#8849c@Offset(195.0, 96.0), RenderSemanticsAnnotations#8d618@Offset(195.0, 96.0), RenderSemanticsAnnotations#0e6f4@Offset(195.0, 96.0), RenderRepaintBoundary#d5d54@Offset(195.0, 96.0), HitTestEntry<HitTestTarget>#ff67b(_ReusableRenderView#9d378), HitTestEntry<HitTestTarget>#928dd(<AutomatedTestWidgetsFlutterBinding>))
#0      WidgetController._getElementPoint (package:flutter_test/src/controller.dart:2165:25)
#1      WidgetController.getCenter (package:flutter_test/src/controller.dart:1947:12)
#2      WidgetController.drag (package:flutter_test/src/controller.dart:1604:7)
#3      WidgetController.dragUntilVisible.<anonymous closure> (package:flutter_test/src/controller.dart:2483:17)
<asynchronous suspension>
#4      TestAsyncUtils.guard.<anonymous closure> (package:flutter_test/src/test_async_utils.dart:130:27)
<asynchronous suspension>
#5      WidgetController.scrollUntilVisible.<anonymous closure> (package:flutter_test/src/controller.dart:2439:7)
<asynchronous suspension>
#6      TestAsyncUtils.guard.<anonymous closure> (package:flutter_test/src/test_async_utils.dart:130:27)
<asynchronous suspension>
#7      main.<anonymous closure> (file:///home/runner/work/streetlift-apk/streetlift-apk/streetlift_tracker/test/visual_capture_test.dart:201:13)
<asynchronous suspension>
#8      testWidgets.<anonymous closure>.<anonymous closure> (package:flutter_test/src/widget_tester.dart:192:15)
<asynchronous suspension>
#9      TestWidgetsFlutterBinding._runTestBody (package:flutter_test/src/binding.dart:1953:5)
<asynchronous suspension>
#10     StackZoneSpecification._registerCallback.<anonymous closure> (package:stack_trace/src/stack_zone_specification.dart:114:42)
<asynchronous suspension>
To silence this warning, pass "warnIfMissed: false" to "drag()".
To make this warning fatal, set WidgetController.hitTestWarningShouldBeFatal to true.

══╡ EXCEPTION CAUGHT BY FLUTTER TEST FRAMEWORK ╞════════════════════════════════════════════════════
The following StateError was thrown running a test:
Bad state: No element

When the exception was thrown, this was the stack:
#0      Iterable.single (dart:core/iterable.dart:694:25)
#1      WidgetController.element (package:flutter_test/src/controller.dart:888:30)
#2      WidgetController.dragUntilVisible.<anonymous closure> (package:flutter_test/src/controller.dart:2489:38)
<asynchronous suspension>
#3      TestAsyncUtils.guard.<anonymous closure> (package:flutter_test/src/test_async_utils.dart:130:27)
<asynchronous suspension>
#4      WidgetController.scrollUntilVisible.<anonymous closure> (package:flutter_test/src/controller.dart:2439:7)
<asynchronous suspension>
#5      TestAsyncUtils.guard.<anonymous closure> (package:flutter_test/src/test_async_utils.dart:130:27)
<asynchronous suspension>
#6      main.<anonymous closure> (file:///home/runner/work/streetlift-apk/streetlift-apk/streetlift_tracker/test/visual_capture_test.dart:201:13)
<asynchronous suspension>
#7      testWidgets.<anonymous closure>.<anonymous closure> (package:flutter_test/src/widget_tester.dart:192:15)
<asynchronous suspension>
#8      TestWidgetsFlutterBinding._runTestBody (package:flutter_test/src/binding.dart:1953:5)
<asynchronous suspension>
<asynchronous suspension>
(elided one frame from package:stack_trace)

The test description was:
  rendus bordeaux et anthracite : écrans, thèmes et largeur compacte
════════════════════════════════════════════════════════════════════════════════════════════════════
Test failed. See exception logs above.
The test description was: rendus bordeaux et anthracite : écrans, thèmes et largeur compacte

::endgroup::
::group::✅ Passing tests
✅ /home/runner/work/streetlift-apk/streetlift-apk/streetlift_tracker/test/l5c_ecrans_capture_test.dart: principaux écrans : rendus comparables avant / après L5
::endgroup::

::error::1 test passed, 1 failed.
