id,nom,discipline,categorie,niveau,variante_de,schema,famille,plan,articularite,regime,difficulte,lieux,type_charge,assiste,unite,lateralite,fatigue_systemique,fatigue_locale,fraction_pdc,fraction_source,epaule,coude,poignet,lombaires,genou,hanche,cheville,prerequis,racine,profondeur
mu-developpe-couche-barre,Développé couché barre,Musculation,Poussée horizontale,Débutant,,poussee_horizontale,poussee,transversal,polyarticulaire,dynamique,2,salle,barre,0,repetitions,bilateral,4,3,,,moyenne,moyenne,moyenne,faible,faible,faible,faible,mu-developpe-couche-smith mu-developpe-decline-smith,mu-developpe-couche-barre,0
mu-developpe-couche-prise-serree,Développé couché prise serrée,Musculation,Poussée horizontale,Intermédiaire,mu-developpe-couche-barre,poussee_horizontale,poussee,transversal,polyarticulaire,dynamique,4,salle,barre,0,repetitions,bilateral,4,3,,,moyenne,moyenne,moyenne,faible,faible,faible,faible,mu-developpe-couche-barre mu-developpe-couche-pieds-sur-banc,mu-developpe-couche-barre,1
mu-developpe-couche-prise-large,Développé couché prise large,Musculation,Poussée horizontale,Intermédiaire,mu-developpe-couche-barre,poussee_horizontale,poussee,transversal,polyarticulaire,dynamique,4,salle,barre,0,repetitions,bilateral,4,3,,,moyenne,moyenne,moyenne,faible,faible,faible,faible,mu-developpe-couche-barre mu-developpe-couche-pieds-sur-banc,mu-developpe-couche-barre,1
mu-developpe-couche-prise-inversee,Développé couché prise inversée,Musculation,Poussée horizontale,Avancé,mu-developpe-couche-barre,poussee_horizontale,poussee,transversal,polyarticulaire,dynamique,7,salle,barre,0,repetitions,bilateral,4,3,,,moyenne,moyenne,moyenne,faible,faible,faible,faible,mu-developpe-couche-barre mu-developpe-couche-larsen,mu-developpe-couche-barre,1
mu-developpe-couche-pause,Développé couché avec pause,Musculation,Poussée horizontale,Intermédiaire,mu-developpe-couche-barre,poussee_horizontale,poussee,transversal,polyarticulaire,dynamique,4,salle,barre,0,repetitions,bilateral,4,3,,,moyenne,moyenne,moyenne,faible,faible,faible,faible,mu-developpe-couche-barre mu-developpe-couche-pieds-sur-banc,mu-developpe-couche-barre,1
mu-developpe-couche-spoto,Spoto press,Musculation,Poussée horizontale,Avancé,mu-developpe-couche-barre,poussee_horizontale,poussee,transversal,polyarticulaire,dynamique,7,salle,barre,0,repetitions,bilateral,4,3,,,moyenne,moyenne,moyenne,faible,faible,faible,faible,mu-developpe-couche-barre mu-developpe-couche-larsen,mu-developpe-couche-barre,1
mu-developpe-couche-larsen,Larsen press,Musculation,Poussée horizontale,Intermédiaire,mu-developpe-couche-barre,poussee_horizontale,poussee,transversal,polyarticulaire,dynamique,4,salle,barre,0,repetitions,bilateral,4,3,,,moyenne,moyenne,moyenne,faible,faible,faible,faible,mu-developpe-couche-barre mu-developpe-couche-pieds-sur-banc,mu-developpe-couche-barre,1
mu-developpe-couche-pieds-sur-banc,Développé couché pieds sur le banc,Musculation,Poussée horizontale,Débutant,mu-developpe-couche-barre,poussee_horizontale,poussee,transversal,polyarticulaire,dynamique,2,salle,barre,0,repetitions,bilateral,4,3,,,moyenne,moyenne,moyenne,faible,faible,faible,faible,mu-developpe-couche-smith mu-developpe-decline-smith,mu-developpe-couche-barre,1
mu-floor-press-barre,Floor press barre,Musculation,Poussée horizontale,Intermédiaire,mu-developpe-couche-barre,poussee_horizontale,poussee,transversal,polyarticulaire,dynamique,4,salle,barre,0,repetitions,bilateral,4,3,,,moyenne,moyenne,moyenne,faible,faible,faible,faible,mu-developpe-couche-barre mu-developpe-couche-pieds-sur-banc,mu-developpe-couche-barre,1
mu-board-press,Board press,Musculation,Poussée horizontale,Avancé,mu-developpe-couche-barre,poussee_horizontale,poussee,transversal,polyarticulaire,dynamique,7,salle,barre,0,repetitions,bilateral,4,3,,,moyenne,moyenne,moyenne,faible,faible,faible,faible,mu-developpe-couche-barre mu-developpe-couche-larsen,mu-developpe-couche-barre,1
mu-pin-press,Pin press,Musculation,Poussée horizontale,Avancé,mu-developpe-couche-barre,poussee_horizontale,poussee,transversal,polyarticulaire,dynamique,7,salle,barre,0,repetitions,bilateral,4,3,,,moyenne,moyenne,moyenne,faible,faible,faible,faible,mu-developpe-couche-barre mu-developpe-couche-larsen,mu-developpe-couche-barre,1
mu-developpe-guillotine,Développé guillotine,Musculation,Poussée horizontale,Avancé,mu-developpe-couche-barre,poussee_horizontale,poussee,transversal,polyarticulaire,dynamique,7,salle,barre,0,repetitions,bilateral,4,3,,,forte,moyenne,moyenne,faible,faible,faible,faible,mu-developpe-couche-barre mu-developpe-couche-larsen,mu-developpe-couche-barre,1
mu-developpe-decline-barre,Développé décliné barre,Musculation,Poussée horizontale,Intermédiaire,mu-developpe-couche-barre,poussee_horizontale,poussee,transversal,polyarticulaire,dynamique,4,salle,barre,0,repetitions,bilateral,4,3,,,moyenne,moyenne,moyenne,faible,faible,faible,faible,mu-developpe-couche-barre mu-developpe-couche-pieds-sur-banc,mu-developpe-couche-barre,1
mu-developpe-incline-barre,Développé incliné barre,Musculation,Poussée inclinée,Débutant,mu-developpe-couche-barre,poussee_inclinee,poussee,transversal,polyarticulaire,dynamique,2,salle,barre,0,repetitions,bilateral,4,3,,,moyenne,moyenne,moyenne,faible,faible,faible,faible,mu-developpe-couche-smith mu-developpe-decline-smith,mu-developpe-couche-barre,1
mu-developpe-couche-barre-elastiques,Développé couché barre avec élastiques,Musculation,Poussée horizontale,Avancé,mu-developpe-couche-barre,poussee_horizontale,poussee,transversal,polyarticulaire,dynamique,7,salle,barre,0,repetitions,bilateral,4,3,,,moyenne,moyenne,moyenne,faible,faible,faible,faible,mu-developpe-couche-barre mu-developpe-couche-larsen,mu-developpe-couche-barre,1
mu-developpe-couche-barre-chaines,Développé couché barre avec chaînes,Musculation,Poussée horizontale,Avancé,mu-developpe-couche-barre,poussee_horizontale,poussee,transversal,polyarticulaire,dynamique,7,salle,barre,0,repetitions,bilateral,4,3,,,moyenne,moyenne,moyenne,faible,faible,faible,faible,mu-developpe-couche-barre mu-developpe-couche-larsen,mu-developpe-couche-barre,1
mu-developpe-couche-smith,Développé couché Smith machine,Musculation,Poussée horizontale,Débutant,mu-developpe-couche-barre,poussee_horizontale,poussee,transversal,polyarticulaire,dynamique,1,salle,machine,0,repetitions,bilateral,2,3,,,moyenne,moyenne,moyenne,faible,faible,faible,faible,,mu-developpe-couche-barre,1
mu-developpe-incline-smith,Développé incliné Smith machine,Musculation,Poussée inclinée,Débutant,mu-developpe-couche-smith,poussee_inclinee,poussee,transversal,polyarticulaire,dynamique,1,salle,machine,0,repetitions,bilateral,2,3,,,moyenne,moyenne,moyenne,faible,faible,faible,faible,,mu-developpe-couche-barre,2
mu-developpe-decline-smith,Développé décliné Smith machine,Musculation,Poussée horizontale,Débutant,mu-developpe-couche-smith,poussee_horizontale,poussee,transversal,polyarticulaire,dynamique,1,salle,machine,0,repetitions,bilateral,2,3,,,moyenne,moyenne,moyenne,faible,faible,faible,faible,,mu-developpe-couche-barre,2
mu-developpe-couche-halteres,Développé couché haltères,Musculation,Poussée horizontale,Débutant,,poussee_horizontale,poussee,transversal,polyarticulaire,dynamique,2,salle maison,halteres,0,repetitions,bilateral,3,3,,,moyenne,moyenne,moyenne,faible,faible,faible,faible,,mu-developpe-couche-halteres,0
mu-developpe-incline-halteres,Développé incliné haltères,Musculation,Poussée inclinée,Débutant,mu-developpe-couche-halteres,poussee_inclinee,poussee,transversal,polyarticulaire,dynamique,2,salle,halteres,0,repetitions,bilateral,3,3,,,moyenne,moyenne,moyenne,faible,faible,faible,faible,,mu-developpe-couche-halteres,1
mu-developpe-incline-halteres-prise-neutre,Développé incliné haltères prise neutre,Musculation,Poussée inclinée,Débutant,mu-developpe-incline-halteres,poussee_inclinee,poussee,transversal,polyarticulaire,dynamique,2,salle,halteres,0,repetitions,bilateral,3,3,,,moyenne,moyenne,moyenne,faible,faible,faible,faible,,mu-developpe-couche-halteres,2
mu-developpe-decline-halteres,Développé décliné haltères,Musculation,Poussée horizontale,Intermédiaire,mu-developpe-couche-halteres,poussee_horizontale,poussee,transversal,polyarticulaire,dynamique,4,salle,halteres,0,repetitions,bilateral,3,3,,,moyenne,moyenne,moyenne,faible,faible,faible,faible,mu-developpe-couche-halteres mu-developpe-couche-halteres-prise-neutre,mu-developpe-couche-halteres,1
mu-developpe-couche-halteres-prise-neutre,Développé couché haltères prise neutre,Musculation,Poussée horizontale,Débutant,mu-developpe-couche-halteres,poussee_horizontale,poussee,transversal,polyarticulaire,dynamique,2,salle maison,halteres,0,repetitions,bilateral,3,3,,,moyenne,moyenne,moyenne,faible,faible,faible,faible,,mu-developpe-couche-halteres,1
mu-developpe-couche-halteres-alterne,Développé couché haltères alterné,Musculation,Poussée horizontale,Intermédiaire,mu-developpe-couche-halteres,poussee_horizontale,poussee,transversal,polyarticulaire,dynamique,4,salle maison,halteres,0,repetitions,alterne,3,3,,,moyenne,moyenne,moyenne,faible,faible,faible,faible,mu-developpe-couche-halteres mu-developpe-couche-halteres-prise-neutre,mu-developpe-couche-halteres,1
mu-developpe-couche-halteres-unilateral,Développé couché haltère unilatéral,Musculation,Poussée horizontale,Intermédiaire,mu-developpe-couche-halteres,poussee_horizontale,poussee,transversal,polyarticulaire,dynamique,4,salle maison,halteres,0,repetitions,unilateral,3,3,,,moyenne,moyenne,moyenne,faible,faible,faible,faible,mu-developpe-couche-halteres mu-developpe-couche-halteres-prise-neutre,mu-developpe-couche-halteres,1
mu-squeeze-press-halteres,Squeeze press haltères,Musculation,Poussée horizontale,Débutant,mu-developpe-couche-halteres,poussee_horizontale,poussee,transversal,polyarticulaire,dynamique,2,salle maison,halteres,0,repetitions,bilateral,3,3,,,moyenne,moyenne,moyenne,faible,faible,faible,faible,,mu-developpe-couche-halteres,1
mu-floor-press-halteres,Floor press haltères,Musculation,Poussée horizontale,Débutant,mu-developpe-couche-halteres,poussee_horizontale,poussee,transversal,polyarticulaire,dynamique,2,salle maison,halteres,0,repetitions,bilateral,3,3,,,moyenne,moyenne,moyenne,faible,faible,faible,faible,,mu-developpe-couche-halteres,1
mu-developpe-pectoral-elastique,Développé pectoral debout à l'élastique,Musculation,Poussée horizontale,Débutant,,poussee_horizontale,poussee,transversal,polyarticulaire,dynamique,2,salle maison exterieur,elastique,0,repetitions,bilateral,3,3,,,moyenne,moyenne,moyenne,faible,faible,faible,faible,,mu-developpe-pectoral-elastique,0
mu-developpe-pectoral-poulie-debout,Développé pectoral à la poulie debout,Musculation,Poussée horizontale,Débutant,,poussee_horizontale,poussee,transversal,polyarticulaire,dynamique,2,salle,poulie,0,repetitions,bilateral,2,3,,,moyenne,moyenne,moyenne,faible,faible,faible,faible,,mu-developpe-pectoral-poulie-debout,0
mu-presse-pectorale-convergente,Presse pectorale convergente assise,Musculation,Poussée horizontale,Débutant,,poussee_horizontale,poussee,transversal,polyarticulaire,dynamique,1,salle,machine,0,repetitions,bilateral,2,3,,,moyenne,moyenne,moyenne,faible,faible,faible,faible,,mu-presse-pectorale-convergente,0
mu-presse-pectorale-inclinee,Presse pectorale inclinée machine,Musculation,Poussée inclinée,Débutant,mu-presse-pectorale-convergente,poussee_inclinee,poussee,transversal,polyarticulaire,dynamique,1,salle,machine,0,repetitions,bilateral,2,3,,,moyenne,moyenne,moyenne,faible,faible,faible,faible,,mu-presse-pectorale-convergente,1
mu-presse-pectorale-declinee,Presse pectorale déclinée machine,Musculation,Poussée horizontale,Débutant,mu-presse-pectorale-convergente,poussee_horizontale,poussee,transversal,polyarticulaire,dynamique,2,salle,machine,0,repetitions,bilateral,2,3,,,moyenne,moyenne,moyenne,faible,faible,faible,faible,mu-presse-pectorale-convergente mu-presse-pectorale-inclinee,mu-presse-pectorale-convergente,1
mu-presse-pectorale-unilaterale,Presse pectorale unilatérale machine,Musculation,Poussée horizontale,Débutant,mu-presse-pectorale-convergente,poussee_horizontale,poussee,transversal,polyarticulaire,dynamique,2,salle,machine,0,repetitions,unilateral,2,3,,,moyenne,moyenne,moyenne,faible,faible,faible,faible,mu-presse-pectorale-convergente mu-presse-pectorale-inclinee,mu-presse-pectorale-convergente,1
mu-developpe-militaire-barre-debout,Développé militaire barre debout,Musculation,Poussée verticale,Intermédiaire,,poussee_verticale_haute,poussee,frontal,polyarticulaire,dynamique,4,salle,barre,0,repetitions,bilateral,4,3,,,forte,moyenne,moyenne,moyenne,faible,faible,faible,,mu-developpe-militaire-barre-debout,0
mu-developpe-militaire-barre-assis,Développé militaire barre assis,Musculation,Poussée verticale,Intermédiaire,mu-developpe-militaire-barre-debout,poussee_verticale_haute,poussee,frontal,polyarticulaire,dynamique,4,salle,barre,0,repetitions,bilateral,4,3,,,forte,moyenne,moyenne,moyenne,faible,faible,faible,,mu-developpe-militaire-barre-debout,1
mu-developpe-nuque-barre,Développé derrière la nuque barre,Musculation,Poussée verticale,Avancé,mu-developpe-militaire-barre-debout,poussee_verticale_haute,poussee,frontal,polyarticulaire,dynamique,7,salle,barre,0,repetitions,bilateral,4,3,,,forte,moyenne,moyenne,moyenne,faible,faible,faible,mu-developpe-militaire-barre-debout mu-developpe-militaire-barre-assis,mu-developpe-militaire-barre-debout,1
mu-developpe-militaire-barre-pin-press,Développé militaire barre départ goupilles,Musculation,Poussée verticale,Avancé,mu-developpe-militaire-barre-debout,poussee_verticale_haute,poussee,frontal,polyarticulaire,dynamique,7,salle,barre,0,repetitions,bilateral,4,3,,,forte,moyenne,moyenne,moyenne,faible,faible,faible,mu-developpe-militaire-barre-debout mu-developpe-militaire-barre-assis,mu-developpe-militaire-barre-debout,1
mu-developpe-bradford,Développé Bradford barre,Musculation,Poussée verticale,Avancé,mu-developpe-militaire-barre-debout,poussee_verticale_haute,poussee,frontal,polyarticulaire,dynamique,7,salle,barre,0,repetitions,bilateral,4,3,,,forte,moyenne,moyenne,moyenne,faible,faible,faible,mu-developpe-militaire-barre-debout mu-developpe-militaire-barre-assis,mu-developpe-militaire-barre-debout,1
mu-z-press-barre,Z press barre,Musculation,Poussée verticale,Avancé,mu-developpe-militaire-barre-debout,poussee_verticale_haute,poussee,frontal,polyarticulaire,dynamique,7,salle,barre,0,repetitions,bilateral,4,3,,,forte,moyenne,moyenne,moyenne,faible,faible,faible,mu-developpe-militaire-barre-debout mu-developpe-militaire-barre-assis,mu-developpe-militaire-barre-debout,1
mu-z-press-halteres,Z press haltères,Musculation,Poussée verticale,Intermédiaire,mu-z-press-barre,poussee_verticale_haute,poussee,frontal,polyarticulaire,dynamique,4,salle maison,halteres,0,repetitions,bilateral,3,3,,,forte,moyenne,moyenne,moyenne,faible,faible,faible,,mu-developpe-militaire-barre-debout,2
mu-developpe-halteres-assis,Développé haltères assis,Musculation,Poussée verticale,Débutant,,poussee_verticale_haute,poussee,frontal,polyarticulaire,dynamique,2,salle,halteres,0,repetitions,bilateral,3,3,,,forte,moyenne,moyenne,moyenne,faible,faible,faible,,mu-developpe-halteres-assis,0
mu-developpe-halteres-debout,Développé haltères debout,Musculation,Poussée verticale,Intermédiaire,mu-developpe-halteres-assis,poussee_verticale_haute,poussee,frontal,polyarticulaire,dynamique,4,salle maison,halteres,0,repetitions,bilateral,3,3,,,forte,moyenne,moyenne,moyenne,faible,faible,faible,mu-developpe-halteres-assis mu-developpe-halteres-prise-neutre,mu-developpe-halteres-assis,1
mu-developpe-arnold,Développé Arnold,Musculation,Poussée verticale,Intermédiaire,mu-developpe-halteres-assis,poussee_verticale_haute,poussee,multiple,polyarticulaire,dynamique,4,salle,halteres,0,repetitions,bilateral,3,3,,,forte,moyenne,moyenne,moyenne,faible,faible,faible,mu-developpe-halteres-assis mu-developpe-halteres-prise-neutre,mu-developpe-halteres-assis,1
mu-developpe-haltere-unilateral-debout,Développé haltère unilatéral debout,Musculation,Poussée verticale,Intermédiaire,mu-developpe-halteres-assis,poussee_verticale_haute,poussee,frontal,polyarticulaire,dynamique,4,salle maison,halteres,0,repetitions,unilateral,3,3,,,forte,moyenne,moyenne,moyenne,faible,faible,faible,mu-developpe-halteres-assis mu-developpe-halteres-prise-neutre,mu-developpe-halteres-assis,1
mu-developpe-halteres-prise-neutre,Développé haltères prise neutre,Musculation,Poussée verticale,Débutant,mu-developpe-halteres-assis,poussee_verticale_haute,poussee,sagittal,polyarticulaire,dynamique,2,salle,halteres,0,repetitions,bilateral,3,3,,,forte,moyenne,moyenne,moyenne,faible,faible,faible,,mu-developpe-halteres-assis,1
mu-developpe-epaules-machine,Développé épaules à la machine,Musculation,Poussée verticale,Débutant,,poussee_verticale_haute,poussee,frontal,polyarticulaire,dynamique,1,salle,machine,0,repetitions,bilateral,2,3,,,forte,moyenne,moyenne,moyenne,faible,faible,faible,,mu-developpe-epaules-machine,0
mu-developpe-epaules-smith-assis,Développé épaules à la Smith machine assis,Musculation,Poussée verticale,Débutant,,poussee_verticale_haute,poussee,frontal,polyarticulaire,dynamique,1,salle,machine,0,repetitions,bilateral,2,3,,,forte,moyenne,moyenne,moyenne,faible,faible,faible,,mu-developpe-epaules-smith-assis,0
mu-developpe-epaules-elastique-debout,Développé épaules à l'élastique debout,Musculation,Poussée verticale,Débutant,,poussee_verticale_haute,poussee,frontal,polyarticulaire,dynamique,2,salle maison exterieur,elastique,0,repetitions,bilateral,3,3,,,forte,moyenne,moyenne,moyenne,faible,faible,faible,,mu-developpe-epaules-elastique-debout,0
mu-developpe-kettlebell,Développé militaire kettlebell,Musculation,Poussée verticale,Débutant,,poussee_verticale_haute,poussee,frontal,polyarticulaire,dynamique,2,salle maison,kettlebell,0,repetitions,bilateral,3,3,,,forte,moyenne,moyenne,moyenne,faible,faible,faible,,mu-developpe-kettlebell,0
mu-bottoms-up-press-kettlebell,Développé kettlebell bottoms-up,Musculation,Poussée verticale,Intermédiaire,mu-developpe-kettlebell,poussee_verticale_haute,poussee,frontal,polyarticulaire,dynamique,4,salle maison,kettlebell,0,repetitions,unilateral,3,3,,,forte,moyenne,moyenne,moyenne,faible,faible,faible,mu-developpe-kettlebell,mu-developpe-kettlebell,1
mu-dips-machine-assise,Dips machine assise,Musculation,Poussée verticale,Débutant,,poussee_verticale_basse,poussee,sagittal,polyarticulaire,dynamique,1,salle,machine,0,repetitions,bilateral,2,3,,,forte,moyenne,moyenne,faible,faible,faible,faible,,mu-dips-machine-assise,0
mu-developpe-landmine-debout,Développé landmine debout unilatéral,Musculation,Poussée inclinée,Débutant,,poussee_inclinee,poussee,transversal,polyarticulaire,dynamique,2,salle,barre,0,repetitions,unilateral,4,3,,,moyenne,moyenne,moyenne,faible,faible,faible,faible,,mu-developpe-landmine-debout,0
mu-developpe-landmine-unilateral-genoux,Développé landmine unilatéral à genoux,Musculation,Poussée inclinée,Intermédiaire,,poussee_inclinee,poussee,transversal,polyarticulaire,dynamique,4,salle,barre,0,repetitions,unilateral,4,3,,,moyenne,moyenne,moyenne,faible,faible,faible,faible,,mu-developpe-landmine-unilateral-genoux,0
mu-rowing-barre-pronation,Rowing barre buste penché prise pronation,Musculation,Tirage horizontal,Intermédiaire,,tirage_horizontal,tirage,sagittal,polyarticulaire,dynamique,4,salle,barre,0,repetitions,bilateral,4,3,,,moyenne,moyenne,faible,moyenne,faible,faible,faible,mu-rowing-smith-machine,mu-rowing-barre-pronation,0
mu-rowing-barre-supination,Rowing barre buste penché prise supination,Musculation,Tirage horizontal,Intermédiaire,mu-rowing-barre-pronation,tirage_horizontal,tirage,sagittal,polyarticulaire,dynamique,4,salle,barre,0,repetitions,bilateral,4,3,,,moyenne,moyenne,faible,moyenne,faible,faible,faible,mu-rowing-smith-machine,mu-rowing-barre-pronation,1
mu-rowing-yates,Rowing Yates,Musculation,Tirage horizontal,Intermédiaire,mu-rowing-barre-supination,tirage_horizontal,tirage,sagittal,polyarticulaire,dynamique,4,salle,barre,0,repetitions,bilateral,4,3,,,moyenne,moyenne,faible,moyenne,faible,faible,faible,mu-rowing-smith-machine,mu-rowing-barre-pronation,2
mu-rowing-pendlay,Rowing Pendlay,Musculation,Tirage horizontal,Avancé,mu-rowing-barre-pronation,tirage_horizontal,tirage,sagittal,polyarticulaire,dynamique,7,salle,barre,0,repetitions,bilateral,4,3,,,moyenne,moyenne,faible,moyenne,faible,faible,faible,mu-rowing-barre-pronation mu-rowing-barre-prise-large-dos-haut,mu-rowing-barre-pronation,1
mu-rowing-barre-prise-large-dos-haut,Rowing barre prise large vers la poitrine,Musculation,Tirage horizontal,Intermédiaire,mu-rowing-barre-pronation,tirage_horizontal,tirage,transversal,polyarticulaire,dynamique,5,salle,barre,0,repetitions,bilateral,4,3,,,moyenne,moyenne,faible,moyenne,faible,faible,faible,mu-rowing-barre-pronation mu-rowing-barre-supination,mu-rowing-barre-pronation,1
mu-rowing-smith-machine,Rowing buste penché à la Smith machine,Musculation,Tirage horizontal,Débutant,mu-rowing-barre-pronation,tirage_horizontal,tirage,sagittal,polyarticulaire,dynamique,1,salle,machine,0,repetitions,bilateral,2,3,,,moyenne,moyenne,faible,moyenne,faible,faible,faible,,mu-rowing-barre-pronation,1
mu-rowing-haltere-unilateral-banc,Rowing haltère unilatéral appui sur banc,Musculation,Tirage horizontal,Débutant,,tirage_horizontal,tirage,sagittal,polyarticulaire,dynamique,2,salle maison,halteres,0,repetitions,unilateral,3,3,,,moyenne,moyenne,faible,moyenne,faible,faible,faible,,mu-rowing-haltere-unilateral-banc,0
mu-kroc-row,Kroc row,Musculation,Tirage horizontal,Avancé,mu-rowing-haltere-unilateral-banc,tirage_horizontal,tirage,sagittal,polyarticulaire,dynamique,7,salle maison,halteres,0,repetitions,unilateral,3,3,,,moyenne,moyenne,faible,moyenne,faible,faible,faible,mu-rowing-haltere-unilateral-banc,mu-rowing-haltere-unilateral-banc,1
mu-rowing-halteres-buste-penche,Rowing haltères deux bras buste penché,Musculation,Tirage horizontal,Intermédiaire,,tirage_horizontal,tirage,sagittal,polyarticulaire,dynamique,4,salle maison,halteres,0,repetitions,bilateral,3,3,,,moyenne,moyenne,faible,moyenne,faible,faible,faible,,mu-rowing-halteres-buste-penche,0
mu-rowing-poitrine-appuyee-banc-incline-halteres,Rowing haltères poitrine appuyée sur banc incliné,Musculation,Tirage horizontal,Débutant,,tirage_horizontal,tirage,sagittal,polyarticulaire,dynamique,2,salle,halteres,0,repetitions,bilateral,3,3,,,moyenne,moyenne,faible,moyenne,faible,faible,faible,,mu-rowing-poitrine-appuyee-banc-incline-halteres,0
mu-rowing-helms,Rowing Helms debout poitrine appuyée,Musculation,Tirage horizontal,Intermédiaire,mu-rowing-poitrine-appuyee-banc-incline-halteres,tirage_horizontal,tirage,sagittal,polyarticulaire,dynamique,4,salle,halteres,0,repetitions,bilateral,3,3,,,moyenne,moyenne,faible,moyenne,faible,faible,faible,mu-rowing-poitrine-appuyee-banc-incline-halteres,mu-rowing-poitrine-appuyee-banc-incline-halteres,1
mu-rowing-poulie-assis-triangle,Rowing poulie basse assis au triangle,Musculation,Tirage horizontal,Débutant,,tirage_horizontal,tirage,sagittal,polyarticulaire,dynamique,2,salle,poulie,0,repetitions,bilateral,2,3,,,moyenne,moyenne,faible,moyenne,faible,faible,faible,,mu-rowing-poulie-assis-triangle,0
mu-rowing-poulie-assis-prise-large,Rowing poulie basse assis prise large pronation,Musculation,Tirage horizontal,Débutant,mu-rowing-poulie-assis-triangle,tirage_horizontal,tirage,transversal,polyarticulaire,dynamique,3,salle,poulie,0,repetitions,bilateral,2,3,,,moyenne,moyenne,faible,moyenne,faible,faible,faible,mu-rowing-poulie-assis-triangle mu-rowing-elastique-assis,mu-rowing-poulie-assis-triangle,1
mu-rowing-haut-poulie-visage-prise-large,Rowing haut à la poulie vers le visage prise large,Musculation,Tirage horizontal,Intermédiaire,mu-rowing-poulie-assis-prise-large,tirage_horizontal,tirage,transversal,polyarticulaire,dynamique,4,salle,poulie,0,repetitions,bilateral,2,3,,,moyenne,moyenne,faible,moyenne,faible,faible,faible,mu-rowing-poulie-assis-prise-large mu-rowing-poulie-assis-triangle,mu-rowing-poulie-assis-triangle,2
mu-rowing-poulie-assis-unilateral,Rowing poulie basse assis unilatéral,Musculation,Tirage horizontal,Débutant,mu-rowing-poulie-assis-triangle,tirage_horizontal,tirage,sagittal,polyarticulaire,dynamique,3,salle,poulie,0,repetitions,unilateral,2,3,,,moyenne,moyenne,faible,moyenne,faible,faible,faible,mu-rowing-poulie-assis-triangle mu-rowing-elastique-assis,mu-rowing-poulie-assis-triangle,1
mu-rowing-poulie-assis-supination,Rowing poulie basse assis prise supination,Musculation,Tirage horizontal,Débutant,mu-rowing-poulie-assis-triangle,tirage_horizontal,tirage,sagittal,polyarticulaire,dynamique,2,salle,poulie,0,repetitions,bilateral,2,3,,,moyenne,moyenne,faible,moyenne,faible,faible,faible,,mu-rowing-poulie-assis-triangle,1
mu-rowing-elastique-assis,Rowing assis à l'élastique,Musculation,Tirage horizontal,Débutant,mu-rowing-poulie-assis-triangle,tirage_horizontal,tirage,sagittal,polyarticulaire,dynamique,2,salle maison exterieur,elastique,0,repetitions,bilateral,3,3,,,moyenne,moyenne,faible,moyenne,faible,faible,faible,,mu-rowing-poulie-assis-triangle,1
mu-t-bar-row,Rowing T-bar debout,Musculation,Tirage horizontal,Intermédiaire,,tirage_horizontal,tirage,sagittal,polyarticulaire,dynamique,4,salle,barre,0,repetitions,bilateral,4,3,,,moyenne,moyenne,faible,moyenne,faible,faible,faible,mu-t-bar-row-poitrine-appuyee,mu-t-bar-row,0
mu-t-bar-row-poitrine-appuyee,Rowing T-bar poitrine appuyée à la machine,Musculation,Tirage horizontal,Débutant,mu-t-bar-row,tirage_horizontal,tirage,sagittal,polyarticulaire,dynamique,1,salle,machine,0,repetitions,bilateral,2,3,,,moyenne,moyenne,faible,moyenne,faible,faible,faible,,mu-t-bar-row,1
mu-rowing-landmine-unilateral,Rowing landmine unilatéral,Musculation,Tirage horizontal,Intermédiaire,,tirage_horizontal,tirage,sagittal,polyarticulaire,dynamique,4,salle,barre,0,repetitions,unilateral,4,3,,,moyenne,moyenne,faible,moyenne,faible,faible,faible,,mu-rowing-landmine-unilateral,0
mu-meadows-row,Meadows row,Musculation,Tirage horizontal,Intermédiaire,mu-rowing-landmine-unilateral,tirage_horizontal,tirage,sagittal,polyarticulaire,dynamique,4,salle,barre,0,repetitions,unilateral,4,3,,,moyenne,moyenne,faible,moyenne,faible,faible,faible,,mu-rowing-landmine-unilateral,1
mu-rowing-machine-poitrine-appuyee,Rowing assis à la machine poitrine appuyée,Musculation,Tirage horizontal,Débutant,,tirage_horizontal,tirage,sagittal,polyarticulaire,dynamique,1,salle,machine,0,repetitions,bilateral,2,3,,,moyenne,moyenne,faible,moyenne,faible,faible,faible,,mu-rowing-machine-poitrine-appuyee,0
mu-rowing-machine-convergente,Rowing machine convergente iso-latérale,Musculation,Tirage horizontal,Débutant,mu-rowing-machine-poitrine-appuyee,tirage_horizontal,tirage,sagittal,polyarticulaire,dynamique,1,salle,machine,0,repetitions,bilateral,2,3,,,moyenne,moyenne,faible,moyenne,faible,faible,faible,,mu-rowing-machine-poitrine-appuyee,1
mu-seal-row-barre,Seal row à la barre,Musculation,Tirage horizontal,Intermédiaire,,tirage_horizontal,tirage,sagittal,polyarticulaire,dynamique,4,salle,barre,0,repetitions,bilateral,4,3,,,moyenne,moyenne,faible,moyenne,faible,faible,faible,,mu-seal-row-barre,0
mu-seal-row-halteres,Seal row aux haltères,Musculation,Tirage horizontal,Intermédiaire,mu-seal-row-barre,tirage_horizontal,tirage,sagittal,polyarticulaire,dynamique,4,salle maison,halteres,0,repetitions,bilateral,3,3,,,moyenne,moyenne,faible,moyenne,faible,faible,faible,,mu-seal-row-barre,1
mu-rowing-inverse-smith-machine,Rowing inversé à la Smith machine,Musculation,Tirage horizontal,Débutant,,tirage_horizontal,tirage,sagittal,polyarticulaire,dynamique,2,salle,poids_du_corps,0,repetitions,bilateral,2,3,0.6,estimee,moyenne,moyenne,faible,moyenne,faible,faible,faible,,mu-rowing-inverse-smith-machine,0
mu-rowing-inverse-smith-pieds-sureleves,Rowing inversé à la Smith machine pieds surélevés,Musculation,Tirage horizontal,Intermédiaire,mu-rowing-inverse-smith-machine,tirage_horizontal,tirage,sagittal,polyarticulaire,dynamique,4,salle,poids_du_corps,0,repetitions,bilateral,3,3,0.7,estimee,moyenne,moyenne,faible,moyenne,faible,faible,faible,mu-rowing-inverse-smith-machine,mu-rowing-inverse-smith-machine,1
mu-gorilla-row-kettlebell,Gorilla row aux kettlebells,Musculation,Tirage horizontal,Intermédiaire,,tirage_horizontal,tirage,sagittal,polyarticulaire,dynamique,4,salle maison,kettlebell,0,repetitions,alterne,3,3,,,moyenne,moyenne,faible,moyenne,faible,faible,faible,,mu-gorilla-row-kettlebell,0
mu-face-pull-corde,Face pull à la poulie corde,Musculation,Tirage horizontal,Débutant,,tirage_horizontal,tirage,transversal,polyarticulaire,dynamique,2,salle,poulie,0,repetitions,bilateral,2,3,,,moyenne,moyenne,faible,moyenne,faible,faible,faible,,mu-face-pull-corde,0
mu-face-pull-elastique,Face pull à l'élastique,Musculation,Préparation scapulaire,Débutant,mu-face-pull-corde,preparation_scapulaire,isolation_haut,transversal,polyarticulaire,dynamique,2,salle maison exterieur,elastique,0,repetitions,bilateral,1,2,,,faible,faible,faible,faible,faible,faible,faible,,mu-face-pull-corde,1
mu-tirage-vertical-prise-large-pronation,Tirage vertical poulie prise large pronation,Musculation,Tirage vertical,Débutant,,tirage_vertical,tirage,frontal,polyarticulaire,dynamique,2,salle,poulie,0,repetitions,bilateral,2,3,,,moyenne,moyenne,faible,faible,faible,faible,faible,mu-tirage-vertical-a-genoux mu-tirage-vertical-machine-convergente,mu-tirage-vertical-prise-large-pronation,0
mu-tirage-vertical-prise-serree-supination,Tirage vertical poulie prise serrée supination,Musculation,Tirage vertical,Débutant,mu-tirage-vertical-prise-large-pronation,tirage_vertical,tirage,sagittal,polyarticulaire,dynamique,2,salle,poulie,0,repetitions,bilateral,2,3,,,moyenne,moyenne,faible,faible,faible,faible,faible,mu-tirage-vertical-a-genoux mu-tirage-vertical-machine-convergente,mu-tirage-vertical-prise-large-pronation,1
mu-tirage-vertical-prise-neutre,Tirage vertical poulie prise neutre,Musculation,Tirage vertical,Débutant,mu-tirage-vertical-prise-large-pronation,tirage_vertical,tirage,sagittal,polyarticulaire,dynamique,2,salle,poulie,0,repetitions,bilateral,2,3,,,moyenne,moyenne,faible,faible,faible,faible,faible,mu-tirage-vertical-a-genoux mu-tirage-vertical-machine-convergente,mu-tirage-vertical-prise-large-pronation,1
mu-tirage-vertical-triangle,Tirage vertical poulie au triangle,Musculation,Tirage vertical,Débutant,mu-tirage-vertical-prise-large-pronation,tirage_vertical,tirage,sagittal,polyarticulaire,dynamique,2,salle,poulie,0,repetitions,bilateral,2,3,,,moyenne,moyenne,faible,faible,faible,faible,faible,mu-tirage-vertical-a-genoux mu-tirage-vertical-machine-convergente,mu-tirage-vertical-prise-large-pronation,1
mu-tirage-vertical-unilateral,Tirage vertical poulie unilatéral assis,Musculation,Tirage vertical,Débutant,mu-tirage-vertical-prise-large-pronation,tirage_vertical,tirage,sagittal,polyarticulaire,dynamique,3,salle,poulie,0,repetitions,unilateral,2,3,,,moyenne,moyenne,faible,faible,faible,faible,faible,mu-tirage-vertical-prise-large-pronation mu-tirage-vertical-elastique,mu-tirage-vertical-prise-large-pronation,1
mu-tirage-vertical-unilateral-demi-agenouille,Tirage vertical poulie unilatéral en demi-agenouillé,Musculation,Tirage vertical,Intermédiaire,mu-tirage-vertical-unilateral,tirage_vertical,tirage,sagittal,polyarticulaire,dynamique,4,salle,poulie,0,repetitions,unilateral,2,3,,,moyenne,moyenne,faible,faible,faible,faible,faible,mu-tirage-vertical-unilateral mu-tirage-vertical-prise-large-pronation,mu-tirage-vertical-prise-large-pronation,2
mu-tirage-vertical-a-genoux,Tirage vertical poulie à genoux,Musculation,Tirage vertical,Débutant,mu-tirage-vertical-prise-large-pronation,tirage_vertical,tirage,frontal,polyarticulaire,dynamique,1,salle,poulie,0,repetitions,bilateral,2,3,,,moyenne,moyenne,faible,faible,faible,faible,faible,,mu-tirage-vertical-prise-large-pronation,1
mu-tirage-vertical-derriere-nuque,Tirage vertical poulie derrière la nuque,Musculation,Tirage vertical,Avancé,mu-tirage-vertical-prise-large-pronation,tirage_vertical,tirage,frontal,polyarticulaire,dynamique,7,salle,poulie,0,repetitions,bilateral,2,3,,,forte,moyenne,faible,faible,faible,faible,faible,mu-tirage-vertical-prise-large-pronation mu-tirage-vertical-poulies-vis-a-vis,mu-tirage-vertical-prise-large-pronation,1
mu-tirage-vertical-machine-convergente,Tirage vertical machine convergente,Musculation,Tirage vertical,Débutant,mu-tirage-vertical-prise-large-pronation,tirage_vertical,tirage,sagittal,polyarticulaire,dynamique,1,salle,machine,0,repetitions,bilateral,2,3,,,moyenne,moyenne,faible,faible,faible,faible,faible,,mu-tirage-vertical-prise-large-pronation,1
mu-tirage-vertical-elastique,Tirage vertical à l'élastique,Musculation,Tirage vertical,Débutant,mu-tirage-vertical-prise-large-pronation,tirage_vertical,tirage,frontal,polyarticulaire,dynamique,2,salle maison exterieur,elastique,0,repetitions,bilateral,3,3,,,moyenne,moyenne,faible,faible,faible,faible,faible,mu-tirage-vertical-a-genoux mu-tirage-vertical-machine-convergente,mu-tirage-vertical-prise-large-pronation,1
mu-tirage-vertical-poulies-vis-a-vis,Tirage vertical aux poulies vis-à-vis à genoux,Musculation,Tirage vertical,Intermédiaire,mu-tirage-vertical-prise-large-pronation,tirage_vertical,tirage,frontal,polyarticulaire,dynamique,4,salle,poulie,0,repetitions,bilateral,2,3,,,moyenne,moyenne,faible,faible,faible,faible,faible,mu-tirage-vertical-prise-large-pronation mu-tirage-vertical-unilateral,mu-tirage-vertical-prise-large-pronation,1
mu-traction-assistee-machine-pronation,Traction assistée à la machine prise pronation,Musculation,Tirage vertical,Débutant,,tirage_vertical,tirage,sagittal,polyarticulaire,dynamique,1,salle,machine,1,repetitions,bilateral,1,2,,,moyenne,moyenne,faible,faible,faible,faible,faible,,mu-traction-assistee-machine-pronation,0
mu-traction-assistee-machine-supination,Traction assistée à la machine prise supination,Musculation,Tirage vertical,Débutant,mu-traction-assistee-machine-pronation,tirage_vertical,tirage,sagittal,polyarticulaire,dynamique,1,salle,machine,1,repetitions,bilateral,1,2,,,moyenne,moyenne,faible,faible,faible,faible,faible,,mu-traction-assistee-machine-pronation,1
mu-tirage-haut-machine-convergente,Tirage haut à la machine convergente,Musculation,Tirage vertical,Débutant,,tirage_vertical,tirage,sagittal,polyarticulaire,dynamique,1,salle,machine,0,repetitions,bilateral,2,3,,,moyenne,moyenne,faible,faible,faible,faible,faible,,mu-tirage-haut-machine-convergente,0
mu-svend-press,Svend press,Musculation,Isolation pectoraux,Débutant,,isolation_pectoraux,isolation_haut,transversal,monoarticulaire,dynamique,2,salle maison exterieur,autre,0,repetitions,bilateral,1,3,,,moyenne,faible,faible,faible,faible,faible,faible,,mu-svend-press,0
mu-ecarte-halteres-plat,Écarté couché haltères,Musculation,Isolation pectoraux,Débutant,,isolation_pectoraux,isolation_haut,transversal,monoarticulaire,dynamique,2,salle maison,halteres,0,repetitions,bilateral,1,3,,,moyenne,faible,faible,faible,faible,faible,faible,,mu-ecarte-halteres-plat,0
mu-ecarte-halteres-incline,Écarté incliné haltères,Musculation,Isolation pectoraux,Débutant,mu-ecarte-halteres-plat,isolation_pectoraux,isolation_haut,transversal,monoarticulaire,dynamique,2,salle,halteres,0,repetitions,bilateral,1,4,,,moyenne,faible,faible,faible,faible,faible,faible,,mu-ecarte-halteres-plat,1
mu-ecarte-halteres-decline,Écarté décliné haltères,Musculation,Isolation pectoraux,Intermédiaire,mu-ecarte-halteres-plat,isolation_pectoraux,isolation_haut,transversal,monoarticulaire,dynamique,4,salle,halteres,0,repetitions,bilateral,1,3,,,moyenne,faible,faible,faible,faible,faible,faible,mu-ecarte-halteres-plat mu-ecarte-halteres-incline,mu-ecarte-halteres-plat,1
mu-ecarte-poulie-vis-a-vis-milieu,Écarté poulie vis-à-vis milieu,Musculation,Isolation pectoraux,Débutant,,isolation_pectoraux,isolation_haut,transversal,monoarticulaire,dynamique,2,salle,poulie,0,repetitions,bilateral,1,3,,,moyenne,faible,faible,faible,faible,faible,faible,,mu-ecarte-poulie-vis-a-vis-milieu,0
mu-ecarte-poulie-haut-vers-bas,Écarté poulie vis-à-vis haut vers bas,Musculation,Isolation pectoraux,Débutant,mu-ecarte-poulie-vis-a-vis-milieu,isolation_pectoraux,isolation_haut,transversal,monoarticulaire,dynamique,2,salle,poulie,0,repetitions,bilateral,1,3,,,moyenne,faible,faible,faible,faible,faible,faible,,mu-ecarte-poulie-vis-a-vis-milieu,1
mu-ecarte-poulie-bas-vers-haut,Écarté poulie vis-à-vis bas vers haut,Musculation,Isolation pectoraux,Débutant,mu-ecarte-poulie-vis-a-vis-milieu,isolation_pectoraux,isolation_haut,transversal,monoarticulaire,dynamique,2,salle,poulie,0,repetitions,bilateral,1,3,,,moyenne,faible,faible,faible,faible,faible,faible,,mu-ecarte-poulie-vis-a-vis-milieu,1
mu-ecarte-poulie-unilateral,Écarté poulie unilatéral,Musculation,Isolation pectoraux,Débutant,mu-ecarte-poulie-vis-a-vis-milieu,isolation_pectoraux,isolation_haut,transversal,monoarticulaire,dynamique,3,salle,poulie,0,repetitions,unilateral,1,3,,,moyenne,faible,faible,faible,faible,faible,faible,mu-ecarte-poulie-vis-a-vis-milieu mu-ecarte-poulie-banc-plat,mu-ecarte-poulie-vis-a-vis-milieu,1
mu-ecarte-poulie-banc-plat,Écarté poulie allongé sur banc,Musculation,Isolation pectoraux,Débutant,mu-ecarte-poulie-vis-a-vis-milieu,isolation_pectoraux,isolation_haut,transversal,monoarticulaire,dynamique,2,salle,poulie,0,repetitions,bilateral,1,3,,,moyenne,faible,faible,faible,faible,faible,faible,,mu-ecarte-poulie-vis-a-vis-milieu,1
mu-pec-deck,Pec deck,Musculation,Isolation pectoraux,Débutant,,isolation_pectoraux,isolation_haut,transversal,monoarticulaire,dynamique,1,salle,machine,0,repetitions,bilateral,1,3,,,moyenne,faible,faible,faible,faible,faible,faible,,mu-pec-deck,0
mu-pec-deck-unilateral,Pec deck unilatéral,Musculation,Isolation pectoraux,Débutant,mu-pec-deck,isolation_pectoraux,isolation_haut,transversal,monoarticulaire,dynamique,2,salle,machine,0,repetitions,unilateral,1,3,,,moyenne,faible,faible,faible,faible,faible,faible,mu-pec-deck,mu-pec-deck,1
mu-tirage-bras-tendus-poulie-barre,Tirage bras tendus poulie haute à la barre,Musculation,Isolation dos,Débutant,,isolation_dos,isolation_haut,sagittal,monoarticulaire,dynamique,2,salle,poulie,0,repetitions,bilateral,1,3,,,moyenne,faible,faible,faible,faible,faible,faible,,mu-tirage-bras-tendus-poulie-barre,0
mu-tirage-bras-tendus-poulie-corde,Tirage bras tendus poulie haute à la corde,Musculation,Isolation dos,Débutant,mu-tirage-bras-tendus-poulie-barre,isolation_dos,isolation_haut,sagittal,monoarticulaire,dynamique,2,salle,poulie,0,repetitions,bilateral,1,3,,,moyenne,faible,faible,faible,faible,faible,faible,,mu-tirage-bras-tendus-poulie-barre,1
mu-tirage-bras-tendus-unilateral-poulie,Tirage bras tendu unilatéral poulie haute,Musculation,Isolation dos,Intermédiaire,mu-tirage-bras-tendus-poulie-barre,isolation_dos,isolation_haut,sagittal,monoarticulaire,dynamique,4,salle,poulie,0,repetitions,unilateral,1,3,,,moyenne,faible,faible,faible,faible,faible,faible,mu-tirage-bras-tendus-poulie-barre mu-tirage-bras-tendus-elastique,mu-tirage-bras-tendus-poulie-barre,1
mu-tirage-bras-tendus-elastique,Tirage bras tendus à l'élastique,Musculation,Isolation dos,Débutant,mu-tirage-bras-tendus-poulie-barre,isolation_dos,isolation_haut,sagittal,monoarticulaire,dynamique,2,salle maison exterieur,elastique,0,repetitions,bilateral,1,3,,,moyenne,faible,faible,faible,faible,faible,faible,,mu-tirage-bras-tendus-poulie-barre,1
mu-pull-over-haltere,Pull-over haltère allongé sur banc,Musculation,Isolation dos,Débutant,,isolation_dos,isolation_haut,sagittal,monoarticulaire,dynamique,2,salle maison,halteres,0,repetitions,bilateral,1,3,,,moyenne,faible,faible,faible,faible,faible,faible,mu-pull-over-machine,mu-pull-over-haltere,0
mu-pull-over-barre-ez,Pull-over barre EZ bras fléchis,Musculation,Isolation dos,Intermédiaire,mu-pull-over-haltere,isolation_dos,isolation_haut,sagittal,monoarticulaire,dynamique,4,salle,barre,0,repetitions,bilateral,1,3,,,moyenne,faible,faible,faible,faible,faible,faible,mu-pull-over-haltere mu-pull-over-machine,mu-pull-over-haltere,1
mu-pull-over-poulie-allonge,Pull-over poulie basse allongé sur banc,Musculation,Isolation dos,Intermédiaire,mu-pull-over-haltere,isolation_dos,isolation_haut,sagittal,monoarticulaire,dynamique,4,salle,poulie,0,repetitions,bilateral,1,3,,,moyenne,faible,faible,faible,faible,faible,faible,mu-pull-over-haltere mu-pull-over-machine,mu-pull-over-haltere,1
mu-pull-over-machine,Pull-over machine,Musculation,Isolation dos,Débutant,mu-pull-over-haltere,isolation_dos,isolation_haut,sagittal,monoarticulaire,dynamique,1,salle,machine,0,repetitions,bilateral,1,3,,,moyenne,faible,faible,faible,faible,faible,faible,,mu-pull-over-haltere,1
mu-elevation-laterale-halteres,Élévation latérale haltères,Musculation,Isolation épaules,Débutant,,isolation_epaules,isolation_haut,frontal,monoarticulaire,dynamique,2,salle maison,halteres,0,repetitions,bilateral,1,4,,,moyenne,faible,faible,faible,faible,faible,faible,mu-elevation-laterale-machine,mu-elevation-laterale-halteres,0
mu-elevation-laterale-poulie-unilaterale,Élévation latérale à la poulie unilatérale,Musculation,Isolation épaules,Débutant,mu-elevation-laterale-halteres,isolation_epaules,isolation_haut,frontal,monoarticulaire,dynamique,3,salle,poulie,0,repetitions,unilateral,1,4,,,moyenne,faible,faible,faible,faible,faible,faible,mu-elevation-laterale-halteres mu-elevation-laterale-buste-appuye-banc-incline,mu-elevation-laterale-halteres,1
mu-elevation-laterale-poulie-derriere-dos,Élévation latérale à la poulie câble derrière le dos,Musculation,Isolation épaules,Intermédiaire,mu-elevation-laterale-poulie-unilaterale,isolation_epaules,isolation_haut,frontal,monoarticulaire,dynamique,4,salle,poulie,0,repetitions,bilateral,1,4,,,moyenne,faible,faible,faible,faible,faible,faible,mu-elevation-laterale-poulie-unilaterale mu-elevation-laterale-halteres,mu-elevation-laterale-halteres,2
mu-elevation-laterale-machine,Élévation latérale à la machine,Musculation,Isolation épaules,Débutant,mu-elevation-laterale-halteres,isolation_epaules,isolation_haut,frontal,monoarticulaire,dynamique,1,salle,machine,0,repetitions,bilateral,1,4,,,moyenne,faible,faible,faible,faible,faible,faible,,mu-elevation-laterale-halteres,1
mu-elevation-laterale-lean-away,Élévation latérale lean-away haltère,Musculation,Isolation épaules,Intermédiaire,mu-elevation-laterale-halteres,isolation_epaules,isolation_haut,frontal,monoarticulaire,dynamique,4,salle,halteres,0,repetitions,unilateral,1,4,,,moyenne,faible,faible,faible,faible,faible,faible,mu-elevation-laterale-halteres mu-elevation-laterale-poulie-unilaterale,mu-elevation-laterale-halteres,1
mu-elevation-laterale-banc-incline-lateral,Élévation latérale allongé sur le côté sur banc incliné,Musculation,Isolation épaules,Intermédiaire,mu-elevation-laterale-halteres,isolation_epaules,isolation_haut,frontal,monoarticulaire,dynamique,4,salle,halteres,0,repetitions,unilateral,1,4,,,moyenne,faible,faible,faible,faible,faible,faible,mu-elevation-laterale-halteres mu-elevation-laterale-poulie-unilaterale,mu-elevation-laterale-halteres,1
mu-elevation-laterale-buste-appuye-banc-incline,Élévation latérale buste appuyé sur banc incliné,Musculation,Isolation épaules,Débutant,mu-elevation-laterale-halteres,isolation_epaules,isolation_haut,frontal,monoarticulaire,dynamique,2,salle,halteres,0,repetitions,bilateral,1,4,,,moyenne,faible,faible,faible,faible,faible,faible,mu-elevation-laterale-machine,mu-elevation-laterale-halteres,1
mu-elevation-laterale-partielle,Élévation latérale partielle en position basse,Musculation,Isolation épaules,Intermédiaire,mu-elevation-laterale-halteres,isolation_epaules,isolation_haut,frontal,monoarticulaire,dynamique,4,salle maison,halteres,0,repetitions,bilateral,1,4,,,moyenne,faible,faible,faible,faible,faible,faible,mu-elevation-laterale-halteres mu-elevation-laterale-poulie-unilaterale,mu-elevation-laterale-halteres,1
mu-lu-raise,Lu raise,Musculation,Isolation épaules,Intermédiaire,mu-elevation-laterale-halteres,isolation_epaules,isolation_haut,multiple,monoarticulaire,dynamique,4,salle maison,halteres,0,repetitions,bilateral,1,3,,,moyenne,faible,faible,faible,faible,faible,faible,mu-elevation-laterale-halteres mu-elevation-laterale-poulie-unilaterale,mu-elevation-laterale-halteres,1
mu-elevation-laterale-elastique,Élévation latérale à l'élastique,Musculation,Isolation épaules,Débutant,mu-elevation-laterale-halteres,isolation_epaules,isolation_haut,frontal,monoarticulaire,dynamique,2,salle maison exterieur,elastique,0,repetitions,bilateral,1,4,,,moyenne,faible,faible,faible,faible,faible,faible,mu-elevation-laterale-machine,mu-elevation-laterale-halteres,1
mu-elevation-frontale-halteres,Élévation frontale haltères,Musculation,Isolation épaules,Débutant,,isolation_epaules,isolation_haut,sagittal,monoarticulaire,dynamique,2,salle maison,halteres,0,repetitions,bilateral,1,4,,,moyenne,faible,faible,faible,faible,faible,faible,,mu-elevation-frontale-halteres,0
mu-elevation-frontale-barre,Élévation frontale barre,Musculation,Isolation épaules,Débutant,mu-elevation-frontale-halteres,isolation_epaules,isolation_haut,sagittal,monoarticulaire,dynamique,2,salle,barre,0,repetitions,bilateral,1,4,,,moyenne,faible,faible,faible,faible,faible,faible,,mu-elevation-frontale-halteres,1
mu-elevation-frontale-disque,Élévation frontale disque,Musculation,Isolation épaules,Débutant,mu-elevation-frontale-halteres,isolation_epaules,isolation_haut,sagittal,monoarticulaire,dynamique,2,salle maison exterieur,autre,0,repetitions,bilateral,1,4,,,moyenne,faible,faible,faible,faible,faible,faible,,mu-elevation-frontale-halteres,1
mu-elevation-frontale-poulie,Élévation frontale à la poulie,Musculation,Isolation épaules,Débutant,mu-elevation-frontale-halteres,isolation_epaules,isolation_haut,sagittal,monoarticulaire,dynamique,2,salle,poulie,0,repetitions,bilateral,1,4,,,moyenne,faible,faible,faible,faible,faible,faible,,mu-elevation-frontale-halteres,1
mu-rowing-menton-barre,Rowing menton barre,Musculation,Isolation épaules,Intermédiaire,,isolation_epaules,isolation_haut,frontal,polyarticulaire,dynamique,4,salle,barre,0,repetitions,bilateral,2,3,,,moyenne,faible,faible,faible,faible,faible,faible,mu-rowing-menton-halteres mu-rowing-menton-poulie,mu-rowing-menton-barre,0
mu-rowing-menton-poulie,Rowing menton à la poulie,Musculation,Isolation épaules,Débutant,mu-rowing-menton-barre,isolation_epaules,isolation_haut,frontal,polyarticulaire,dynamique,2,salle,poulie,0,repetitions,bilateral,1,3,,,moyenne,faible,faible,faible,faible,faible,faible,,mu-rowing-menton-barre,1
mu-rowing-menton-halteres,Rowing menton haltères,Musculation,Isolation épaules,Débutant,mu-rowing-menton-barre,isolation_epaules,isolation_haut,frontal,polyarticulaire,dynamique,2,salle maison,halteres,0,repetitions,bilateral,1,3,,,moyenne,faible,faible,faible,faible,faible,faible,,mu-rowing-menton-barre,1
mu-oiseau-halteres,Oiseau haltères buste penché,Musculation,Isolation épaules,Débutant,,isolation_epaules,isolation_haut,transversal,monoarticulaire,dynamique,2,salle maison,halteres,0,repetitions,bilateral,1,4,,,moyenne,faible,faible,faible,faible,faible,faible,mu-oiseau-pec-deck-inverse,mu-oiseau-halteres,0
mu-oiseau-poulie-croisee,Oiseau à la poulie croisée,Musculation,Isolation épaules,Intermédiaire,mu-oiseau-halteres,isolation_epaules,isolation_haut,transversal,monoarticulaire,dynamique,4,salle,poulie,0,repetitions,bilateral,1,4,,,moyenne,faible,faible,faible,faible,faible,faible,mu-oiseau-halteres mu-oiseau-banc-incline,mu-oiseau-halteres,1
mu-oiseau-pec-deck-inverse,Oiseau au pec deck inversé,Musculation,Isolation épaules,Débutant,mu-oiseau-halteres,isolation_epaules,isolation_haut,transversal,monoarticulaire,dynamique,1,salle,machine,0,repetitions,bilateral,1,4,,,moyenne,faible,faible,faible,faible,faible,faible,,mu-oiseau-halteres,1
mu-oiseau-banc-incline,Oiseau haltères buste appuyé sur banc incliné,Musculation,Isolation épaules,Débutant,mu-oiseau-halteres,isolation_epaules,isolation_haut,transversal,monoarticulaire,dynamique,2,salle,halteres,0,repetitions,bilateral,1,4,,,moyenne,faible,faible,faible,faible,faible,faible,mu-oiseau-pec-deck-inverse,mu-oiseau-halteres,1
mu-rotation-externe-poulie,Rotation externe à la poulie coude au corps,Musculation,Isolation épaules,Débutant,,isolation_epaules,isolation_haut,transversal,monoarticulaire,dynamique,2,salle,poulie,0,repetitions,unilateral,1,4,,,moyenne,faible,faible,faible,faible,faible,faible,,mu-rotation-externe-poulie,0
mu-rotation-externe-poulie-90-90,Rotation externe à la poulie en abduction 90-90,Musculation,Isolation épaules,Intermédiaire,mu-rotation-externe-poulie,isolation_epaules,isolation_haut,transversal,monoarticulaire,dynamique,4,salle,poulie,0,repetitions,unilateral,1,4,,,moyenne,faible,faible,faible,faible,faible,faible,mu-rotation-externe-poulie mu-rotation-externe-elastique,mu-rotation-externe-poulie,1
mu-rotation-externe-elastique,Rotation externe à l'élastique,Musculation,Isolation épaules,Débutant,mu-rotation-externe-poulie,isolation_epaules,isolation_haut,transversal,monoarticulaire,dynamique,2,salle maison exterieur,elastique,0,repetitions,unilateral,1,4,,,moyenne,faible,faible,faible,faible,faible,faible,,mu-rotation-externe-poulie,1
mu-rotation-externe-haltere-couche,Rotation externe haltère couché sur le côté,Musculation,Isolation épaules,Débutant,mu-rotation-externe-poulie,isolation_epaules,isolation_haut,transversal,monoarticulaire,dynamique,2,salle maison,halteres,0,repetitions,unilateral,1,4,,,moyenne,faible,faible,faible,faible,faible,faible,,mu-rotation-externe-poulie,1
mu-rotation-interne-poulie,Rotation interne à la poulie coude au corps,Musculation,Isolation épaules,Débutant,,isolation_epaules,isolation_haut,transversal,monoarticulaire,dynamique,2,salle,poulie,0,repetitions,unilateral,1,4,,,moyenne,faible,faible,faible,faible,faible,faible,,mu-rotation-interne-poulie,0
mu-rotation-interne-elastique,Rotation interne à l'élastique,Musculation,Isolation épaules,Débutant,mu-rotation-interne-poulie,isolation_epaules,isolation_haut,transversal,monoarticulaire,dynamique,2,salle maison exterieur,elastique,0,repetitions,unilateral,1,4,,,moyenne,faible,faible,faible,faible,faible,faible,,mu-rotation-interne-poulie,1
mu-rotation-interne-haltere-couche,Rotation interne haltère couché sur le côté,Musculation,Isolation épaules,Débutant,mu-rotation-interne-poulie,isolation_epaules,isolation_haut,transversal,monoarticulaire,dynamique,2,salle maison,halteres,0,repetitions,unilateral,1,4,,,moyenne,faible,faible,faible,faible,faible,faible,,mu-rotation-interne-poulie,1
mu-cuban-press,Cuban press haltères,Musculation,Isolation épaules,Intermédiaire,,isolation_epaules,isolation_haut,multiple,polyarticulaire,dynamique,4,salle maison,halteres,0,repetitions,bilateral,1,3,,,moyenne,faible,faible,faible,faible,faible,faible,,mu-cuban-press,0
mu-shrug-barre,Shrug barre,Musculation,Élévation scapulaire / trapèzes,Débutant,,isolation_trapezes,isolation_haut,frontal,monoarticulaire,dynamique,2,salle,barre,0,repetitions,bilateral,1,3,,,faible,faible,faible,faible,faible,faible,faible,mu-shrug-smith,mu-shrug-barre,0
mu-shrug-barre-derriere-dos,Shrug barre derrière le dos,Musculation,Élévation scapulaire / trapèzes,Intermédiaire,mu-shrug-barre,isolation_trapezes,isolation_haut,frontal,monoarticulaire,dynamique,4,salle,barre,0,repetitions,bilateral,1,3,,,faible,faible,faible,faible,faible,faible,faible,mu-shrug-barre mu-shrug-halteres,mu-shrug-barre,1
mu-shrug-halteres,Shrug haltères,Musculation,Élévation scapulaire / trapèzes,Débutant,mu-shrug-barre,isolation_trapezes,isolation_haut,frontal,monoarticulaire,dynamique,2,salle maison,halteres,0,repetitions,bilateral,1,3,,,faible,faible,faible,faible,faible,faible,faible,mu-shrug-smith,mu-shrug-barre,1
mu-shrug-trap-bar,Shrug trap bar,Musculation,Élévation scapulaire / trapèzes,Débutant,mu-shrug-barre,isolation_trapezes,isolation_haut,frontal,monoarticulaire,dynamique,2,salle,barre,0,repetitions,bilateral,1,3,,,faible,faible,faible,faible,faible,faible,faible,mu-shrug-smith,mu-shrug-barre,1
mu-shrug-smith,Shrug à la Smith machine,Musculation,Élévation scapulaire / trapèzes,Débutant,mu-shrug-barre,isolation_trapezes,isolation_haut,frontal,monoarticulaire,dynamique,1,salle,machine,0,repetitions,bilateral,1,3,,,faible,faible,faible,faible,faible,faible,faible,,mu-shrug-barre,1
mu-shrug-poulie,Shrug à la poulie,Musculation,Élévation scapulaire / trapèzes,Débutant,mu-shrug-barre,isolation_trapezes,isolation_haut,frontal,monoarticulaire,dynamique,2,salle,poulie,0,repetitions,bilateral,1,3,,,faible,faible,faible,faible,faible,faible,faible,mu-shrug-smith,mu-shrug-barre,1
mu-y-raise-banc-incline,Y raise sur banc incliné,Musculation,Préparation scapulaire,Débutant,,preparation_scapulaire,isolation_haut,multiple,monoarticulaire,dynamique,2,salle,halteres,0,repetitions,bilateral,1,2,,,faible,faible,faible,faible,faible,faible,faible,,mu-y-raise-banc-incline,0
mu-t-raise-banc-incline,T raise sur banc incliné,Musculation,Préparation scapulaire,Débutant,mu-y-raise-banc-incline,preparation_scapulaire,isolation_haut,transversal,monoarticulaire,dynamique,2,salle,halteres,0,repetitions,bilateral,1,2,,,faible,faible,faible,faible,faible,faible,faible,,mu-y-raise-banc-incline,1
mu-w-raise-banc-incline,W raise sur banc incliné,Musculation,Préparation scapulaire,Débutant,mu-y-raise-banc-incline,preparation_scapulaire,isolation_haut,multiple,monoarticulaire,dynamique,2,salle,halteres,0,repetitions,bilateral,1,2,,,faible,faible,faible,faible,faible,faible,faible,,mu-y-raise-banc-incline,1
mu-band-pull-apart,Band pull-apart,Musculation,Préparation scapulaire,Débutant,,preparation_scapulaire,isolation_haut,transversal,monoarticulaire,dynamique,2,salle maison exterieur,elastique,0,repetitions,bilateral,1,2,,,faible,faible,faible,faible,faible,faible,faible,,mu-band-pull-apart,0
mu-halo-kettlebell,Halo kettlebell,Musculation,Préparation scapulaire,Débutant,,preparation_scapulaire,isolation_haut,multiple,monoarticulaire,dynamique,2,salle maison,kettlebell,0,repetitions,bilateral,1,2,,,faible,faible,faible,faible,faible,faible,faible,,mu-halo-kettlebell,0
mu-curl-barre-droite,Curl biceps à la barre droite,Musculation,Isolation biceps,Débutant,,isolation_biceps,isolation_bras,sagittal,monoarticulaire,dynamique,2,salle,barre,0,repetitions,bilateral,1,3,,,faible,moyenne,faible,faible,faible,faible,faible,,mu-curl-barre-droite,0
mu-curl-barre-droite-triche,Curl à la barre droite en triche contrôlée,Musculation,Isolation biceps,Avancé,mu-curl-barre-droite,isolation_biceps,isolation_bras,sagittal,monoarticulaire,dynamique,7,salle,barre,0,repetitions,bilateral,1,3,,,faible,moyenne,faible,faible,faible,faible,faible,mu-curl-barre-droite mu-drag-curl-barre,mu-curl-barre-droite,1
mu-curl-barre-ez,Curl biceps à la barre EZ,Musculation,Isolation biceps,Débutant,mu-curl-barre-droite,isolation_biceps,isolation_bras,sagittal,monoarticulaire,dynamique,2,salle,barre,0,repetitions,bilateral,1,3,,,faible,moyenne,faible,faible,faible,faible,faible,,mu-curl-barre-droite,1
mu-drag-curl-barre,Drag curl à la barre,Musculation,Isolation biceps,Intermédiaire,mu-curl-barre-droite,isolation_biceps,isolation_bras,sagittal,monoarticulaire,dynamique,4,salle,barre,0,repetitions,bilateral,1,4,,,faible,moyenne,faible,faible,faible,faible,faible,mu-curl-barre-droite mu-curl-barre-ez,mu-curl-barre-droite,1
mu-curl-halteres-simultane,Curl biceps aux haltères simultané,Musculation,Isolation biceps,Débutant,,isolation_biceps,isolation_bras,sagittal,monoarticulaire,dynamique,2,salle maison,halteres,0,repetitions,bilateral,1,3,,,faible,moyenne,faible,faible,faible,faible,faible,,mu-curl-halteres-simultane,0
mu-curl-halteres-alterne,Curl biceps aux haltères alterné,Musculation,Isolation biceps,Débutant,mu-curl-halteres-simultane,isolation_biceps,isolation_bras,sagittal,monoarticulaire,dynamique,2,salle maison,halteres,0,repetitions,alterne,1,3,,,faible,moyenne,faible,faible,faible,faible,faible,,mu-curl-halteres-simultane,1
mu-curl-halteres-supination,Curl haltères avec supination active,Musculation,Isolation biceps,Débutant,mu-curl-halteres-simultane,isolation_biceps,isolation_bras,sagittal,monoarticulaire,dynamique,2,salle maison,halteres,0,repetitions,bilateral,1,3,,,faible,moyenne,faible,faible,faible,faible,faible,,mu-curl-halteres-simultane,1
mu-curl-incline-halteres,Curl incliné aux haltères,Musculation,Isolation biceps,Intermédiaire,mu-curl-halteres-simultane,isolation_biceps,isolation_bras,sagittal,monoarticulaire,dynamique,4,salle,halteres,0,repetitions,bilateral,1,3,,,faible,moyenne,faible,faible,faible,faible,faible,mu-curl-halteres-simultane mu-curl-halteres-alterne,mu-curl-halteres-simultane,1
mu-curl-marteau-halteres,Curl marteau aux haltères,Musculation,Isolation biceps,Débutant,,isolation_biceps,isolation_bras,sagittal,monoarticulaire,dynamique,2,salle maison,halteres,0,repetitions,bilateral,1,3,,,faible,moyenne,faible,faible,faible,faible,faible,,mu-curl-marteau-halteres,0
mu-curl-marteau-corde-poulie,Curl marteau à la corde (poulie basse),Musculation,Isolation biceps,Débutant,mu-curl-marteau-halteres,isolation_biceps,isolation_bras,sagittal,monoarticulaire,dynamique,2,salle,poulie,0,repetitions,bilateral,1,3,,,faible,moyenne,faible,faible,faible,faible,faible,,mu-curl-marteau-halteres,1
mu-curl-marteau-croise,Curl marteau croisé (cross-body),Musculation,Isolation biceps,Débutant,mu-curl-marteau-halteres,isolation_biceps,isolation_bras,sagittal,monoarticulaire,dynamique,2,salle maison,halteres,0,repetitions,bilateral,1,3,,,faible,moyenne,faible,faible,faible,faible,faible,,mu-curl-marteau-halteres,1
mu-curl-zottman,Curl Zottman aux haltères,Musculation,Isolation biceps,Intermédiaire,,isolation_biceps,isolation_bras,sagittal,monoarticulaire,dynamique,4,salle maison,halteres,0,repetitions,bilateral,1,3,,,faible,moyenne,faible,faible,faible,faible,faible,,mu-curl-zottman,0
mu-curl-concentre,Curl concentré à l'haltère,Musculation,Isolation biceps,Débutant,,isolation_biceps,isolation_bras,sagittal,monoarticulaire,dynamique,2,salle maison,halteres,0,repetitions,unilateral,1,3,,,faible,moyenne,faible,faible,faible,faible,faible,,mu-curl-concentre,0
mu-spider-curl-halteres,Spider curl aux haltères,Musculation,Isolation biceps,Intermédiaire,,isolation_biceps,isolation_bras,sagittal,monoarticulaire,dynamique,4,salle,halteres,0,repetitions,bilateral,1,3,,,faible,moyenne,faible,faible,faible,faible,faible,,mu-spider-curl-halteres,0
mu-curl-pupitre-barre-ez,Curl pupitre à la barre EZ,Musculation,Isolation biceps,Débutant,,isolation_biceps,isolation_bras,sagittal,monoarticulaire,dynamique,2,salle,barre,0,repetitions,bilateral,1,3,,,faible,moyenne,faible,faible,faible,faible,faible,mu-curl-pupitre-machine,mu-curl-pupitre-barre-ez,0
mu-curl-pupitre-haltere,Curl pupitre unilatéral à l'haltère,Musculation,Isolation biceps,Débutant,mu-curl-pupitre-barre-ez,isolation_biceps,isolation_bras,sagittal,monoarticulaire,dynamique,3,salle,halteres,0,repetitions,unilateral,1,3,,,faible,moyenne,faible,faible,faible,faible,faible,mu-curl-pupitre-barre-ez mu-curl-pupitre-machine,mu-curl-pupitre-barre-ez,1
mu-curl-pupitre-machine,Curl biceps à la machine pupitre,Musculation,Isolation biceps,Débutant,mu-curl-pupitre-barre-ez,isolation_biceps,isolation_bras,sagittal,monoarticulaire,dynamique,1,salle,machine,0,repetitions,bilateral,1,3,,,faible,moyenne,faible,faible,faible,faible,faible,,mu-curl-pupitre-barre-ez,1
mu-curl-poulie-basse-barre,Curl biceps à la poulie basse (barre),Musculation,Isolation biceps,Débutant,,isolation_biceps,isolation_bras,sagittal,monoarticulaire,dynamique,2,salle,poulie,0,repetitions,bilateral,1,3,,,faible,moyenne,faible,faible,faible,faible,faible,,mu-curl-poulie-basse-barre,0
mu-curl-poulie-basse-unilateral,Curl unilatéral à la poulie basse face à la poulie,Musculation,Isolation biceps,Débutant,mu-curl-poulie-basse-barre,isolation_biceps,isolation_bras,sagittal,monoarticulaire,dynamique,3,salle,poulie,0,repetitions,unilateral,1,3,,,faible,moyenne,faible,faible,faible,faible,faible,mu-curl-poulie-basse-barre,mu-curl-poulie-basse-barre,1
mu-bayesian-curl,Curl bayésien à la poulie,Musculation,Isolation biceps,Intermédiaire,mu-curl-poulie-basse-barre,isolation_biceps,isolation_bras,sagittal,monoarticulaire,dynamique,4,salle,poulie,0,repetitions,bilateral,1,4,,,faible,moyenne,faible,faible,faible,faible,faible,mu-curl-poulie-basse-barre mu-curl-poulie-basse-unilateral,mu-curl-poulie-basse-barre,1
mu-curl-poulie-haute-double,Curl à la poulie haute double biceps,Musculation,Isolation biceps,Intermédiaire,,isolation_biceps,isolation_bras,sagittal,monoarticulaire,dynamique,4,salle,poulie,0,repetitions,bilateral,1,3,,,faible,moyenne,faible,faible,faible,faible,faible,,mu-curl-poulie-haute-double,0
mu-curl-elastique,Curl biceps à l'élastique,Musculation,Isolation biceps,Débutant,,isolation_biceps,isolation_bras,sagittal,monoarticulaire,dynamique,2,salle maison exterieur,elastique,0,repetitions,bilateral,1,3,,,faible,moyenne,faible,faible,faible,faible,faible,,mu-curl-elastique,0
mu-barre-au-front-ez,Barre au front à la barre EZ,Musculation,Isolation triceps,Intermédiaire,,isolation_triceps,isolation_bras,sagittal,monoarticulaire,dynamique,4,salle,barre,0,repetitions,bilateral,1,3,,,faible,forte,faible,faible,faible,faible,faible,mu-barre-au-front-halteres,mu-barre-au-front-ez,0
mu-barre-au-front-halteres,Barre au front aux haltères,Musculation,Isolation triceps,Débutant,mu-barre-au-front-ez,isolation_triceps,isolation_bras,sagittal,monoarticulaire,dynamique,2,salle maison,halteres,0,repetitions,bilateral,1,3,,,faible,forte,faible,faible,faible,faible,faible,,mu-barre-au-front-ez,1
mu-barre-au-front-incline,Barre au front sur banc incliné,Musculation,Isolation triceps,Intermédiaire,mu-barre-au-front-ez,isolation_triceps,isolation_bras,sagittal,monoarticulaire,dynamique,4,salle,barre,0,repetitions,bilateral,1,3,,,faible,forte,faible,faible,faible,faible,faible,mu-barre-au-front-halteres,mu-barre-au-front-ez,1
mu-extension-couchee-poulie,Extension triceps couchée à la poulie,Musculation,Isolation triceps,Intermédiaire,mu-barre-au-front-ez,isolation_triceps,isolation_bras,sagittal,monoarticulaire,dynamique,4,salle,poulie,0,repetitions,bilateral,1,3,,,faible,moyenne,faible,faible,faible,faible,faible,mu-barre-au-front-halteres,mu-barre-au-front-ez,1
mu-jm-press,JM press,Musculation,Isolation triceps,Avancé,,isolation_triceps,isolation_bras,sagittal,monoarticulaire,dynamique,7,salle,barre,0,repetitions,bilateral,1,3,,,faible,forte,faible,faible,faible,faible,faible,,mu-jm-press,0
mu-tate-press,Tate press aux haltères,Musculation,Isolation triceps,Intermédiaire,,isolation_triceps,isolation_bras,sagittal,monoarticulaire,dynamique,4,salle maison,halteres,0,repetitions,bilateral,1,4,,,faible,forte,faible,faible,faible,faible,faible,,mu-tate-press,0
mu-extension-croisee-couche-haltere,Extension triceps couchée croisée à l'haltère,Musculation,Isolation triceps,Intermédiaire,,isolation_triceps,isolation_bras,sagittal,monoarticulaire,dynamique,4,salle maison,halteres,0,repetitions,unilateral,1,3,,,faible,moyenne,faible,faible,faible,faible,faible,,mu-extension-croisee-couche-haltere,0
mu-extension-nuque-haltere-deux-mains,Extension nuque à l'haltère à deux mains,Musculation,Isolation triceps,Débutant,,isolation_triceps,isolation_bras,sagittal,monoarticulaire,dynamique,2,salle,halteres,0,repetitions,bilateral,1,3,,,faible,moyenne,faible,faible,faible,faible,faible,,mu-extension-nuque-haltere-deux-mains,0
mu-extension-nuque-haltere-unilaterale,Extension nuque unilatérale à l'haltère,Musculation,Isolation triceps,Débutant,mu-extension-nuque-haltere-deux-mains,isolation_triceps,isolation_bras,sagittal,monoarticulaire,dynamique,3,salle maison,halteres,0,repetitions,unilateral,1,3,,,faible,moyenne,faible,faible,faible,faible,faible,mu-extension-nuque-haltere-deux-mains mu-extension-nuque-poulie-corde,mu-extension-nuque-haltere-deux-mains,1
mu-extension-nuque-barre-ez,Extension nuque à la barre EZ,Musculation,Isolation triceps,Intermédiaire,mu-extension-nuque-haltere-deux-mains,isolation_triceps,isolation_bras,sagittal,monoarticulaire,dynamique,4,salle,barre,0,repetitions,bilateral,1,3,,,faible,moyenne,faible,faible,faible,faible,faible,mu-extension-nuque-haltere-deux-mains mu-extension-nuque-haltere-unilaterale,mu-extension-nuque-haltere-deux-mains,1
mu-extension-nuque-poulie-corde,Extension nuque à la poulie (corde),Musculation,Isolation triceps,Débutant,mu-extension-nuque-haltere-deux-mains,isolation_triceps,isolation_bras,sagittal,monoarticulaire,dynamique,2,salle,poulie,0,repetitions,bilateral,1,3,,,faible,moyenne,faible,faible,faible,faible,faible,,mu-extension-nuque-haltere-deux-mains,1
mu-pushdown-corde,Pushdown à la corde,Musculation,Isolation triceps,Débutant,,isolation_triceps,isolation_bras,sagittal,monoarticulaire,dynamique,2,salle,poulie,0,repetitions,bilateral,1,4,,,faible,moyenne,faible,faible,faible,faible,faible,,mu-pushdown-corde,0
mu-pushdown-barre-droite,Pushdown à la barre droite,Musculation,Isolation triceps,Débutant,mu-pushdown-corde,isolation_triceps,isolation_bras,sagittal,monoarticulaire,dynamique,2,salle,poulie,0,repetitions,bilateral,1,4,,,faible,moyenne,faible,faible,faible,faible,faible,,mu-pushdown-corde,1
mu-pushdown-barre-v,Pushdown à la barre en V,Musculation,Isolation triceps,Débutant,mu-pushdown-corde,isolation_triceps,isolation_bras,sagittal,monoarticulaire,dynamique,2,salle,poulie,0,repetitions,bilateral,1,4,,,faible,moyenne,faible,faible,faible,faible,faible,,mu-pushdown-corde,1
mu-pushdown-prise-inversee,Pushdown en prise inversée à la barre droite,Musculation,Isolation triceps,Intermédiaire,mu-pushdown-corde,isolation_triceps,isolation_bras,sagittal,monoarticulaire,dynamique,4,salle,poulie,0,repetitions,bilateral,1,4,,,faible,moyenne,faible,faible,faible,faible,faible,mu-pushdown-corde mu-pushdown-unilateral-supination,mu-pushdown-corde,1
mu-pushdown-unilateral-supination,Pushdown unilatéral en supination,Musculation,Isolation triceps,Débutant,mu-pushdown-corde,isolation_triceps,isolation_bras,sagittal,monoarticulaire,dynamique,3,salle,poulie,0,repetitions,unilateral,1,4,,,faible,moyenne,faible,faible,faible,faible,faible,mu-pushdown-corde mu-pushdown-barre-droite,mu-pushdown-corde,1
mu-pushdown-elastique,Pushdown à l'élastique,Musculation,Isolation triceps,Débutant,mu-pushdown-corde,isolation_triceps,isolation_bras,sagittal,monoarticulaire,dynamique,2,salle maison exterieur,elastique,0,repetitions,bilateral,1,4,,,faible,moyenne,faible,faible,faible,faible,faible,,mu-pushdown-corde,1
mu-kickback-haltere,Kickback triceps à l'haltère,Musculation,Isolation triceps,Débutant,,isolation_triceps,isolation_bras,sagittal,monoarticulaire,dynamique,2,salle maison,halteres,0,repetitions,unilateral,1,4,,,faible,moyenne,faible,faible,faible,faible,faible,,mu-kickback-haltere,0
mu-kickback-poulie,Kickback triceps à la poulie,Musculation,Isolation triceps,Débutant,mu-kickback-haltere,isolation_triceps,isolation_bras,sagittal,monoarticulaire,dynamique,2,salle,poulie,0,repetitions,unilateral,1,4,,,faible,moyenne,faible,faible,faible,faible,faible,,mu-kickback-haltere,1
mu-extension-triceps-poulie-croisee,Extension triceps à la poulie croisée,Musculation,Isolation triceps,Intermédiaire,,isolation_triceps,isolation_bras,sagittal,monoarticulaire,dynamique,4,salle,poulie,0,repetitions,bilateral,1,4,,,faible,moyenne,faible,faible,faible,faible,faible,,mu-extension-triceps-poulie-croisee,0
mu-machine-triceps,Extension triceps à la machine,Musculation,Isolation triceps,Débutant,,isolation_triceps,isolation_bras,sagittal,monoarticulaire,dynamique,1,salle,machine,0,repetitions,bilateral,1,3,,,faible,moyenne,faible,faible,faible,faible,faible,,mu-machine-triceps,0
mu-curl-inverse-barre-ez,Curl inversé à la barre EZ,Musculation,Avant-bras et préhension,Débutant,,prehension,isolation_bras,sagittal,monoarticulaire,dynamique,2,salle,barre,0,repetitions,bilateral,1,3,,,faible,faible,moyenne,faible,faible,faible,faible,,mu-curl-inverse-barre-ez,0
mu-wrist-curl-barre,Wrist curl à la barre,Musculation,Avant-bras et préhension,Débutant,,prehension,isolation_bras,sagittal,monoarticulaire,dynamique,2,salle,barre,0,repetitions,bilateral,1,4,,,faible,faible,forte,faible,faible,faible,faible,,mu-wrist-curl-barre,0
mu-wrist-curl-derriere-dos,Wrist curl derrière le dos à la barre,Musculation,Avant-bras et préhension,Intermédiaire,mu-wrist-curl-barre,prehension,isolation_bras,sagittal,monoarticulaire,dynamique,4,salle,barre,0,repetitions,bilateral,1,4,,,faible,faible,forte,faible,faible,faible,faible,mu-wrist-curl-barre,mu-wrist-curl-barre,1
mu-finger-curl-barre,Finger curl à la barre,Musculation,Avant-bras et préhension,Intermédiaire,mu-wrist-curl-barre,prehension,isolation_bras,sagittal,monoarticulaire,dynamique,4,salle,barre,0,repetitions,bilateral,1,4,,,faible,faible,moyenne,faible,faible,faible,faible,mu-wrist-curl-barre,mu-wrist-curl-barre,1
mu-reverse-wrist-curl-barre,Reverse wrist curl à la barre,Musculation,Avant-bras et préhension,Débutant,,prehension,isolation_bras,sagittal,monoarticulaire,dynamique,2,salle,barre,0,repetitions,bilateral,1,4,,,faible,faible,forte,faible,faible,faible,faible,,mu-reverse-wrist-curl-barre,0
mu-reverse-wrist-curl-haltere,Reverse wrist curl unilatéral à l'haltère,Musculation,Avant-bras et préhension,Débutant,mu-reverse-wrist-curl-barre,prehension,isolation_bras,sagittal,monoarticulaire,dynamique,3,salle maison,halteres,0,repetitions,unilateral,1,4,,,faible,faible,forte,faible,faible,faible,faible,mu-reverse-wrist-curl-barre,mu-reverse-wrist-curl-barre,1
mu-rouleau-de-poignet,Rouleau de poignet,Musculation,Avant-bras et préhension,Intermédiaire,,prehension,isolation_bras,sagittal,monoarticulaire,dynamique,4,salle maison,autre,0,repetitions,bilateral,1,3,,,faible,faible,moyenne,faible,faible,faible,faible,,mu-rouleau-de-poignet,0
mu-pince-de-prehension,Pince de préhension,Musculation,Avant-bras et préhension,Débutant,,prehension,isolation_bras,sagittal,monoarticulaire,dynamique,2,salle maison exterieur,autre,0,repetitions,bilateral,1,4,,,faible,faible,moyenne,faible,faible,faible,faible,,mu-pince-de-prehension,0
mu-pinch-grip-disques,Pinch grip de disques,Musculation,Avant-bras et préhension,Intermédiaire,,prehension,isolation_bras,sagittal,monoarticulaire,dynamique,4,salle maison exterieur,autre,0,repetitions,bilateral,1,3,,,faible,faible,moyenne,faible,faible,faible,faible,,mu-pinch-grip-disques,0
mu-hub-lift,Hub lift (disque par le moyeu),Musculation,Avant-bras et préhension,Intermédiaire,mu-pinch-grip-disques,prehension,isolation_bras,sagittal,monoarticulaire,dynamique,4,salle maison exterieur,autre,0,repetitions,bilateral,1,3,,,faible,faible,moyenne,faible,faible,faible,faible,,mu-pinch-grip-disques,1
mu-pronation-levier,Pronation au levier,Musculation,Avant-bras et préhension,Débutant,,prehension,isolation_bras,transversal,monoarticulaire,dynamique,2,salle maison,halteres,0,repetitions,unilateral,1,4,,,faible,faible,moyenne,faible,faible,faible,faible,,mu-pronation-levier,0
mu-supination-levier,Supination au levier,Musculation,Avant-bras et préhension,Débutant,,prehension,isolation_bras,transversal,monoarticulaire,dynamique,2,salle maison,halteres,0,repetitions,unilateral,1,3,,,faible,faible,moyenne,faible,faible,faible,faible,,mu-supination-levier,0
mu-inclinaison-radiale-levier,Inclinaison radiale au levier,Musculation,Avant-bras et préhension,Débutant,,prehension,isolation_bras,frontal,monoarticulaire,dynamique,2,salle maison,halteres,0,repetitions,unilateral,1,3,,,faible,faible,moyenne,faible,faible,faible,faible,,mu-inclinaison-radiale-levier,0
mu-inclinaison-ulnaire-levier,Inclinaison ulnaire au levier,Musculation,Avant-bras et préhension,Débutant,,prehension,isolation_bras,frontal,monoarticulaire,dynamique,2,salle maison,halteres,0,repetitions,unilateral,1,3,,,faible,faible,moyenne,faible,faible,faible,faible,,mu-inclinaison-ulnaire-levier,0
mu-tenue-statique-barre-olympique,Tenue statique à la barre olympique,Musculation,Avant-bras et préhension,Intermédiaire,,prehension,isolation_bras,sagittal,non_applicable,isometrique,4,salle,barre,0,secondes,bilateral,1,4,,,faible,faible,moyenne,faible,faible,faible,faible,,mu-tenue-statique-barre-olympique,0
mu-tenue-statique-grip-epais,Tenue statique à la barre à grosse prise,Musculation,Avant-bras et préhension,Intermédiaire,mu-tenue-statique-barre-olympique,prehension,isolation_bras,sagittal,non_applicable,isometrique,4,salle,barre,0,secondes,bilateral,1,3,,,faible,faible,moyenne,faible,faible,faible,faible,,mu-tenue-statique-barre-olympique,1
mu-extension-doigts-elastique,Extension des doigts à l'élastique,Musculation,Avant-bras et préhension,Débutant,,prehension,isolation_bras,sagittal,monoarticulaire,dynamique,2,salle maison exterieur,elastique,0,repetitions,bilateral,1,3,,,faible,faible,forte,faible,faible,faible,faible,,mu-extension-doigts-elastique,0
mu-back-squat-barre-haute,Back squat barre haute,Musculation,Squat / dominante genou,Intermédiaire,,squat,jambes_genou,sagittal,polyarticulaire,dynamique,4,salle,barre,0,repetitions,bilateral,5,3,,,faible,faible,faible,moyenne,moyenne,moyenne,moyenne,mu-squat-smith-machine,mu-back-squat-barre-haute,0
mu-back-squat-barre-basse,Back squat barre basse,Musculation,Squat / dominante genou,Intermédiaire,mu-back-squat-barre-haute,squat,jambes_genou,sagittal,polyarticulaire,dynamique,4,salle,barre,0,repetitions,bilateral,5,3,,,faible,faible,faible,moyenne,moyenne,moyenne,moyenne,mu-squat-smith-machine,mu-back-squat-barre-haute,1
mu-safety-bar-squat,Squat à la safety bar,Musculation,Squat / dominante genou,Intermédiaire,mu-back-squat-barre-haute,squat,jambes_genou,sagittal,polyarticulaire,dynamique,4,salle,barre,0,repetitions,bilateral,5,3,,,faible,faible,faible,moyenne,moyenne,moyenne,moyenne,mu-squat-smith-machine,mu-back-squat-barre-haute,1
mu-box-squat,Box squat,Musculation,Squat / dominante genou,Intermédiaire,mu-back-squat-barre-haute,squat,jambes_genou,sagittal,polyarticulaire,dynamique,4,salle,barre,0,repetitions,bilateral,5,3,,,faible,faible,faible,moyenne,moyenne,moyenne,moyenne,mu-squat-smith-machine,mu-back-squat-barre-haute,1
mu-squat-pause,Squat pause barre haute,Musculation,Squat / dominante genou,Intermédiaire,mu-back-squat-barre-haute,squat,jambes_genou,sagittal,polyarticulaire,dynamique,5,salle,barre,0,repetitions,bilateral,5,3,,,faible,faible,faible,moyenne,moyenne,moyenne,moyenne,mu-back-squat-barre-haute mu-back-squat-barre-basse,mu-back-squat-barre-haute,1
mu-squat-talons-sureleves,Squat barre talons surélevés,Musculation,Squat / dominante genou,Intermédiaire,mu-back-squat-barre-haute,squat,jambes_genou,sagittal,polyarticulaire,dynamique,4,salle,barre,0,repetitions,bilateral,5,3,,,faible,faible,faible,moyenne,moyenne,moyenne,moyenne,mu-squat-smith-machine,mu-back-squat-barre-haute,1
mu-squat-smith-machine,Squat à la Smith machine,Musculation,Squat / dominante genou,Débutant,mu-back-squat-barre-haute,squat,jambes_genou,sagittal,polyarticulaire,dynamique,1,salle,machine,0,repetitions,bilateral,3,3,,,faible,faible,faible,moyenne,moyenne,moyenne,moyenne,,mu-back-squat-barre-haute,1
mu-front-squat,Front squat,Musculation,Squat / dominante genou,Intermédiaire,,squat,jambes_genou,sagittal,polyarticulaire,dynamique,4,salle,barre,0,repetitions,bilateral,5,3,,,faible,faible,moyenne,moyenne,moyenne,moyenne,moyenne,,mu-front-squat,0
mu-zercher-squat,Zercher squat,Musculation,Squat / dominante genou,Avancé,,squat,jambes_genou,sagittal,polyarticulaire,dynamique,7,salle,barre,0,repetitions,bilateral,5,3,,,faible,faible,faible,forte,moyenne,moyenne,moyenne,,mu-zercher-squat,0
mu-hack-squat-machine,Hack squat machine,Musculation,Squat / dominante genou,Débutant,,squat,jambes_genou,sagittal,polyarticulaire,dynamique,1,salle,machine,0,repetitions,bilateral,3,3,,,faible,faible,faible,faible,moyenne,moyenne,moyenne,,mu-hack-squat-machine,0
mu-pendulum-squat,Pendulum squat,Musculation,Squat / dominante genou,Débutant,mu-hack-squat-machine,squat,jambes_genou,sagittal,polyarticulaire,dynamique,1,salle,machine,0,repetitions,bilateral,3,3,,,faible,faible,faible,faible,moyenne,moyenne,moyenne,,mu-hack-squat-machine,1
mu-belt-squat,Belt squat,Musculation,Squat / dominante genou,Débutant,,squat,jambes_genou,sagittal,polyarticulaire,dynamique,1,salle,machine,0,repetitions,bilateral,3,3,,,faible,faible,faible,faible,moyenne,moyenne,moyenne,,mu-belt-squat,0
mu-goblet-squat,Goblet squat,Musculation,Squat / dominante genou,Débutant,,squat,jambes_genou,sagittal,polyarticulaire,dynamique,2,salle maison,kettlebell,0,repetitions,bilateral,3,3,,,faible,faible,faible,moyenne,moyenne,moyenne,moyenne,,mu-goblet-squat,0
mu-squat-sumo-haltere,Squat sumo à l'haltère,Musculation,Squat / dominante genou,Débutant,,squat,jambes_genou,frontal,polyarticulaire,dynamique,2,salle maison,halteres,0,repetitions,bilateral,3,3,,,faible,faible,faible,moyenne,moyenne,moyenne,moyenne,,mu-squat-sumo-haltere,0
mu-air-squat,Air squat,Musculation,Squat / dominante genou,Débutant,,squat,jambes_genou,sagittal,polyarticulaire,dynamique,2,salle maison exterieur,poids_du_corps,0,repetitions,bilateral,2,3,0.88,derivee,faible,faible,faible,faible,moyenne,moyenne,moyenne,,mu-air-squat,0
mu-squat-landmine,Squat landmine,Musculation,Squat / dominante genou,Débutant,,squat,jambes_genou,sagittal,polyarticulaire,dynamique,2,salle,barre,0,repetitions,bilateral,4,3,,,faible,faible,faible,moyenne,moyenne,moyenne,moyenne,,mu-squat-landmine,0
mu-presse-cuisses-45,Presse à cuisses 45°,Musculation,Squat / dominante genou,Débutant,,squat,jambes_genou,sagittal,polyarticulaire,dynamique,1,salle,machine,0,repetitions,bilateral,3,3,,,faible,faible,faible,faible,moyenne,moyenne,moyenne,,mu-presse-cuisses-45,0
mu-presse-cuisses-horizontale,Presse à cuisses horizontale,Musculation,Squat / dominante genou,Débutant,mu-presse-cuisses-45,squat,jambes_genou,sagittal,polyarticulaire,dynamique,1,salle,machine,0,repetitions,bilateral,3,3,,,faible,faible,faible,faible,moyenne,moyenne,moyenne,,mu-presse-cuisses-45,1
mu-presse-cuisses-unilaterale,Presse à cuisses unilatérale,Musculation,Fente / unilatéral jambes,Intermédiaire,mu-presse-cuisses-45,fente,jambes_genou,sagittal,polyarticulaire,dynamique,3,salle,machine,0,repetitions,unilateral,2,3,,,faible,faible,faible,faible,moyenne,moyenne,moyenne,mu-presse-cuisses-45 mu-presse-cuisses-horizontale,mu-presse-cuisses-45,1
mu-presse-cuisses-pieds-hauts,Presse à cuisses pieds hauts,Musculation,Squat / dominante genou,Débutant,mu-presse-cuisses-45,squat,jambes_genou,sagittal,polyarticulaire,dynamique,1,salle,machine,0,repetitions,bilateral,3,3,,,faible,faible,faible,faible,moyenne,moyenne,moyenne,,mu-presse-cuisses-45,1
mu-presse-cuisses-pieds-bas,Presse à cuisses pieds bas,Musculation,Squat / dominante genou,Intermédiaire,mu-presse-cuisses-45,squat,jambes_genou,sagittal,polyarticulaire,dynamique,3,salle,machine,0,repetitions,bilateral,3,3,,,faible,faible,faible,faible,moyenne,moyenne,moyenne,mu-presse-cuisses-45 mu-presse-cuisses-horizontale,mu-presse-cuisses-45,1
mu-spanish-squat-elastique,Spanish squat à l'élastique,Musculation,Squat / dominante genou,Débutant,,squat,jambes_genou,sagittal,polyarticulaire,dynamique,2,salle,elastique,0,repetitions,bilateral,3,3,,,faible,faible,faible,moyenne,moyenne,moyenne,moyenne,,mu-spanish-squat-elastique,0
mu-wall-sit,Chaise contre le mur,Musculation,Squat / dominante genou,Débutant,,squat,jambes_genou,sagittal,non_applicable,isometrique,2,salle maison exterieur,poids_du_corps,0,secondes,bilateral,2,4,,,faible,faible,faible,faible,moyenne,moyenne,moyenne,,mu-wall-sit,0
mu-cossack-squat,Cossack squat,Musculation,Fente / unilatéral jambes,Intermédiaire,,fente,jambes_genou,frontal,polyarticulaire,dynamique,4,salle maison exterieur,poids_du_corps,0,repetitions,alterne,3,3,0.88,derivee,faible,faible,faible,faible,moyenne,moyenne,moyenne,,mu-cossack-squat,0
mu-split-squat,Split squat aux haltères,Musculation,Fente / unilatéral jambes,Débutant,,fente,jambes_genou,sagittal,polyarticulaire,dynamique,2,salle maison,halteres,0,repetitions,unilateral,3,3,,,faible,faible,faible,faible,moyenne,moyenne,moyenne,,mu-split-squat,0
mu-split-squat-bulgare-halteres,Split squat bulgare aux haltères,Musculation,Fente / unilatéral jambes,Intermédiaire,mu-split-squat,fente,jambes_genou,sagittal,polyarticulaire,dynamique,4,salle maison,halteres,0,repetitions,unilateral,3,3,,,faible,faible,faible,faible,moyenne,moyenne,moyenne,mu-split-squat mu-split-squat-bulgare-poids-du-corps,mu-split-squat,1
mu-split-squat-bulgare-poids-du-corps,Split squat bulgare au poids du corps,Musculation,Fente / unilatéral jambes,Débutant,mu-split-squat-bulgare-halteres,fente,jambes_genou,sagittal,polyarticulaire,dynamique,2,salle maison exterieur,poids_du_corps,0,repetitions,unilateral,2,3,0.88,derivee,faible,faible,faible,faible,moyenne,moyenne,moyenne,,mu-split-squat,2
mu-split-squat-bulgare-barre,Split squat bulgare à la barre,Musculation,Fente / unilatéral jambes,Avancé,mu-split-squat-bulgare-halteres,fente,jambes_genou,sagittal,polyarticulaire,dynamique,7,salle,barre,0,repetitions,unilateral,4,3,,,faible,faible,faible,faible,moyenne,moyenne,moyenne,mu-split-squat-bulgare-halteres mu-split-squat,mu-split-squat,2
mu-split-squat-pied-avant-sureleve,Split squat pied avant surélevé,Musculation,Fente / unilatéral jambes,Intermédiaire,mu-split-squat,fente,jambes_genou,sagittal,polyarticulaire,dynamique,4,salle maison,halteres,0,repetitions,unilateral,3,3,,,faible,faible,faible,faible,moyenne,moyenne,moyenne,mu-split-squat mu-split-squat-bulgare-poids-du-corps,mu-split-squat,1
mu-fente-avant-halteres,Fente avant aux haltères,Musculation,Fente / unilatéral jambes,Intermédiaire,,fente,jambes_genou,sagittal,polyarticulaire,dynamique,4,salle maison,halteres,0,repetitions,unilateral,3,3,,,faible,faible,faible,faible,moyenne,moyenne,moyenne,,mu-fente-avant-halteres,0
mu-fente-avant-barre,Fente avant à la barre,Musculation,Fente / unilatéral jambes,Avancé,mu-fente-avant-halteres,fente,jambes_genou,sagittal,polyarticulaire,dynamique,7,salle,barre,0,repetitions,unilateral,4,3,,,faible,faible,faible,faible,moyenne,moyenne,moyenne,mu-fente-avant-halteres,mu-fente-avant-halteres,1
mu-fente-arriere-halteres,Fente arrière aux haltères,Musculation,Fente / unilatéral jambes,Débutant,,fente,jambes_genou,sagittal,polyarticulaire,dynamique,2,salle maison,halteres,0,repetitions,unilateral,3,3,,,faible,faible,faible,faible,moyenne,moyenne,moyenne,,mu-fente-arriere-halteres,0
mu-fente-arriere-poids-du-corps,Fente arrière au poids du corps,Musculation,Fente / unilatéral jambes,Débutant,mu-fente-arriere-halteres,fente,jambes_genou,sagittal,polyarticulaire,dynamique,2,salle maison exterieur,poids_du_corps,0,repetitions,unilateral,2,3,0.88,derivee,faible,faible,faible,faible,moyenne,moyenne,moyenne,,mu-fente-arriere-halteres,1
mu-fente-arriere-barre,Fente arrière à la barre,Musculation,Fente / unilatéral jambes,Intermédiaire,mu-fente-arriere-halteres,fente,jambes_genou,sagittal,polyarticulaire,dynamique,4,salle,barre,0,repetitions,unilateral,4,3,,,faible,faible,faible,faible,moyenne,moyenne,moyenne,mu-fente-arriere-halteres mu-fente-arriere-poids-du-corps,mu-fente-arriere-halteres,1
mu-fente-arriere-deficit,Fente arrière en déficit,Musculation,Fente / unilatéral jambes,Intermédiaire,mu-fente-arriere-halteres,fente,jambes_genou,sagittal,polyarticulaire,dynamique,4,salle maison,halteres,0,repetitions,unilateral,3,3,,,faible,faible,faible,faible,moyenne,moyenne,moyenne,mu-fente-arriere-halteres mu-fente-arriere-poids-du-corps,mu-fente-arriere-halteres,1
mu-fente-marchee-halteres,Fente marchée aux haltères,Musculation,Fente / unilatéral jambes,Intermédiaire,,fente,jambes_genou,sagittal,polyarticulaire,dynamique,4,salle maison,halteres,0,distance,alterne,3,3,,,faible,faible,faible,faible,moyenne,moyenne,moyenne,,mu-fente-marchee-halteres,0
mu-fente-marchee-barre,Fente marchée à la barre,Musculation,Fente / unilatéral jambes,Avancé,mu-fente-marchee-halteres,fente,jambes_genou,sagittal,polyarticulaire,dynamique,7,salle,barre,0,distance,alterne,4,3,,,faible,faible,faible,faible,moyenne,moyenne,moyenne,mu-fente-marchee-halteres,mu-fente-marchee-halteres,1
mu-fente-laterale,Fente latérale,Musculation,Fente / unilatéral jambes,Débutant,,fente,jambes_genou,frontal,polyarticulaire,dynamique,2,salle maison exterieur,poids_du_corps,0,repetitions,unilateral,2,3,0.88,derivee,faible,faible,faible,faible,moyenne,moyenne,moyenne,,mu-fente-laterale,0
mu-fente-croisee,Fente croisée,Musculation,Fente / unilatéral jambes,Intermédiaire,,fente,jambes_genou,frontal,polyarticulaire,dynamique,4,salle maison exterieur,poids_du_corps,0,repetitions,unilateral,3,3,0.88,derivee,faible,faible,faible,faible,moyenne,moyenne,moyenne,,mu-fente-croisee,0
mu-step-up-halteres,Step-up aux haltères,Musculation,Fente / unilatéral jambes,Débutant,,fente,jambes_genou,sagittal,polyarticulaire,dynamique,2,salle maison,halteres,0,repetitions,unilateral,3,3,,,faible,faible,faible,faible,moyenne,moyenne,moyenne,,mu-step-up-halteres,0
mu-step-up-barre,Step-up à la barre,Musculation,Fente / unilatéral jambes,Avancé,mu-step-up-halteres,fente,jambes_genou,sagittal,polyarticulaire,dynamique,7,salle,barre,0,repetitions,unilateral,4,3,,,faible,faible,faible,faible,moyenne,moyenne,moyenne,mu-step-up-halteres mu-step-up-lateral,mu-step-up-halteres,1
mu-step-up-lateral,Step-up latéral,Musculation,Fente / unilatéral jambes,Débutant,mu-step-up-halteres,fente,jambes_genou,frontal,polyarticulaire,dynamique,2,salle maison exterieur,poids_du_corps,0,repetitions,unilateral,2,3,0.94,derivee,faible,faible,faible,faible,moyenne,moyenne,moyenne,,mu-step-up-halteres,1
mu-peterson-step-up,Peterson step-up,Musculation,Fente / unilatéral jambes,Intermédiaire,,fente,jambes_genou,sagittal,polyarticulaire,dynamique,4,salle maison exterieur,poids_du_corps,0,repetitions,unilateral,3,3,0.94,derivee,faible,faible,faible,faible,moyenne,moyenne,moyenne,,mu-peterson-step-up,0
mu-windmill-kettlebell,Windmill kettlebell,Musculation,Charnière de hanche,Intermédiaire,,charniere_hanche,jambes_hanche,multiple,polyarticulaire,dynamique,4,salle maison,kettlebell,0,repetitions,unilateral,3,3,,,faible,faible,faible,moyenne,faible,moyenne,faible,,mu-windmill-kettlebell,0
mu-souleve-de-terre-kettlebell,Soulevé de terre kettlebell,Musculation,Charnière de hanche,Débutant,,charniere_hanche,jambes_hanche,sagittal,polyarticulaire,dynamique,2,salle maison,kettlebell,0,repetitions,bilateral,3,3,,,faible,faible,faible,moyenne,faible,moyenne,faible,,mu-souleve-de-terre-kettlebell,0
mu-souleve-de-terre-kettlebell-unijambiste,Soulevé de terre kettlebell unijambiste,Musculation,Charnière de hanche,Intermédiaire,mu-souleve-de-terre-kettlebell,charniere_hanche,jambes_hanche,sagittal,polyarticulaire,dynamique,4,salle maison,kettlebell,0,repetitions,unilateral,3,3,,,faible,faible,faible,moyenne,faible,moyenne,faible,mu-souleve-de-terre-kettlebell,mu-souleve-de-terre-kettlebell,1
mu-souleve-de-terre-conventionnel,Soulevé de terre conventionnel,Musculation,Charnière de hanche,Intermédiaire,,charniere_hanche,jambes_hanche,sagittal,polyarticulaire,dynamique,4,salle,barre,0,repetitions,bilateral,5,3,,,faible,faible,faible,forte,faible,moyenne,faible,mu-souleve-de-terre-trap-bar,mu-souleve-de-terre-conventionnel,0
mu-souleve-de-terre-trap-bar,Soulevé de terre à la trap bar,Musculation,Charnière de hanche,Débutant,mu-souleve-de-terre-conventionnel,charniere_hanche,jambes_hanche,sagittal,polyarticulaire,dynamique,2,salle,barre,0,repetitions,bilateral,5,3,,,faible,faible,faible,forte,faible,moyenne,faible,,mu-souleve-de-terre-conventionnel,1
mu-souleve-de-terre-deficit,Soulevé de terre en déficit,Musculation,Charnière de hanche,Avancé,mu-souleve-de-terre-conventionnel,charniere_hanche,jambes_hanche,sagittal,polyarticulaire,dynamique,7,salle,barre,0,repetitions,bilateral,5,3,,,faible,faible,faible,forte,faible,moyenne,faible,mu-souleve-de-terre-conventionnel mu-rack-pull,mu-souleve-de-terre-conventionnel,1
mu-rack-pull,Rack pull,Musculation,Charnière de hanche,Intermédiaire,mu-souleve-de-terre-conventionnel,charniere_hanche,jambes_hanche,sagittal,polyarticulaire,dynamique,4,salle,barre,0,repetitions,bilateral,4,3,,,faible,faible,faible,forte,faible,moyenne,faible,mu-souleve-de-terre-trap-bar,mu-souleve-de-terre-conventionnel,1
mu-souleve-de-terre-pause,Soulevé de terre avec pause sous le genou,Musculation,Charnière de hanche,Avancé,mu-souleve-de-terre-conventionnel,charniere_hanche,jambes_hanche,sagittal,polyarticulaire,dynamique,7,salle,barre,0,repetitions,bilateral,5,3,,,faible,faible,faible,forte,faible,moyenne,faible,mu-souleve-de-terre-conventionnel mu-rack-pull,mu-souleve-de-terre-conventionnel,1
mu-souleve-de-terre-prise-arrache,Soulevé de terre prise arraché,Musculation,Charnière de hanche,Avancé,mu-souleve-de-terre-conventionnel,charniere_hanche,jambes_hanche,sagittal,polyarticulaire,dynamique,7,salle,barre,0,repetitions,bilateral,5,3,,,faible,faible,faible,forte,faible,moyenne,faible,mu-souleve-de-terre-conventionnel mu-rack-pull,mu-souleve-de-terre-conventionnel,1
mu-souleve-de-terre-sumo,Soulevé de terre sumo,Musculation,Charnière de hanche,Intermédiaire,,charniere_hanche,jambes_hanche,sagittal,polyarticulaire,dynamique,4,salle,barre,0,repetitions,bilateral,5,3,,,faible,faible,faible,forte,faible,moyenne,faible,,mu-souleve-de-terre-sumo,0
mu-souleve-de-terre-roumain-barre,Soulevé de terre roumain à la barre,Musculation,Charnière de hanche,Intermédiaire,,charniere_hanche,jambes_hanche,sagittal,polyarticulaire,dynamique,4,salle,barre,0,repetitions,bilateral,4,3,,,faible,faible,faible,forte,faible,moyenne,faible,mu-souleve-de-terre-roumain-halteres,mu-souleve-de-terre-roumain-barre,0
mu-souleve-de-terre-roumain-halteres,Soulevé de terre roumain aux haltères,Musculation,Charnière de hanche,Débutant,mu-souleve-de-terre-roumain-barre,charniere_hanche,jambes_hanche,sagittal,polyarticulaire,dynamique,2,salle maison,halteres,0,repetitions,bilateral,3,3,,,faible,faible,faible,moyenne,faible,moyenne,faible,,mu-souleve-de-terre-roumain-barre,1
mu-souleve-de-terre-roumain-unilateral,Soulevé de terre roumain unilatéral à l'haltère,Musculation,Charnière de hanche,Intermédiaire,mu-souleve-de-terre-roumain-barre,charniere_hanche,jambes_hanche,sagittal,polyarticulaire,dynamique,5,salle maison,halteres,0,repetitions,unilateral,3,3,,,faible,faible,faible,moyenne,faible,moyenne,faible,mu-souleve-de-terre-roumain-barre mu-souleve-de-terre-jambes-tendues,mu-souleve-de-terre-roumain-barre,1
mu-souleve-de-terre-jambes-tendues,Soulevé de terre jambes tendues,Musculation,Charnière de hanche,Intermédiaire,mu-souleve-de-terre-roumain-barre,charniere_hanche,jambes_hanche,sagittal,polyarticulaire,dynamique,4,salle,barre,0,repetitions,bilateral,4,3,,,faible,faible,faible,forte,faible,moyenne,faible,mu-souleve-de-terre-roumain-halteres,mu-souleve-de-terre-roumain-barre,1
mu-good-morning-barre,Good morning à la barre,Musculation,Charnière de hanche,Intermédiaire,,charniere_hanche,jambes_hanche,sagittal,polyarticulaire,dynamique,4,salle,barre,0,repetitions,bilateral,4,3,,,faible,faible,faible,forte,faible,moyenne,faible,,mu-good-morning-barre,0
mu-good-morning-safety-bar,Good morning à la safety bar,Musculation,Charnière de hanche,Intermédiaire,mu-good-morning-barre,charniere_hanche,jambes_hanche,sagittal,polyarticulaire,dynamique,4,salle,barre,0,repetitions,bilateral,4,3,,,faible,faible,faible,forte,faible,moyenne,faible,,mu-good-morning-barre,1
mu-pull-through-poulie,Pull-through à la poulie,Musculation,Charnière de hanche,Débutant,,charniere_hanche,jambes_hanche,sagittal,polyarticulaire,dynamique,2,salle,poulie,0,repetitions,bilateral,2,3,,,faible,faible,faible,moyenne,faible,moyenne,faible,,mu-pull-through-poulie,0
mu-hip-thrust-barre,Hip thrust à la barre,Musculation,Extension de hanche,Intermédiaire,,extension_hanche,jambes_hanche,sagittal,monoarticulaire,dynamique,4,salle,barre,0,repetitions,bilateral,2,4,,,faible,faible,faible,moyenne,faible,moyenne,faible,mu-hip-thrust-machine mu-hip-thrust-smith,mu-hip-thrust-barre,0
mu-hip-thrust-machine,Hip thrust à la machine,Musculation,Extension de hanche,Débutant,mu-hip-thrust-barre,extension_hanche,jambes_hanche,sagittal,monoarticulaire,dynamique,1,salle,machine,0,repetitions,bilateral,2,4,,,faible,faible,faible,moyenne,faible,moyenne,faible,,mu-hip-thrust-barre,1
mu-hip-thrust-unilateral,Hip thrust unilatéral,Musculation,Extension de hanche,Intermédiaire,mu-hip-thrust-barre,extension_hanche,jambes_hanche,sagittal,monoarticulaire,dynamique,5,salle maison exterieur,poids_du_corps,0,repetitions,unilateral,2,4,,,faible,faible,faible,moyenne,faible,moyenne,faible,mu-hip-thrust-barre mu-hip-thrust-machine,mu-hip-thrust-barre,1
mu-hip-thrust-smith,Hip thrust à la Smith machine,Musculation,Extension de hanche,Débutant,mu-hip-thrust-barre,extension_hanche,jambes_hanche,sagittal,monoarticulaire,dynamique,1,salle,machine,0,repetitions,bilateral,2,4,,,faible,faible,faible,moyenne,faible,moyenne,faible,,mu-hip-thrust-barre,1
mu-pont-fessier-sol,Pont fessier au sol,Musculation,Extension de hanche,Débutant,,extension_hanche,jambes_hanche,sagittal,monoarticulaire,dynamique,2,salle maison exterieur,poids_du_corps,0,repetitions,bilateral,2,4,,,faible,faible,faible,moyenne,faible,moyenne,faible,,mu-pont-fessier-sol,0
mu-pont-fessier-unilateral,Pont fessier unilatéral,Musculation,Extension de hanche,Débutant,mu-pont-fessier-sol,extension_hanche,jambes_hanche,sagittal,monoarticulaire,dynamique,3,salle maison exterieur,poids_du_corps,0,repetitions,unilateral,2,4,,,faible,faible,faible,moyenne,faible,moyenne,faible,mu-pont-fessier-sol mu-frog-pump,mu-pont-fessier-sol,1
mu-pont-fessier-pieds-sureleves,Pont fessier pieds surélevés,Musculation,Extension de hanche,Débutant,mu-pont-fessier-sol,extension_hanche,jambes_hanche,sagittal,monoarticulaire,dynamique,3,salle maison exterieur,poids_du_corps,0,repetitions,bilateral,2,3,,,faible,faible,faible,moyenne,faible,moyenne,faible,mu-pont-fessier-sol mu-frog-pump,mu-pont-fessier-sol,1
mu-frog-pump,Frog pump,Musculation,Extension de hanche,Débutant,mu-pont-fessier-sol,extension_hanche,jambes_hanche,sagittal,monoarticulaire,dynamique,2,salle maison exterieur,poids_du_corps,0,repetitions,bilateral,2,4,,,faible,faible,faible,moyenne,faible,moyenne,faible,,mu-pont-fessier-sol,1
mu-kickback-fessier-poulie,Kickback fessier à la poulie,Musculation,Extension de hanche,Débutant,,extension_hanche,jambes_hanche,sagittal,monoarticulaire,dynamique,2,salle,poulie,0,repetitions,unilateral,2,4,,,faible,faible,faible,moyenne,faible,moyenne,faible,,mu-kickback-fessier-poulie,0
mu-reverse-hyper-machine,Reverse hyper à la machine,Musculation,Extension de hanche,Intermédiaire,,extension_hanche,jambes_hanche,sagittal,monoarticulaire,dynamique,3,salle,machine,0,repetitions,bilateral,2,3,,,faible,faible,faible,moyenne,faible,moyenne,faible,mu-reverse-hyper-banc,mu-reverse-hyper-machine,0
mu-reverse-hyper-banc,Reverse hyper sur banc,Musculation,Extension de hanche,Débutant,mu-reverse-hyper-machine,extension_hanche,jambes_hanche,sagittal,monoarticulaire,dynamique,2,salle maison exterieur,poids_du_corps,0,repetitions,bilateral,2,4,,,faible,faible,faible,moyenne,faible,moyenne,faible,,mu-reverse-hyper-machine,1
mu-leg-curl-couche,Leg curl couché,Musculation,Flexion de genou (ischio-jambiers),Débutant,,flexion_genou,isolation_jambes,sagittal,monoarticulaire,dynamique,1,salle,machine,0,repetitions,bilateral,1,4,,,faible,faible,faible,faible,moyenne,faible,faible,,mu-leg-curl-couche,0
mu-leg-curl-assis,Leg curl assis,Musculation,Flexion de genou (ischio-jambiers),Débutant,mu-leg-curl-couche,flexion_genou,isolation_jambes,sagittal,monoarticulaire,dynamique,1,salle,machine,0,repetitions,bilateral,1,4,,,faible,faible,faible,faible,moyenne,faible,faible,,mu-leg-curl-couche,1
mu-leg-curl-debout-unilateral,Leg curl debout unilatéral,Musculation,Flexion de genou (ischio-jambiers),Débutant,mu-leg-curl-couche,flexion_genou,isolation_jambes,sagittal,monoarticulaire,dynamique,2,salle,machine,0,repetitions,unilateral,1,4,,,faible,faible,faible,faible,moyenne,faible,faible,mu-leg-curl-couche mu-leg-curl-assis,mu-leg-curl-couche,1
mu-nordic-hamstring-curl,Nordic hamstring curl complet,Musculation,Flexion de genou (ischio-jambiers),Avancé,,flexion_genou,isolation_jambes,sagittal,monoarticulaire,dynamique,7,salle maison exterieur,poids_du_corps,0,repetitions,bilateral,1,5,,,faible,faible,faible,faible,moyenne,faible,faible,mu-nordic-hamstring-curl-negatif mu-nordic-hamstring-curl-assiste,mu-nordic-hamstring-curl,0
mu-nordic-hamstring-curl-assiste,Nordic hamstring curl assisté à l'élastique,Musculation,Flexion de genou (ischio-jambiers),Intermédiaire,mu-nordic-hamstring-curl,flexion_genou,isolation_jambes,sagittal,monoarticulaire,dynamique,4,salle maison exterieur,poids_du_corps,1,repetitions,bilateral,1,4,,,faible,faible,faible,faible,moyenne,faible,faible,,mu-nordic-hamstring-curl,1
mu-nordic-hamstring-curl-negatif,Nordic hamstring curl négatif,Musculation,Flexion de genou (ischio-jambiers),Intermédiaire,mu-nordic-hamstring-curl,flexion_genou,isolation_jambes,sagittal,monoarticulaire,excentrique,4,salle maison exterieur,poids_du_corps,0,repetitions,bilateral,1,5,,,faible,faible,faible,faible,moyenne,faible,faible,,mu-nordic-hamstring-curl,1
mu-glute-ham-raise,Glute-ham raise,Musculation,Flexion de genou (ischio-jambiers),Avancé,,flexion_genou,isolation_jambes,sagittal,polyarticulaire,dynamique,7,salle,poids_du_corps,0,repetitions,bilateral,1,3,,,faible,faible,faible,faible,moyenne,faible,faible,,mu-glute-ham-raise,0
mu-curl-ischio-ballon,Curl ischio sur ballon,Musculation,Flexion de genou (ischio-jambiers),Débutant,,flexion_genou,isolation_jambes,sagittal,monoarticulaire,dynamique,2,salle maison,poids_du_corps,0,repetitions,bilateral,1,4,,,faible,faible,faible,faible,moyenne,faible,faible,,mu-curl-ischio-ballon,0
mu-curl-ischio-glisse,Curl ischio glissé au sol,Musculation,Flexion de genou (ischio-jambiers),Intermédiaire,mu-curl-ischio-ballon,flexion_genou,isolation_jambes,sagittal,monoarticulaire,dynamique,4,salle maison,poids_du_corps,0,repetitions,bilateral,1,4,,,faible,faible,faible,faible,moyenne,faible,faible,mu-curl-ischio-ballon,mu-curl-ischio-ballon,1
mu-curl-ischio-sangles,Curl ischio aux sangles de suspension,Musculation,Flexion de genou (ischio-jambiers),Intermédiaire,mu-curl-ischio-ballon,flexion_genou,isolation_jambes,sagittal,monoarticulaire,dynamique,4,salle maison exterieur,poids_du_corps,0,repetitions,bilateral,1,4,,,faible,faible,faible,faible,moyenne,faible,faible,mu-curl-ischio-ballon,mu-curl-ischio-ballon,1
mu-leg-extension,Leg extension,Musculation,Extension de genou,Débutant,,extension_genou,isolation_jambes,sagittal,monoarticulaire,dynamique,1,salle,machine,0,repetitions,bilateral,1,3,,,faible,faible,faible,faible,moyenne,faible,faible,,mu-leg-extension,0
mu-leg-extension-unilateral,Leg extension unilatéral,Musculation,Extension de genou,Débutant,mu-leg-extension,extension_genou,isolation_jambes,sagittal,monoarticulaire,dynamique,2,salle,machine,0,repetitions,unilateral,1,3,,,faible,faible,faible,faible,moyenne,faible,faible,mu-leg-extension,mu-leg-extension,1
mu-terminal-knee-extension,Extension terminale du genou à l'élastique,Musculation,Extension de genou,Débutant,,extension_genou,isolation_jambes,sagittal,monoarticulaire,dynamique,2,salle,elastique,0,repetitions,bilateral,1,4,,,faible,faible,faible,faible,moyenne,faible,faible,,mu-terminal-knee-extension,0
mu-reverse-nordic,Reverse nordic,Musculation,Extension de genou,Intermédiaire,,extension_genou,isolation_jambes,sagittal,monoarticulaire,dynamique,4,salle maison exterieur,poids_du_corps,0,repetitions,bilateral,1,4,,,faible,faible,faible,faible,forte,faible,faible,,mu-reverse-nordic,0
mu-hip-airplane,Hip airplane,Musculation,Adducteurs / abducteurs,Intermédiaire,,adducteurs_abducteurs,isolation_jambes,transversal,monoarticulaire,dynamique,4,salle maison exterieur,poids_du_corps,0,repetitions,unilateral,1,3,,,faible,faible,faible,faible,faible,moyenne,faible,,mu-hip-airplane,0
mu-abduction-hanche-machine,Abduction de hanche à la machine,Musculation,Adducteurs / abducteurs,Débutant,,adducteurs_abducteurs,isolation_jambes,frontal,monoarticulaire,dynamique,1,salle,machine,0,repetitions,bilateral,1,3,,,faible,faible,faible,faible,faible,moyenne,faible,,mu-abduction-hanche-machine,0
mu-abduction-hanche-elastique-debout,Abduction de hanche debout à l'élastique,Musculation,Adducteurs / abducteurs,Débutant,,adducteurs_abducteurs,isolation_jambes,frontal,monoarticulaire,dynamique,2,salle maison exterieur,elastique,0,repetitions,unilateral,1,3,,,faible,faible,faible,faible,faible,moyenne,faible,,mu-abduction-hanche-elastique-debout,0
mu-marche-laterale-elastique,Marche latérale à l'élastique,Musculation,Adducteurs / abducteurs,Débutant,mu-abduction-hanche-elastique-debout,adducteurs_abducteurs,isolation_jambes,frontal,monoarticulaire,dynamique,2,salle maison exterieur,elastique,0,repetitions,alterne,1,3,,,faible,faible,faible,faible,faible,moyenne,faible,,mu-abduction-hanche-elastique-debout,1
mu-abduction-hanche-couche,Abduction de hanche couché sur le côté,Musculation,Adducteurs / abducteurs,Débutant,,adducteurs_abducteurs,isolation_jambes,frontal,monoarticulaire,dynamique,2,salle maison exterieur,poids_du_corps,0,repetitions,unilateral,1,3,,,faible,faible,faible,faible,faible,moyenne,faible,,mu-abduction-hanche-couche,0
mu-clamshell,Clamshell,Musculation,Adducteurs / abducteurs,Débutant,,adducteurs_abducteurs,isolation_jambes,transversal,monoarticulaire,dynamique,2,salle maison exterieur,poids_du_corps,0,repetitions,unilateral,1,3,,,faible,faible,faible,faible,faible,moyenne,faible,,mu-clamshell,0
mu-adduction-hanche-machine,Adduction de hanche à la machine,Musculation,Adducteurs / abducteurs,Débutant,,adducteurs_abducteurs,isolation_jambes,frontal,monoarticulaire,dynamique,1,salle,machine,0,repetitions,bilateral,1,4,,,faible,faible,faible,faible,faible,moyenne,faible,,mu-adduction-hanche-machine,0
mu-adduction-hanche-poulie,Adduction de hanche debout à la poulie,Musculation,Adducteurs / abducteurs,Débutant,mu-adduction-hanche-machine,adducteurs_abducteurs,isolation_jambes,frontal,monoarticulaire,dynamique,3,salle,poulie,0,repetitions,unilateral,1,4,,,faible,faible,faible,faible,faible,moyenne,faible,mu-adduction-hanche-machine,mu-adduction-hanche-machine,1
mu-copenhagen-plank,Copenhagen plank,Musculation,Adducteurs / abducteurs,Intermédiaire,,adducteurs_abducteurs,isolation_jambes,frontal,non_applicable,isometrique,4,salle maison exterieur,poids_du_corps,0,secondes,unilateral,1,4,,,faible,faible,faible,faible,moyenne,moyenne,faible,mu-copenhagen-plank-genou,mu-copenhagen-plank,0
mu-copenhagen-plank-genou,Copenhagen plank levier court sur le genou,Musculation,Adducteurs / abducteurs,Débutant,mu-copenhagen-plank,adducteurs_abducteurs,isolation_jambes,frontal,non_applicable,isometrique,2,salle maison exterieur,poids_du_corps,0,secondes,unilateral,1,4,,,faible,faible,faible,faible,moyenne,moyenne,faible,,mu-copenhagen-plank,1
mu-copenhagen-plank-dynamique,Copenhagen plank dynamique,Musculation,Adducteurs / abducteurs,Avancé,mu-copenhagen-plank,adducteurs_abducteurs,isolation_jambes,frontal,monoarticulaire,dynamique,7,salle maison exterieur,poids_du_corps,0,repetitions,unilateral,1,4,,,faible,faible,faible,faible,moyenne,moyenne,faible,mu-copenhagen-plank mu-copenhagen-plank-genou,mu-copenhagen-plank,1
mu-mollets-debout-machine,Mollets debout à la machine,Musculation,Mollets et cheville,Débutant,,mollets,isolation_jambes,sagittal,monoarticulaire,dynamique,1,salle,machine,0,repetitions,bilateral,1,3,,,faible,faible,faible,faible,faible,faible,moyenne,,mu-mollets-debout-machine,0
mu-mollets-assis-machine,Mollets assis à la machine,Musculation,Mollets et cheville,Débutant,mu-mollets-debout-machine,mollets,isolation_jambes,sagittal,monoarticulaire,dynamique,1,salle,machine,0,repetitions,bilateral,1,4,,,faible,faible,faible,faible,faible,faible,moyenne,,mu-mollets-debout-machine,1
mu-mollets-presse,Mollets à la presse à cuisses,Musculation,Mollets et cheville,Débutant,mu-mollets-debout-machine,mollets,isolation_jambes,sagittal,monoarticulaire,dynamique,1,salle,machine,0,repetitions,bilateral,1,3,,,faible,faible,faible,faible,faible,faible,moyenne,,mu-mollets-debout-machine,1
mu-mollets-smith,Mollets debout à la Smith machine,Musculation,Mollets et cheville,Débutant,mu-mollets-debout-machine,mollets,isolation_jambes,sagittal,monoarticulaire,dynamique,1,salle,machine,0,repetitions,bilateral,1,3,,,faible,faible,faible,faible,faible,faible,moyenne,,mu-mollets-debout-machine,1
mu-mollets-unilateral-haltere,Mollets unilatéral debout à l'haltère,Musculation,Mollets et cheville,Débutant,mu-mollets-debout-machine,mollets,isolation_jambes,sagittal,monoarticulaire,dynamique,3,salle maison,halteres,0,repetitions,unilateral,1,3,,,faible,faible,faible,faible,faible,faible,moyenne,mu-mollets-debout-machine mu-mollets-poids-du-corps-marche,mu-mollets-debout-machine,1
mu-mollets-donkey,Mollets donkey,Musculation,Mollets et cheville,Intermédiaire,mu-mollets-debout-machine,mollets,isolation_jambes,sagittal,monoarticulaire,dynamique,3,salle,machine,0,repetitions,bilateral,1,3,,,faible,faible,faible,faible,faible,faible,moyenne,mu-mollets-debout-machine mu-mollets-poids-du-corps-marche,mu-mollets-debout-machine,1
mu-mollets-poids-du-corps-marche,Mollets au poids du corps sur marche,Musculation,Mollets et cheville,Débutant,mu-mollets-debout-machine,mollets,isolation_jambes,sagittal,monoarticulaire,dynamique,2,salle maison exterieur,poids_du_corps,0,repetitions,bilateral,1,3,,,faible,faible,faible,faible,faible,faible,moyenne,mu-mollets-debout-machine mu-mollets-assis-machine,mu-mollets-debout-machine,1
mu-tibial-raise,Tibial raise dos au mur,Musculation,Mollets et cheville,Débutant,,mollets,isolation_jambes,sagittal,monoarticulaire,dynamique,2,salle maison exterieur,poids_du_corps,0,repetitions,bilateral,1,4,,,faible,faible,faible,faible,faible,faible,moyenne,,mu-tibial-raise,0
mu-extension-cou-harnais,Extension du cou au harnais,Musculation,Cou,Intermédiaire,,cou,cou,sagittal,monoarticulaire,dynamique,4,salle,autre,0,repetitions,bilateral,1,3,,,faible,faible,faible,faible,faible,faible,faible,mu-extension-cou-main,mu-extension-cou-harnais,0
mu-extension-cou-main,Extension du cou résistance manuelle,Musculation,Cou,Débutant,mu-extension-cou-harnais,cou,cou,sagittal,monoarticulaire,dynamique,2,salle maison exterieur,poids_du_corps,0,repetitions,bilateral,1,3,,,faible,faible,faible,faible,faible,faible,faible,,mu-extension-cou-harnais,1
mu-flexion-cou-banc-disque,Flexion du cou couché sur banc au disque,Musculation,Cou,Intermédiaire,,cou,cou,sagittal,monoarticulaire,dynamique,4,salle maison exterieur,autre,0,repetitions,bilateral,1,2,,,faible,faible,faible,faible,faible,faible,faible,mu-flexion-cou-main,mu-flexion-cou-banc-disque,0
mu-flexion-cou-main,Flexion du cou résistance manuelle,Musculation,Cou,Débutant,mu-flexion-cou-banc-disque,cou,cou,sagittal,monoarticulaire,dynamique,2,salle maison exterieur,poids_du_corps,0,repetitions,bilateral,1,2,,,faible,faible,faible,faible,faible,faible,faible,,mu-flexion-cou-banc-disque,1
mu-flexion-laterale-cou-banc-disque,Flexion latérale du cou couché sur le côté au disque,Musculation,Cou,Intermédiaire,,cou,cou,frontal,monoarticulaire,dynamique,4,salle maison exterieur,autre,0,repetitions,unilateral,1,2,,,faible,faible,faible,faible,faible,faible,faible,mu-flexion-laterale-cou-main,mu-flexion-laterale-cou-banc-disque,0
mu-flexion-laterale-cou-main,Flexion latérale du cou résistance manuelle,Musculation,Cou,Débutant,mu-flexion-laterale-cou-banc-disque,cou,cou,frontal,monoarticulaire,dynamique,2,salle maison exterieur,poids_du_corps,0,repetitions,unilateral,1,2,,,faible,faible,faible,faible,faible,faible,faible,,mu-flexion-laterale-cou-banc-disque,1
mu-isometries-cou-main,Isométries du cou 4 directions à la main,Musculation,Cou,Débutant,,cou,cou,multiple,non_applicable,isometrique,2,salle maison exterieur,poids_du_corps,0,secondes,bilateral,1,2,,,faible,faible,faible,faible,faible,faible,faible,,mu-isometries-cou-main,0
mu-isometries-cou-elastique,Isométries du cou à l'élastique,Musculation,Cou,Intermédiaire,mu-isometries-cou-main,cou,cou,multiple,non_applicable,isometrique,4,salle maison exterieur,elastique,0,secondes,bilateral,1,2,,,faible,faible,faible,faible,faible,faible,faible,mu-isometries-cou-main,mu-isometries-cou-main,1
mu-hollow-body-hold,Hollow body hold,Musculation,Gainage anti-extension,Intermédiaire,,gainage_anti_extension,gainage,sagittal,non_applicable,isometrique,4,salle maison exterieur,poids_du_corps,0,secondes,bilateral,2,2,,,moyenne,faible,faible,moyenne,faible,faible,faible,mu-hollow-body-groupe,mu-hollow-body-hold,0
mu-hollow-body-groupe,Hollow body hold groupé,Musculation,Gainage anti-extension,Débutant,mu-hollow-body-hold,gainage_anti_extension,gainage,sagittal,non_applicable,isometrique,2,salle maison exterieur,poids_du_corps,0,secondes,bilateral,2,2,,,moyenne,faible,faible,moyenne,faible,faible,faible,,mu-hollow-body-hold,1
mu-hollow-rocks,Hollow rocks,Musculation,Gainage anti-extension,Intermédiaire,mu-hollow-body-hold,gainage_anti_extension,gainage,sagittal,polyarticulaire,dynamique,4,salle maison exterieur,poids_du_corps,0,repetitions,bilateral,2,3,,,moyenne,faible,faible,moyenne,faible,faible,faible,mu-hollow-body-groupe,mu-hollow-body-hold,1
mu-dead-bug,Dead bug,Musculation,Gainage anti-extension,Débutant,,gainage_anti_extension,gainage,sagittal,polyarticulaire,dynamique,2,salle maison exterieur,poids_du_corps,0,repetitions,alterne,2,3,,,moyenne,faible,faible,moyenne,faible,faible,faible,,mu-dead-bug,0
mu-dead-bug-touche-talon,Dead bug touche-talon,Musculation,Gainage anti-extension,Débutant,mu-dead-bug,gainage_anti_extension,gainage,sagittal,polyarticulaire,dynamique,2,salle maison exterieur,poids_du_corps,0,repetitions,alterne,2,3,,,moyenne,faible,faible,moyenne,faible,faible,faible,,mu-dead-bug,1
mu-dead-bug-jambes-tendues,Dead bug jambes tendues,Musculation,Gainage anti-extension,Intermédiaire,mu-dead-bug,gainage_anti_extension,gainage,sagittal,polyarticulaire,dynamique,4,salle maison exterieur,poids_du_corps,0,repetitions,alterne,2,3,,,moyenne,faible,faible,moyenne,faible,faible,faible,mu-dead-bug mu-dead-bug-touche-talon,mu-dead-bug,1
mu-bear-hold,Bear hold,Musculation,Gainage anti-extension,Débutant,,gainage_anti_extension,gainage,sagittal,non_applicable,isometrique,2,salle maison exterieur,poids_du_corps,0,secondes,bilateral,2,2,,,moyenne,faible,faible,moyenne,faible,faible,faible,,mu-bear-hold,0
mu-bear-crawl,Bear crawl,Musculation,Gainage anti-rotation,Intermédiaire,mu-bear-hold,gainage_anti_rotation,gainage,multiple,polyarticulaire,dynamique,4,salle maison exterieur,poids_du_corps,0,distance,alterne,2,3,,,faible,faible,faible,moyenne,faible,faible,faible,mu-bear-hold,mu-bear-hold,1
mu-mountain-climbers,Mountain climbers,Musculation,Gainage anti-extension,Débutant,,gainage_anti_extension,gainage,sagittal,polyarticulaire,dynamique,2,salle maison exterieur,poids_du_corps,0,secondes,alterne,2,3,,,moyenne,faible,faible,moyenne,faible,faible,faible,,mu-mountain-climbers,0
mu-respiration-90-90,Respiration abdominale 90/90,Musculation,Gainage anti-extension,Débutant,,gainage_anti_extension,gainage,sagittal,non_applicable,isometrique,2,salle maison exterieur,poids_du_corps,0,secondes,bilateral,2,2,,,moyenne,faible,faible,moyenne,faible,faible,faible,,mu-respiration-90-90,0
mu-gainage-ventral-coudes,Gainage ventral sur les coudes,Musculation,Gainage anti-extension,Débutant,,gainage_anti_extension,gainage,sagittal,non_applicable,isometrique,2,salle maison exterieur,poids_du_corps,0,secondes,bilateral,2,2,,,moyenne,faible,faible,moyenne,faible,faible,faible,,mu-gainage-ventral-coudes,0
mu-gainage-ventral-bras-tendus,Gainage ventral bras tendus,Musculation,Gainage anti-extension,Débutant,mu-gainage-ventral-coudes,gainage_anti_extension,gainage,sagittal,non_applicable,isometrique,2,salle maison exterieur,poids_du_corps,0,secondes,bilateral,2,2,,,moyenne,faible,faible,moyenne,faible,faible,faible,,mu-gainage-ventral-coudes,1
mu-gainage-shoulder-taps,Gainage avec touches d'épaules,Musculation,Gainage anti-rotation,Débutant,mu-gainage-ventral-bras-tendus,gainage_anti_rotation,gainage,transversal,polyarticulaire,dynamique,2,salle maison exterieur,poids_du_corps,0,repetitions,alterne,2,3,,,faible,faible,faible,moyenne,faible,faible,faible,,mu-gainage-ventral-coudes,2
mu-planche-rkc,Planche RKC,Musculation,Gainage anti-extension,Intermédiaire,mu-gainage-ventral-coudes,gainage_anti_extension,gainage,sagittal,non_applicable,isometrique,4,salle maison exterieur,poids_du_corps,0,secondes,bilateral,2,2,,,moyenne,faible,faible,moyenne,faible,faible,faible,mu-gainage-ventral-coudes mu-gainage-shoulder-taps,mu-gainage-ventral-coudes,1
mu-gainage-ventral-leste,Gainage ventral lesté,Musculation,Gainage anti-extension,Intermédiaire,mu-gainage-ventral-coudes,gainage_anti_extension,gainage,sagittal,non_applicable,isometrique,4,salle maison exterieur,lest,0,secondes,bilateral,2,2,,,moyenne,faible,faible,moyenne,faible,faible,faible,mu-gainage-ventral-coudes,mu-gainage-ventral-coudes,1
mu-planche-commando,Planche commando,Musculation,Gainage anti-rotation,Intermédiaire,mu-gainage-ventral-coudes,gainage_anti_rotation,gainage,transversal,polyarticulaire,dynamique,4,salle maison exterieur,poids_du_corps,0,repetitions,alterne,2,3,,,faible,faible,faible,moyenne,faible,faible,faible,mu-gainage-ventral-coudes mu-gainage-shoulder-taps,mu-gainage-ventral-coudes,1
mu-body-saw,Body saw aux sangles de suspension,Musculation,Gainage anti-extension,Avancé,mu-gainage-ventral-coudes,gainage_anti_extension,gainage,sagittal,polyarticulaire,dynamique,7,salle maison exterieur,poids_du_corps,0,repetitions,bilateral,2,3,,,moyenne,faible,faible,forte,faible,faible,faible,mu-gainage-ventral-coudes mu-gainage-ventral-leste,mu-gainage-ventral-coudes,1
mu-roue-abdominale-genoux,Roue abdominale à genoux,Musculation,Gainage anti-extension,Intermédiaire,,gainage_anti_extension,gainage,sagittal,polyarticulaire,dynamique,4,salle maison,poids_du_corps,0,repetitions,bilateral,2,3,,,moyenne,faible,faible,moyenne,faible,faible,faible,,mu-roue-abdominale-genoux,0
mu-roue-abdominale-debout,Roue abdominale debout,Musculation,Gainage anti-extension,Avancé,mu-roue-abdominale-genoux,gainage_anti_extension,gainage,sagittal,polyarticulaire,dynamique,7,salle maison,poids_du_corps,0,repetitions,bilateral,2,3,,,moyenne,faible,faible,forte,faible,faible,faible,mu-roue-abdominale-genoux mu-rollout-barre,mu-roue-abdominale-genoux,1
mu-rollout-barre,Rollout à la barre,Musculation,Gainage anti-extension,Intermédiaire,mu-roue-abdominale-genoux,gainage_anti_extension,gainage,sagittal,polyarticulaire,dynamique,4,salle,poids_du_corps,0,repetitions,bilateral,2,3,,,moyenne,faible,faible,moyenne,faible,faible,faible,,mu-roue-abdominale-genoux,1
mu-stir-the-pot,Stir the pot aux sangles de suspension,Musculation,Gainage anti-extension,Avancé,,gainage_anti_extension,gainage,sagittal,polyarticulaire,dynamique,7,salle maison exterieur,poids_du_corps,0,repetitions,bilateral,2,3,,,moyenne,faible,faible,forte,faible,faible,faible,,mu-stir-the-pot,0
mu-bird-dog,Bird dog,Musculation,Gainage anti-rotation,Débutant,,gainage_anti_rotation,gainage,multiple,polyarticulaire,dynamique,2,salle maison exterieur,poids_du_corps,0,repetitions,alterne,2,3,,,faible,faible,faible,moyenne,faible,faible,faible,,mu-bird-dog,0
mu-pallof-press-debout,Pallof press debout,Musculation,Gainage anti-rotation,Débutant,,gainage_anti_rotation,gainage,transversal,polyarticulaire,dynamique,2,salle,poulie,0,repetitions,bilateral,2,3,,,faible,faible,faible,moyenne,faible,faible,faible,mu-pallof-press-genoux,mu-pallof-press-debout,0
mu-pallof-press-genoux,Pallof press à genoux,Musculation,Gainage anti-rotation,Débutant,mu-pallof-press-debout,gainage_anti_rotation,gainage,transversal,polyarticulaire,dynamique,1,salle,poulie,0,repetitions,bilateral,2,3,,,faible,faible,faible,moyenne,faible,faible,faible,,mu-pallof-press-debout,1
mu-pallof-press-rotation,Pallof press avec rotation,Musculation,Rotation du tronc,Intermédiaire,mu-pallof-press-debout,rotation_tronc,tronc,transversal,monoarticulaire,dynamique,4,salle,poulie,0,repetitions,bilateral,1,3,,,faible,faible,faible,moyenne,faible,faible,faible,mu-pallof-press-debout mu-pallof-press-genoux,mu-pallof-press-debout,1
mu-anti-rotation-unilaterale-poulie,Tenue anti-rotation unilatérale à la poulie,Musculation,Gainage anti-rotation,Intermédiaire,mu-pallof-press-debout,gainage_anti_rotation,gainage,transversal,non_applicable,isometrique,4,salle,poulie,0,secondes,unilateral,2,2,,,faible,faible,faible,moyenne,faible,faible,faible,mu-pallof-press-debout mu-pallof-press-genoux,mu-pallof-press-debout,1
mu-around-the-world-kettlebell,Around the world kettlebell,Musculation,Gainage anti-rotation,Débutant,,gainage_anti_rotation,gainage,transversal,polyarticulaire,dynamique,2,salle maison,kettlebell,0,repetitions,alterne,2,3,,,faible,faible,faible,moyenne,faible,faible,faible,,mu-around-the-world-kettlebell,0
mu-gainage-lateral-coude,Gainage latéral sur le coude,Musculation,Gainage anti-flexion latérale,Débutant,,gainage_anti_flexion_laterale,gainage,frontal,non_applicable,isometrique,2,salle maison exterieur,poids_du_corps,0,secondes,unilateral,2,2,,,moyenne,faible,faible,moyenne,faible,faible,faible,mu-gainage-lateral-genoux,mu-gainage-lateral-coude,0
mu-gainage-lateral-genoux,Gainage latéral sur les genoux,Musculation,Gainage anti-flexion latérale,Débutant,mu-gainage-lateral-coude,gainage_anti_flexion_laterale,gainage,frontal,non_applicable,isometrique,1,salle maison exterieur,poids_du_corps,0,secondes,unilateral,2,2,,,moyenne,faible,faible,moyenne,faible,faible,faible,,mu-gainage-lateral-coude,1
mu-gainage-lateral-bras-tendu,Gainage latéral bras tendu,Musculation,Gainage anti-flexion latérale,Débutant,mu-gainage-lateral-coude,gainage_anti_flexion_laterale,gainage,frontal,non_applicable,isometrique,2,salle maison exterieur,poids_du_corps,0,secondes,unilateral,2,2,,,moyenne,faible,faible,moyenne,faible,faible,faible,mu-gainage-lateral-genoux,mu-gainage-lateral-coude,1
mu-gainage-lateral-abduction,Gainage latéral avec abduction de hanche,Musculation,Gainage anti-flexion latérale,Intermédiaire,mu-gainage-lateral-coude,gainage_anti_flexion_laterale,gainage,frontal,polyarticulaire,dynamique,4,salle maison exterieur,poids_du_corps,0,repetitions,unilateral,2,3,,,moyenne,faible,faible,moyenne,faible,faible,faible,mu-gainage-lateral-coude mu-gainage-lateral-bras-tendu,mu-gainage-lateral-coude,1
mu-gainage-lateral-releves-hanche,Gainage latéral avec relevés de hanche,Musculation,Gainage anti-flexion latérale,Intermédiaire,mu-gainage-lateral-coude,gainage_anti_flexion_laterale,gainage,frontal,polyarticulaire,dynamique,4,salle maison exterieur,poids_du_corps,0,repetitions,unilateral,2,3,,,moyenne,faible,faible,moyenne,faible,faible,faible,mu-gainage-lateral-coude mu-gainage-lateral-bras-tendu,mu-gainage-lateral-coude,1
mu-turkish-get-up,Turkish get-up,Musculation,Gainage anti-flexion latérale,Intermédiaire,,gainage_anti_flexion_laterale,gainage,multiple,polyarticulaire,dynamique,4,salle maison,kettlebell,0,repetitions,unilateral,2,3,,,moyenne,faible,faible,moyenne,faible,faible,faible,,mu-turkish-get-up,0
mu-crunch-sol,Crunch au sol,Musculation,Flexion du tronc,Débutant,,flexion_tronc,tronc,sagittal,monoarticulaire,dynamique,2,salle maison exterieur,poids_du_corps,0,repetitions,bilateral,1,4,,,faible,faible,faible,moyenne,faible,moyenne,faible,,mu-crunch-sol,0
mu-crunch-decline,Crunch sur banc décliné,Musculation,Flexion du tronc,Intermédiaire,mu-crunch-sol,flexion_tronc,tronc,sagittal,monoarticulaire,dynamique,4,salle,poids_du_corps,0,repetitions,bilateral,1,4,,,faible,faible,faible,moyenne,faible,moyenne,faible,mu-crunch-sol,mu-crunch-sol,1
mu-crunch-poulie-genoux,Crunch à la poulie haute à genoux,Musculation,Flexion du tronc,Intermédiaire,,flexion_tronc,tronc,sagittal,monoarticulaire,dynamique,4,salle,poulie,0,repetitions,bilateral,1,4,,,faible,faible,faible,moyenne,faible,moyenne,faible,,mu-crunch-poulie-genoux,0
mu-crunch-oblique-poulie,Crunch oblique à la poulie haute à genoux,Musculation,Flexion du tronc,Intermédiaire,mu-crunch-poulie-genoux,flexion_tronc,tronc,frontal,monoarticulaire,dynamique,4,salle,poulie,0,repetitions,unilateral,1,3,,,faible,faible,faible,moyenne,faible,moyenne,faible,,mu-crunch-poulie-genoux,1
mu-crunch-machine,Crunch à la machine,Musculation,Flexion du tronc,Débutant,,flexion_tronc,tronc,sagittal,monoarticulaire,dynamique,1,salle,machine,0,repetitions,bilateral,1,4,,,faible,faible,faible,moyenne,faible,moyenne,faible,,mu-crunch-machine,0
mu-sit-up,Sit-up,Musculation,Flexion du tronc,Débutant,,flexion_tronc,tronc,sagittal,monoarticulaire,dynamique,2,salle maison exterieur,poids_du_corps,0,repetitions,bilateral,1,3,,,faible,faible,faible,moyenne,faible,moyenne,faible,,mu-sit-up,0
mu-sit-up-decline,Sit-up sur banc décliné,Musculation,Flexion du tronc,Intermédiaire,mu-sit-up,flexion_tronc,tronc,sagittal,monoarticulaire,dynamique,4,salle,poids_du_corps,0,repetitions,bilateral,1,3,,,faible,faible,faible,moyenne,faible,moyenne,faible,mu-sit-up,mu-sit-up,1
mu-v-up,V-up,Musculation,Flexion du tronc,Intermédiaire,,flexion_tronc,tronc,sagittal,polyarticulaire,dynamique,4,salle maison exterieur,poids_du_corps,0,repetitions,bilateral,1,3,,,faible,faible,faible,moyenne,faible,moyenne,faible,mu-tuck-up,mu-v-up,0
mu-tuck-up,Tuck-up,Musculation,Flexion du tronc,Débutant,mu-v-up,flexion_tronc,tronc,sagittal,polyarticulaire,dynamique,2,salle maison exterieur,poids_du_corps,0,repetitions,bilateral,1,3,,,faible,faible,faible,moyenne,faible,moyenne,faible,,mu-v-up,1
mu-crunch-inverse,Crunch inversé au sol,Musculation,Flexion du tronc,Débutant,,flexion_tronc,tronc,sagittal,monoarticulaire,dynamique,2,salle maison exterieur,poids_du_corps,0,repetitions,bilateral,1,4,,,faible,faible,faible,moyenne,faible,moyenne,faible,,mu-crunch-inverse,0
mu-crunch-inverse-banc-decline,Crunch inversé sur banc décliné,Musculation,Flexion du tronc,Intermédiaire,mu-crunch-inverse,flexion_tronc,tronc,sagittal,monoarticulaire,dynamique,4,salle,poids_du_corps,0,repetitions,bilateral,1,4,,,faible,faible,faible,moyenne,faible,moyenne,faible,mu-crunch-inverse,mu-crunch-inverse,1
mu-toe-touch,Toe touch,Musculation,Flexion du tronc,Débutant,,flexion_tronc,tronc,sagittal,monoarticulaire,dynamique,2,salle maison exterieur,poids_du_corps,0,repetitions,bilateral,1,4,,,faible,faible,faible,moyenne,faible,moyenne,faible,,mu-toe-touch,0
mu-heel-touch,Heel touch,Musculation,Flexion du tronc,Débutant,,flexion_tronc,tronc,frontal,monoarticulaire,dynamique,2,salle maison exterieur,poids_du_corps,0,repetitions,alterne,1,3,,,faible,faible,faible,moyenne,faible,moyenne,faible,,mu-heel-touch,0
mu-flexion-laterale-haltere,Flexion latérale à l'haltère,Musculation,Flexion du tronc,Débutant,,flexion_tronc,tronc,frontal,monoarticulaire,dynamique,2,salle maison,halteres,0,repetitions,unilateral,1,3,,,faible,faible,faible,moyenne,faible,moyenne,faible,,mu-flexion-laterale-haltere,0
mu-bicycle-crunch,Bicycle crunch,Musculation,Rotation du tronc,Débutant,,rotation_tronc,tronc,transversal,monoarticulaire,dynamique,2,salle maison exterieur,poids_du_corps,0,repetitions,alterne,1,3,,,faible,faible,faible,moyenne,faible,faible,faible,,mu-bicycle-crunch,0
mu-russian-twist,Russian twist,Musculation,Rotation du tronc,Débutant,,rotation_tronc,tronc,transversal,monoarticulaire,dynamique,2,salle maison exterieur,poids_du_corps,0,repetitions,alterne,1,3,,,faible,faible,faible,moyenne,faible,faible,faible,,mu-russian-twist,0
mu-russian-twist-leste,Russian twist lesté,Musculation,Rotation du tronc,Intermédiaire,mu-russian-twist,rotation_tronc,tronc,transversal,monoarticulaire,dynamique,4,salle maison exterieur,lest,0,repetitions,alterne,1,3,,,faible,faible,faible,moyenne,faible,faible,faible,mu-russian-twist,mu-russian-twist,1
mu-woodchop-haut-bas,Woodchop à la poulie haut vers bas,Musculation,Rotation du tronc,Intermédiaire,,rotation_tronc,tronc,transversal,polyarticulaire,dynamique,4,salle,poulie,0,repetitions,alterne,1,3,,,faible,faible,faible,moyenne,faible,faible,faible,,mu-woodchop-haut-bas,0
mu-woodchop-bas-haut,Woodchop à la poulie bas vers haut,Musculation,Rotation du tronc,Intermédiaire,mu-woodchop-haut-bas,rotation_tronc,tronc,transversal,polyarticulaire,dynamique,4,salle,poulie,0,repetitions,alterne,1,3,,,faible,faible,faible,moyenne,faible,faible,faible,,mu-woodchop-haut-bas,1
mu-woodchop-horizontal,Woodchop à la poulie horizontal,Musculation,Rotation du tronc,Intermédiaire,mu-woodchop-haut-bas,rotation_tronc,tronc,transversal,polyarticulaire,dynamique,4,salle,poulie,0,repetitions,alterne,1,3,,,faible,faible,faible,moyenne,faible,faible,faible,,mu-woodchop-haut-bas,1
mu-rotation-poulie-bassin-bloque,Rotation du tronc à la poulie assis,Musculation,Rotation du tronc,Débutant,,rotation_tronc,tronc,transversal,monoarticulaire,dynamique,2,salle,poulie,0,repetitions,bilateral,1,3,,,faible,faible,faible,moyenne,faible,faible,faible,,mu-rotation-poulie-bassin-bloque,0
mu-rotation-machine,Rotation du tronc à la machine,Musculation,Rotation du tronc,Débutant,,rotation_tronc,tronc,transversal,monoarticulaire,dynamique,1,salle,machine,0,repetitions,bilateral,1,3,,,faible,faible,faible,moyenne,faible,faible,faible,,mu-rotation-machine,0
mu-landmine-rotation,Landmine rotation,Musculation,Rotation du tronc,Intermédiaire,,rotation_tronc,tronc,transversal,polyarticulaire,dynamique,4,salle,barre,0,repetitions,alterne,2,3,,,faible,faible,faible,moyenne,faible,faible,faible,,mu-landmine-rotation,0
mu-lancer-rotatif-medecine-ball,Lancer rotatif au médecine-ball,Musculation,Rotation du tronc,Intermédiaire,,rotation_tronc,tronc,transversal,polyarticulaire,dynamique,4,salle maison,autre,0,repetitions,alterne,1,3,,,faible,faible,faible,moyenne,faible,faible,faible,,mu-lancer-rotatif-medecine-ball,0
mu-arch-hold,Arch hold,Musculation,Extension du rachis,Débutant,,extension_rachis,tronc,sagittal,non_applicable,isometrique,2,salle maison exterieur,poids_du_corps,0,secondes,bilateral,2,3,,,faible,faible,faible,moyenne,faible,faible,faible,,mu-arch-hold,0
mu-superman,Superman dynamique,Musculation,Extension du rachis,Débutant,mu-arch-hold,extension_rachis,tronc,sagittal,monoarticulaire,dynamique,3,salle maison exterieur,poids_du_corps,0,repetitions,bilateral,2,3,,,faible,faible,faible,moyenne,faible,faible,faible,mu-arch-hold,mu-arch-hold,1
mu-arch-rocks,Arch rocks,Musculation,Extension du rachis,Intermédiaire,mu-arch-hold,extension_rachis,tronc,sagittal,monoarticulaire,dynamique,4,salle maison exterieur,poids_du_corps,0,repetitions,bilateral,2,3,,,faible,faible,faible,moyenne,faible,faible,faible,mu-arch-hold mu-superman,mu-arch-hold,1
mu-extension-lombaire-machine,Extension lombaire à la machine,Musculation,Extension du rachis,Débutant,,extension_rachis,tronc,sagittal,monoarticulaire,dynamique,1,salle,machine,0,repetitions,bilateral,2,3,,,faible,faible,faible,moyenne,faible,faible,faible,,mu-extension-lombaire-machine,0
mu-jefferson-curl,Jefferson curl,Musculation,Extension du rachis,Avancé,,extension_rachis,tronc,sagittal,polyarticulaire,dynamique,7,salle,barre,0,repetitions,bilateral,3,3,,,faible,faible,faible,forte,faible,faible,faible,,mu-jefferson-curl,0
mu-hyperextension-45-dos,Hyperextension 45° accent dos,Musculation,Extension du rachis,Débutant,,extension_rachis,tronc,sagittal,monoarticulaire,dynamique,2,salle,poids_du_corps,0,repetitions,bilateral,2,3,,,faible,faible,faible,moyenne,faible,faible,faible,,mu-hyperextension-45-dos,0
mu-hyperextension-45-fessiers,Hyperextension 45° accent fessiers,Musculation,Extension de hanche,Débutant,mu-hyperextension-45-dos,extension_hanche,jambes_hanche,sagittal,monoarticulaire,dynamique,2,salle,poids_du_corps,0,repetitions,bilateral,2,4,,,faible,faible,faible,moyenne,faible,moyenne,faible,,mu-hyperextension-45-dos,1
mu-hyperextension-90-fessiers,Hyperextension 90° accent fessiers,Musculation,Extension de hanche,Intermédiaire,mu-hyperextension-45-fessiers,extension_hanche,jambes_hanche,sagittal,monoarticulaire,dynamique,4,salle,poids_du_corps,0,repetitions,bilateral,2,4,,,faible,faible,faible,moyenne,faible,moyenne,faible,mu-hyperextension-45-fessiers mu-hyperextension-45-dos,mu-hyperextension-45-dos,2
mu-hyperextension-90-dos,Hyperextension 90° accent dos,Musculation,Extension du rachis,Intermédiaire,mu-hyperextension-45-dos,extension_rachis,tronc,sagittal,monoarticulaire,dynamique,4,salle,poids_du_corps,0,repetitions,bilateral,2,3,,,faible,faible,faible,moyenne,faible,faible,faible,mu-hyperextension-45-dos mu-hyperextension-45-fessiers,mu-hyperextension-45-dos,1
mu-releve-jambes-allonge,Relevé de jambes allongé au sol,Musculation,Flexion de hanche / relevés de jambes,Débutant,,flexion_hanche,tronc,sagittal,monoarticulaire,dynamique,2,salle maison exterieur,poids_du_corps,0,repetitions,bilateral,2,3,,,faible,faible,faible,moyenne,faible,moyenne,faible,,mu-releve-jambes-allonge,0
mu-flutter-kicks,Flutter kicks,Musculation,Flexion de hanche / relevés de jambes,Débutant,mu-releve-jambes-allonge,flexion_hanche,tronc,sagittal,monoarticulaire,dynamique,2,salle maison exterieur,poids_du_corps,0,repetitions,alterne,2,3,,,faible,faible,faible,moyenne,faible,moyenne,faible,,mu-releve-jambes-allonge,1
mu-arrache,Arraché,Musculation,Haltérophilie,Avancé,,halterophilie,explosif,sagittal,polyarticulaire,explosif,8,salle,barre,0,repetitions,bilateral,5,3,,,forte,moyenne,forte,forte,forte,moyenne,moyenne,mu-arrache-depuis-blocs mu-arrache-suspendu,mu-arrache,0
mu-power-snatch,Arraché debout (power snatch),Musculation,Haltérophilie,Intermédiaire,mu-arrache,halterophilie,explosif,sagittal,polyarticulaire,explosif,5,salle,barre,0,repetitions,bilateral,5,3,,,forte,moyenne,forte,forte,moyenne,moyenne,moyenne,,mu-arrache,1
mu-arrache-suspendu,Arraché suspendu,Musculation,Haltérophilie,Avancé,mu-arrache,halterophilie,explosif,sagittal,polyarticulaire,explosif,7,salle,barre,0,repetitions,bilateral,5,3,,,forte,moyenne,forte,forte,forte,moyenne,moyenne,mu-arrache-haltere-unilateral mu-muscle-snatch,mu-arrache,1
mu-arrache-depuis-blocs,Arraché depuis blocs,Musculation,Haltérophilie,Avancé,mu-arrache,halterophilie,explosif,sagittal,polyarticulaire,explosif,7,salle,barre,0,repetitions,bilateral,5,3,,,forte,moyenne,forte,forte,forte,moyenne,moyenne,mu-arrache-haltere-unilateral mu-muscle-snatch,mu-arrache,1
mu-muscle-snatch,Muscle snatch,Musculation,Haltérophilie,Intermédiaire,mu-arrache,halterophilie,explosif,sagittal,polyarticulaire,explosif,5,salle,barre,0,repetitions,bilateral,4,3,,,forte,moyenne,forte,forte,moyenne,moyenne,moyenne,,mu-arrache,1
mu-tirage-arrache,Tirage d'arraché,Musculation,Haltérophilie,Intermédiaire,mu-arrache,halterophilie,explosif,sagittal,polyarticulaire,explosif,5,salle,barre,0,repetitions,bilateral,4,3,,,forte,moyenne,forte,forte,moyenne,moyenne,moyenne,,mu-arrache,1
mu-snatch-balance,Snatch balance,Musculation,Haltérophilie,Avancé,mu-arrache,halterophilie,explosif,sagittal,polyarticulaire,explosif,8,salle,barre,0,repetitions,bilateral,5,3,,,forte,moyenne,forte,forte,forte,moyenne,moyenne,mu-arrache-depuis-blocs mu-arrache-suspendu,mu-arrache,1
mu-arrache-haltere-unilateral,Arraché haltère unilatéral,Musculation,Haltérophilie,Intermédiaire,mu-arrache,halterophilie,explosif,sagittal,polyarticulaire,explosif,5,salle maison,halteres,0,repetitions,unilateral,4,3,,,forte,moyenne,forte,forte,moyenne,moyenne,moyenne,,mu-arrache,1
mu-overhead-squat,Squat bras tendus au-dessus de la tête (overhead squat),Musculation,Haltérophilie,Intermédiaire,,halterophilie,explosif,sagittal,polyarticulaire,dynamique,5,salle,barre,0,repetitions,bilateral,5,3,,,forte,moyenne,forte,forte,forte,moyenne,moyenne,,mu-overhead-squat,0
mu-epaule,Épaulé,Musculation,Haltérophilie,Avancé,,halterophilie,explosif,sagittal,polyarticulaire,explosif,8,salle,barre,0,repetitions,bilateral,5,3,,,forte,moyenne,forte,forte,forte,moyenne,moyenne,mu-epaule-suspendu mu-high-pull,mu-epaule,0
mu-power-clean,Épaulé debout (power clean),Musculation,Haltérophilie,Intermédiaire,mu-epaule,halterophilie,explosif,sagittal,polyarticulaire,explosif,5,salle,barre,0,repetitions,bilateral,5,3,,,forte,moyenne,forte,forte,moyenne,moyenne,moyenne,mu-power-clean-suspendu mu-epaule-haltere-unilateral,mu-epaule,1
mu-power-clean-suspendu,Épaulé debout suspendu (hang power clean),Musculation,Haltérophilie,Intermédiaire,mu-power-clean,halterophilie,explosif,sagittal,polyarticulaire,explosif,4,salle,barre,0,repetitions,bilateral,5,3,,,forte,moyenne,forte,forte,moyenne,moyenne,moyenne,mu-epaule-haltere-unilateral,mu-epaule,2
mu-epaule-suspendu,Épaulé suspendu,Musculation,Haltérophilie,Avancé,mu-epaule,halterophilie,explosif,sagittal,polyarticulaire,explosif,7,salle,barre,0,repetitions,bilateral,5,3,,,forte,moyenne,forte,forte,forte,moyenne,moyenne,mu-high-pull mu-muscle-clean,mu-epaule,1
mu-muscle-clean,Muscle clean,Musculation,Haltérophilie,Intermédiaire,mu-epaule,halterophilie,explosif,sagittal,polyarticulaire,explosif,5,salle,barre,0,repetitions,bilateral,4,3,,,forte,moyenne,forte,forte,moyenne,moyenne,moyenne,mu-power-clean-suspendu mu-epaule-haltere-unilateral,mu-epaule,1
mu-tirage-epaule,Tirage d'épaulé,Musculation,Haltérophilie,Intermédiaire,mu-epaule,halterophilie,explosif,sagittal,polyarticulaire,explosif,5,salle,barre,0,repetitions,bilateral,4,3,,,forte,moyenne,forte,forte,moyenne,moyenne,moyenne,mu-power-clean-suspendu mu-epaule-haltere-unilateral,mu-epaule,1
mu-high-pull,Tirage haut (high pull),Musculation,Haltérophilie,Intermédiaire,mu-tirage-epaule,halterophilie,explosif,sagittal,polyarticulaire,explosif,5,salle,barre,0,repetitions,bilateral,4,3,,,forte,moyenne,forte,forte,moyenne,moyenne,moyenne,mu-power-clean-suspendu mu-epaule-haltere-unilateral,mu-epaule,2
mu-epaule-haltere-unilateral,Épaulé haltère unilatéral,Musculation,Haltérophilie,Débutant,mu-epaule,halterophilie,explosif,sagittal,polyarticulaire,explosif,3,salle maison,halteres,0,repetitions,unilateral,4,3,,,forte,moyenne,forte,forte,moyenne,moyenne,moyenne,,mu-epaule,1
mu-epaule-jete,Épaulé-jeté,Musculation,Haltérophilie,Avancé,,halterophilie,explosif,sagittal,polyarticulaire,explosif,8,salle,barre,0,repetitions,bilateral,5,3,,,forte,moyenne,forte,forte,moyenne,moyenne,moyenne,mu-push-jerk,mu-epaule-jete,0
mu-push-jerk,Jeté poussé (push jerk),Musculation,Haltérophilie,Intermédiaire,mu-epaule-jete,halterophilie,explosif,sagittal,polyarticulaire,explosif,5,salle,barre,0,repetitions,bilateral,5,3,,,forte,moyenne,forte,forte,moyenne,moyenne,moyenne,,mu-epaule-jete,1
mu-split-jerk,Jeté fendu (split jerk),Musculation,Haltérophilie,Avancé,mu-epaule-jete,halterophilie,explosif,sagittal,polyarticulaire,explosif,8,salle,barre,0,repetitions,bilateral,5,3,,,forte,moyenne,forte,forte,moyenne,moyenne,moyenne,mu-push-jerk,mu-epaule-jete,1
mu-push-press,Push press,Musculation,Haltérophilie,Intermédiaire,,halterophilie,explosif,sagittal,polyarticulaire,explosif,5,salle,barre,0,repetitions,bilateral,4,3,,,forte,moyenne,forte,forte,moyenne,moyenne,moyenne,,mu-push-press,0
mu-swing-kettlebell-russe,Swing kettlebell russe,Musculation,Balistique kettlebell,Débutant,,balistique,explosif,sagittal,polyarticulaire,explosif,2,salle maison,kettlebell,0,repetitions,bilateral,3,3,,,moyenne,faible,faible,moyenne,faible,moyenne,faible,,mu-swing-kettlebell-russe,0
mu-swing-kettlebell-americain,Swing kettlebell américain,Musculation,Balistique kettlebell,Intermédiaire,mu-swing-kettlebell-russe,balistique,explosif,sagittal,polyarticulaire,explosif,4,salle maison,kettlebell,0,repetitions,bilateral,3,3,,,moyenne,faible,faible,moyenne,faible,moyenne,faible,mu-swing-kettlebell-russe,mu-swing-kettlebell-russe,1
mu-swing-kettlebell-unilateral,Swing kettlebell unilatéral,Musculation,Balistique kettlebell,Intermédiaire,mu-swing-kettlebell-russe,balistique,explosif,sagittal,polyarticulaire,explosif,4,salle maison,kettlebell,0,repetitions,unilateral,3,3,,,moyenne,faible,faible,moyenne,faible,moyenne,faible,mu-swing-kettlebell-russe,mu-swing-kettlebell-russe,1
mu-clean-kettlebell,Épaulé kettlebell,Musculation,Balistique kettlebell,Intermédiaire,,balistique,explosif,sagittal,polyarticulaire,explosif,4,salle maison,kettlebell,0,repetitions,bilateral,3,3,,,moyenne,faible,faible,moyenne,faible,moyenne,faible,,mu-clean-kettlebell,0
mu-snatch-kettlebell,Arraché kettlebell,Musculation,Balistique kettlebell,Avancé,,balistique,explosif,sagittal,polyarticulaire,explosif,7,salle maison,kettlebell,0,repetitions,bilateral,3,3,,,moyenne,faible,faible,moyenne,faible,moyenne,faible,,mu-snatch-kettlebell,0
mu-farmer-walk,Marche du fermier,Musculation,Portés et strongman,Débutant,,porte,porte,sagittal,polyarticulaire,dynamique,2,salle maison,halteres,0,distance,bilateral,4,2,,,moyenne,faible,moyenne,moyenne,faible,faible,faible,,mu-farmer-walk,0
mu-suitcase-carry,Suitcase carry,Musculation,Portés et strongman,Débutant,mu-farmer-walk,porte,porte,frontal,polyarticulaire,dynamique,2,salle maison,kettlebell,0,distance,unilateral,4,2,,,moyenne,faible,moyenne,moyenne,faible,faible,faible,,mu-farmer-walk,1
mu-overhead-carry,Porté au-dessus de la tête (overhead carry),Musculation,Portés et strongman,Intermédiaire,,porte,porte,sagittal,polyarticulaire,dynamique,4,salle maison,kettlebell,0,distance,unilateral,4,2,,,forte,faible,moyenne,moyenne,faible,faible,faible,,mu-overhead-carry,0
mu-rack-carry,Porté en rack kettlebell,Musculation,Portés et strongman,Intermédiaire,,porte,porte,sagittal,polyarticulaire,dynamique,4,salle maison,kettlebell,0,distance,bilateral,4,2,,,moyenne,faible,moyenne,moyenne,faible,faible,faible,,mu-rack-carry,0
mu-porte-sac-leste,Porté de sac lesté en bear hug,Musculation,Portés et strongman,Intermédiaire,,porte,porte,sagittal,polyarticulaire,dynamique,4,salle maison exterieur,autre,0,distance,bilateral,4,2,,,moyenne,faible,moyenne,moyenne,faible,faible,faible,,mu-porte-sac-leste,0
mu-epaule-sac-leste,Épaulé au sac lesté,Musculation,Portés et strongman,Intermédiaire,,porte,porte,sagittal,polyarticulaire,dynamique,4,salle maison exterieur,autre,0,repetitions,bilateral,4,2,,,moyenne,faible,moyenne,moyenne,faible,faible,faible,,mu-epaule-sac-leste,0
mu-sac-leste-sur-epaule,Sac lesté sur l'épaule,Musculation,Portés et strongman,Avancé,mu-epaule-sac-leste,porte,porte,sagittal,polyarticulaire,dynamique,7,salle maison exterieur,autre,0,repetitions,unilateral,4,2,,,moyenne,faible,moyenne,moyenne,faible,faible,faible,mu-epaule-sac-leste,mu-epaule-sac-leste,1
mu-poussee-traineau,Poussée de traîneau,Musculation,Portés et strongman,Débutant,,porte,porte,sagittal,polyarticulaire,dynamique,2,salle,autre,0,distance,bilateral,4,2,,,moyenne,faible,moyenne,moyenne,faible,faible,faible,,mu-poussee-traineau,0
mu-tirage-traineau-marche-arriere,Tirage de traîneau en marche arrière,Musculation,Portés et strongman,Débutant,,porte,porte,sagittal,polyarticulaire,dynamique,2,salle,autre,0,distance,bilateral,4,2,,,moyenne,faible,moyenne,moyenne,faible,faible,faible,,mu-tirage-traineau-marche-arriere,0
mu-tirage-traineau-corde,Tirage de traîneau à la corde,Musculation,Portés et strongman,Débutant,,porte,porte,sagittal,polyarticulaire,dynamique,2,salle,autre,0,distance,bilateral,4,2,,,moyenne,faible,moyenne,moyenne,faible,faible,faible,,mu-tirage-traineau-corde,0
mu-battle-rope-ondulations,Battle rope ondulations alternées,Musculation,Portés et strongman,Débutant,,porte,porte,sagittal,polyarticulaire,dynamique,2,salle exterieur,autre,0,secondes,alterne,4,2,,,moyenne,faible,moyenne,moyenne,faible,faible,faible,,mu-battle-rope-ondulations,0
mu-squat-saute,Squat sauté,Musculation,Pliométrie,Débutant,,pliometrie,explosif,sagittal,polyarticulaire,explosif,2,salle maison exterieur,poids_du_corps,0,repetitions,bilateral,2,3,0.88,derivee,faible,faible,faible,moyenne,forte,moyenne,forte,,mu-squat-saute,0
mu-squat-saute-charge,Squat sauté à la barre hexagonale,Musculation,Pliométrie,Intermédiaire,mu-squat-saute,pliometrie,explosif,sagittal,polyarticulaire,explosif,4,salle,barre,0,repetitions,bilateral,4,3,,,faible,faible,faible,moyenne,forte,moyenne,forte,mu-squat-saute,mu-squat-saute,1
mu-box-jump,Box jump,Musculation,Pliométrie,Débutant,,pliometrie,explosif,sagittal,polyarticulaire,explosif,2,salle maison exterieur,poids_du_corps,0,repetitions,bilateral,2,3,0.88,derivee,faible,faible,faible,moyenne,forte,moyenne,forte,,mu-box-jump,0
mu-box-jump-unipodal,Box jump unipodal,Musculation,Pliométrie,Avancé,mu-box-jump,pliometrie,explosif,sagittal,polyarticulaire,explosif,7,salle maison exterieur,poids_du_corps,0,repetitions,unilateral,3,3,0.94,derivee,faible,faible,faible,moyenne,forte,moyenne,forte,mu-box-jump,mu-box-jump,1
mu-broad-jump,Saut en longueur sans élan,Musculation,Pliométrie,Intermédiaire,,pliometrie,explosif,sagittal,polyarticulaire,explosif,4,salle maison exterieur,poids_du_corps,0,repetitions,bilateral,3,3,0.88,derivee,faible,faible,faible,moyenne,forte,moyenne,forte,,mu-broad-jump,0
mu-depth-jump,Depth jump,Musculation,Pliométrie,Avancé,,pliometrie,explosif,sagittal,polyarticulaire,explosif,7,salle maison exterieur,poids_du_corps,0,repetitions,bilateral,3,3,0.88,derivee,faible,faible,faible,moyenne,forte,moyenne,forte,mu-depth-drop,mu-depth-jump,0
mu-depth-drop,Réception en contrebas,Musculation,Pliométrie,Intermédiaire,mu-depth-jump,pliometrie,explosif,sagittal,polyarticulaire,excentrique,4,salle maison exterieur,poids_du_corps,0,repetitions,bilateral,3,4,,,faible,faible,faible,moyenne,forte,moyenne,forte,,mu-depth-jump,1
mu-fentes-sautees,Fentes sautées,Musculation,Pliométrie,Intermédiaire,,pliometrie,explosif,sagittal,polyarticulaire,explosif,4,salle maison exterieur,poids_du_corps,0,repetitions,alterne,3,3,0.88,derivee,faible,faible,faible,moyenne,forte,moyenne,forte,,mu-fentes-sautees,0
mu-bonds-alternes,Bonds alternés,Musculation,Pliométrie,Intermédiaire,,pliometrie,explosif,sagittal,polyarticulaire,explosif,4,salle maison exterieur,poids_du_corps,0,repetitions,alterne,3,3,0.88,derivee,faible,faible,faible,moyenne,forte,moyenne,forte,,mu-bonds-alternes,0
mu-skater-jumps,Skater jumps,Musculation,Pliométrie,Intermédiaire,,pliometrie,explosif,frontal,polyarticulaire,explosif,4,salle maison exterieur,poids_du_corps,0,repetitions,alterne,3,3,0.94,derivee,faible,faible,faible,moyenne,forte,moyenne,forte,,mu-skater-jumps,0
mu-medecine-ball-slam,Slam au médecine-ball,Musculation,Pliométrie,Débutant,,pliometrie,explosif,sagittal,polyarticulaire,explosif,2,salle maison,autre,0,repetitions,bilateral,3,3,,,moyenne,moyenne,faible,moyenne,faible,faible,faible,,mu-medecine-ball-slam,0
mu-lancer-poitrine-medecine-ball,Lancer poitrine au médecine-ball,Musculation,Pliométrie,Débutant,,pliometrie,explosif,sagittal,polyarticulaire,explosif,2,salle maison,autre,0,repetitions,bilateral,3,3,,,moyenne,moyenne,faible,moyenne,faible,faible,faible,,mu-lancer-poitrine-medecine-ball,0
mu-lancer-par-dessus-tete-medecine-ball,Lancer par-dessus la tête au médecine-ball,Musculation,Pliométrie,Débutant,,pliometrie,explosif,sagittal,polyarticulaire,explosif,2,salle maison,autre,0,repetitions,bilateral,3,3,,,moyenne,moyenne,faible,moyenne,faible,faible,faible,,mu-lancer-par-dessus-tete-medecine-ball,0
mu-lancer-arriere-medecine-ball,Lancer arrière par-dessus la tête au médecine-ball,Musculation,Pliométrie,Intermédiaire,,pliometrie,explosif,sagittal,polyarticulaire,explosif,4,salle maison,autre,0,repetitions,bilateral,3,3,,,moyenne,moyenne,faible,moyenne,faible,faible,faible,,mu-lancer-arriere-medecine-ball,0
sw-pompe,Pompe classique,Street workout,Poussée horizontale,Débutant,,poussee_horizontale,poussee,transversal,polyarticulaire,dynamique,2,salle maison exterieur,poids_du_corps,0,repetitions,bilateral,2,3,0.72,publiee,moyenne,moyenne,moyenne,faible,faible,faible,faible,sw-pompe-genoux sw-pompe-inclinee,sw-pompe,0
sw-pompe-murale,Pompe contre le mur,Street workout,Poussée horizontale,Débutant,sw-pompe,poussee_horizontale,poussee,transversal,polyarticulaire,dynamique,1,salle maison exterieur,poids_du_corps,0,repetitions,bilateral,2,3,0.36,estimee,moyenne,moyenne,moyenne,faible,faible,faible,faible,,sw-pompe,1
sw-pompe-inclinee,Pompe inclinée (mains surélevées),Street workout,Poussée horizontale,Débutant,sw-pompe,poussee_horizontale,poussee,transversal,polyarticulaire,dynamique,1,salle maison exterieur,poids_du_corps,0,repetitions,bilateral,2,3,0.54,derivee,moyenne,moyenne,moyenne,faible,faible,faible,faible,,sw-pompe,1
sw-pompe-genoux,Pompe sur les genoux,Street workout,Poussée horizontale,Débutant,sw-pompe,poussee_horizontale,poussee,transversal,polyarticulaire,dynamique,1,salle maison exterieur,poids_du_corps,0,repetitions,bilateral,2,3,0.58,publiee,moyenne,moyenne,moyenne,faible,faible,faible,faible,,sw-pompe,1
sw-pompe-negative,Pompe négative,Street workout,Poussée horizontale,Débutant,sw-pompe,poussee_horizontale,poussee,transversal,polyarticulaire,excentrique,1,salle maison exterieur,poids_du_corps,0,repetitions,bilateral,2,4,0.72,publiee,moyenne,moyenne,moyenne,faible,faible,faible,faible,,sw-pompe,1
sw-pompe-declinee,Pompe déclinée (pieds surélevés),Street workout,Poussée inclinée,Intermédiaire,sw-pompe,poussee_inclinee,poussee,transversal,polyarticulaire,dynamique,4,salle maison exterieur,poids_du_corps,0,repetitions,bilateral,3,3,0.81,derivee,moyenne,moyenne,moyenne,faible,faible,faible,faible,sw-pompe sw-pompe-large,sw-pompe,1
sw-pompe-serree,Pompe prise serrée,Street workout,Poussée horizontale,Intermédiaire,sw-pompe,poussee_horizontale,poussee,transversal,polyarticulaire,dynamique,4,salle maison exterieur,poids_du_corps,0,repetitions,bilateral,3,3,0.72,publiee,moyenne,moyenne,moyenne,faible,faible,faible,faible,sw-pompe sw-pompe-large,sw-pompe,1
sw-pompe-diamant,Pompe diamant,Street workout,Poussée horizontale,Intermédiaire,sw-pompe,poussee_horizontale,poussee,transversal,polyarticulaire,dynamique,4,salle maison exterieur,poids_du_corps,0,repetitions,bilateral,3,3,0.72,publiee,moyenne,moyenne,moyenne,faible,faible,faible,faible,sw-pompe sw-pompe-large,sw-pompe,1
sw-pompe-large,Pompe prise large,Street workout,Poussée horizontale,Débutant,sw-pompe,poussee_horizontale,poussee,transversal,polyarticulaire,dynamique,3,salle maison exterieur,poids_du_corps,0,repetitions,bilateral,2,3,0.72,publiee,moyenne,moyenne,moyenne,faible,faible,faible,faible,sw-pompe sw-pompe-genoux,sw-pompe,1
sw-pompe-archer,Pompe archer,Street workout,Poussée horizontale,Intermédiaire,sw-pompe,poussee_horizontale,poussee,transversal,polyarticulaire,dynamique,4,salle maison exterieur,poids_du_corps,0,repetitions,unilateral,3,3,0.72,publiee,forte,forte,moyenne,faible,faible,faible,faible,sw-pompe sw-pompe-large,sw-pompe,1
sw-pompe-typewriter,Pompe typewriter,Street workout,Poussée horizontale,Avancé,sw-pompe-archer,poussee_horizontale,poussee,transversal,polyarticulaire,dynamique,7,salle maison exterieur,poids_du_corps,0,repetitions,alterne,3,3,0.72,publiee,moyenne,moyenne,moyenne,faible,faible,faible,faible,sw-pompe-archer sw-pompe,sw-pompe,2
sw-pompe-hindu,Pompe hindoue,Street workout,Poussée inclinée,Intermédiaire,sw-pompe,poussee_inclinee,poussee,transversal,polyarticulaire,dynamique,4,salle maison exterieur,poids_du_corps,0,repetitions,bilateral,3,3,0.72,publiee,moyenne,moyenne,moyenne,faible,faible,faible,faible,sw-pompe sw-pompe-large,sw-pompe,1
sw-pompe-dive-bomber,Pompe dive bomber,Street workout,Poussée inclinée,Intermédiaire,sw-pompe-hindu,poussee_inclinee,poussee,transversal,polyarticulaire,dynamique,4,salle maison exterieur,poids_du_corps,0,repetitions,bilateral,3,3,0.72,publiee,moyenne,moyenne,moyenne,faible,faible,faible,faible,sw-pompe sw-pompe-large,sw-pompe,2
sw-pompe-spiderman,Pompe spiderman,Street workout,Poussée horizontale,Intermédiaire,sw-pompe,poussee_horizontale,poussee,transversal,polyarticulaire,dynamique,4,salle maison exterieur,poids_du_corps,0,repetitions,alterne,3,3,0.72,publiee,moyenne,moyenne,moyenne,faible,faible,faible,faible,sw-pompe sw-pompe-large,sw-pompe,1
sw-pompe-t,Pompe en T,Street workout,Poussée horizontale,Intermédiaire,sw-pompe,poussee_horizontale,poussee,transversal,polyarticulaire,dynamique,4,salle maison exterieur,poids_du_corps,0,repetitions,bilateral,3,3,0.72,publiee,moyenne,moyenne,moyenne,faible,faible,faible,faible,sw-pompe sw-pompe-large,sw-pompe,1
sw-pompe-poings,Pompe sur les poings,Street workout,Poussée horizontale,Intermédiaire,sw-pompe,poussee_horizontale,poussee,transversal,polyarticulaire,dynamique,4,salle maison exterieur,poids_du_corps,0,repetitions,bilateral,3,3,0.72,publiee,moyenne,moyenne,forte,faible,faible,faible,faible,sw-pompe sw-pompe-large,sw-pompe,1
sw-pompe-doigts,Pompe sur le bout des doigts,Street workout,Poussée horizontale,Intermédiaire,sw-pompe,poussee_horizontale,poussee,transversal,polyarticulaire,dynamique,4,salle maison exterieur,poids_du_corps,0,repetitions,bilateral,3,3,0.72,publiee,moyenne,moyenne,forte,faible,faible,faible,faible,sw-pompe sw-pompe-large,sw-pompe,1
sw-pompe-deficit,Pompe en déficit,Street workout,Poussée horizontale,Intermédiaire,sw-pompe,poussee_horizontale,poussee,transversal,polyarticulaire,dynamique,4,salle maison exterieur,poids_du_corps,0,repetitions,bilateral,3,3,0.72,publiee,moyenne,moyenne,moyenne,faible,faible,faible,faible,sw-pompe sw-pompe-large,sw-pompe,1
sw-pompe-parallettes-deficit,Pompe en déficit sur parallettes,Street workout,Poussée horizontale,Intermédiaire,sw-pompe-deficit,poussee_horizontale,poussee,transversal,polyarticulaire,dynamique,4,salle maison exterieur,poids_du_corps,0,repetitions,bilateral,3,3,0.72,publiee,moyenne,moyenne,moyenne,faible,faible,faible,faible,sw-pompe sw-pompe-large,sw-pompe,2
sw-pompe-anneaux,Pompe aux anneaux,Street workout,Poussée horizontale,Intermédiaire,sw-pompe,poussee_horizontale,poussee,transversal,polyarticulaire,dynamique,4,salle maison exterieur,poids_du_corps,0,repetitions,bilateral,3,3,0.72,publiee,forte,moyenne,moyenne,faible,faible,faible,faible,sw-pompe sw-pompe-large,sw-pompe,1
sw-pompe-anneaux-rto,Pompe aux anneaux RTO,Street workout,Poussée horizontale,Avancé,sw-pompe-anneaux,poussee_horizontale,poussee,transversal,polyarticulaire,dynamique,7,salle maison exterieur,poids_du_corps,0,repetitions,bilateral,3,3,0.72,publiee,forte,moyenne,moyenne,faible,faible,faible,faible,sw-pompe-anneaux sw-pompe,sw-pompe,2
sw-pompe-sangles,Pompe aux sangles de suspension,Street workout,Poussée horizontale,Intermédiaire,sw-pompe,poussee_horizontale,poussee,transversal,polyarticulaire,dynamique,4,salle maison exterieur,poids_du_corps,0,repetitions,bilateral,3,3,0.72,publiee,moyenne,moyenne,moyenne,faible,faible,faible,faible,sw-pompe sw-pompe-large,sw-pompe,1
sw-pompe-explosive,Pompe explosive,Street workout,Pliométrie,Intermédiaire,sw-pompe,pliometrie,explosif,sagittal,polyarticulaire,explosif,4,salle maison exterieur,poids_du_corps,0,repetitions,bilateral,3,3,0.72,publiee,moyenne,moyenne,forte,moyenne,faible,faible,faible,sw-pompe sw-pompe-large,sw-pompe,1
sw-pompe-claquee,Pompe claquée,Street workout,Pliométrie,Intermédiaire,sw-pompe-explosive,pliometrie,explosif,sagittal,polyarticulaire,explosif,5,salle maison exterieur,poids_du_corps,0,repetitions,bilateral,3,3,0.72,publiee,moyenne,moyenne,forte,moyenne,faible,faible,faible,sw-pompe-explosive sw-pompe,sw-pompe,2
sw-pompe-claquee-dos,Pompe claquée dans le dos,Street workout,Pliométrie,Avancé,sw-pompe-claquee,pliometrie,explosif,sagittal,polyarticulaire,explosif,7,salle maison exterieur,poids_du_corps,0,repetitions,bilateral,3,3,0.72,publiee,moyenne,moyenne,forte,moyenne,faible,faible,faible,sw-pompe-claquee sw-pompe-explosive,sw-pompe,3
sw-pompe-pike,Pompe pike,Street workout,Poussée verticale,Intermédiaire,,poussee_verticale_haute,poussee,sagittal,polyarticulaire,dynamique,4,salle maison exterieur,poids_du_corps,0,repetitions,bilateral,3,3,0.7,estimee,forte,moyenne,moyenne,moyenne,faible,faible,faible,,sw-pompe-pike,0
sw-pompe-pike-pieds-sureleves,Pompe pike pieds surélevés,Street workout,Poussée verticale,Avancé,sw-pompe-pike,poussee_verticale_haute,poussee,sagittal,polyarticulaire,dynamique,7,salle maison exterieur,poids_du_corps,0,repetitions,bilateral,3,3,0.7,estimee,forte,moyenne,moyenne,moyenne,faible,faible,faible,sw-pompe-pike,sw-pompe-pike,1
sw-dips-barres-paralleles,Dips aux barres parallèles,Street workout,Poussée verticale,Intermédiaire,,poussee_verticale_basse,poussee,sagittal,polyarticulaire,dynamique,4,salle exterieur,poids_du_corps,0,repetitions,bilateral,3,3,0.96,derivee,forte,moyenne,moyenne,faible,faible,faible,faible,sw-dips-negatifs sw-dips-assistes-elastique,sw-dips-barres-paralleles,0
sw-dips-buste-penche,Dips aux barres parallèles buste penché,Street workout,Poussée verticale,Intermédiaire,sw-dips-barres-paralleles,poussee_verticale_basse,poussee,sagittal,polyarticulaire,dynamique,4,salle exterieur,poids_du_corps,0,repetitions,bilateral,3,3,0.96,derivee,forte,moyenne,moyenne,faible,faible,faible,faible,sw-dips-negatifs sw-dips-assistes-elastique,sw-dips-barres-paralleles,1
sw-dips-assistes-pieds,Dips assistés pieds sur box,Street workout,Poussée verticale,Débutant,sw-dips-barres-paralleles,poussee_verticale_basse,poussee,sagittal,polyarticulaire,dynamique,2,salle exterieur,poids_du_corps,1,repetitions,bilateral,1,2,0.96,derivee,forte,moyenne,moyenne,faible,faible,faible,faible,,sw-dips-barres-paralleles,1
sw-dips-assistes-elastique,Dips assistés à l'élastique,Street workout,Poussée verticale,Débutant,sw-dips-barres-paralleles,poussee_verticale_basse,poussee,sagittal,polyarticulaire,dynamique,2,salle exterieur,poids_du_corps,1,repetitions,bilateral,1,2,0.96,derivee,forte,moyenne,moyenne,faible,faible,faible,faible,,sw-dips-barres-paralleles,1
sw-dips-negatifs,Dips négatifs aux barres parallèles,Street workout,Poussée verticale,Débutant,sw-dips-barres-paralleles,poussee_verticale_basse,poussee,sagittal,polyarticulaire,excentrique,2,salle exterieur,poids_du_corps,0,repetitions,bilateral,2,4,0.96,derivee,forte,moyenne,moyenne,faible,faible,faible,faible,,sw-dips-barres-paralleles,1
sw-dips-anneaux,Dips aux anneaux,Street workout,Poussée verticale,Avancé,sw-dips-barres-paralleles,poussee_verticale_basse,poussee,sagittal,polyarticulaire,dynamique,7,salle maison exterieur,poids_du_corps,0,repetitions,bilateral,3,3,0.96,derivee,forte,moyenne,moyenne,faible,faible,faible,faible,sw-dips-barres-paralleles sw-dips-buste-penche,sw-dips-barres-paralleles,1
sw-dips-anneaux-rto,Dips aux anneaux RTO,Street workout,Poussée verticale,Avancé,sw-dips-anneaux,poussee_verticale_basse,poussee,sagittal,polyarticulaire,dynamique,8,salle maison exterieur,poids_du_corps,0,repetitions,bilateral,3,3,0.96,derivee,forte,moyenne,moyenne,faible,faible,faible,faible,sw-dips-anneaux sw-dips-barres-paralleles,sw-dips-barres-paralleles,2
sw-dips-prise-inversee,Dips aux barres parallèles prise inversée,Street workout,Poussée verticale,Avancé,sw-dips-barres-paralleles,poussee_verticale_basse,poussee,sagittal,polyarticulaire,dynamique,7,salle exterieur,poids_du_corps,0,repetitions,bilateral,3,3,0.96,derivee,forte,moyenne,moyenne,faible,faible,faible,faible,sw-dips-barres-paralleles sw-dips-buste-penche,sw-dips-barres-paralleles,1
sw-dips-banc,Dips au banc,Street workout,Poussée verticale,Débutant,,poussee_verticale_basse,poussee,sagittal,polyarticulaire,dynamique,2,salle maison exterieur,poids_du_corps,0,repetitions,bilateral,2,3,0.5,estimee,forte,moyenne,moyenne,faible,faible,faible,faible,,sw-dips-banc,0
sw-dips-banc-pieds-sureleves,Dips au banc pieds surélevés,Street workout,Poussée verticale,Intermédiaire,sw-dips-banc,poussee_verticale_basse,poussee,sagittal,polyarticulaire,dynamique,4,salle maison exterieur,poids_du_corps,0,repetitions,bilateral,3,3,0.5,estimee,forte,moyenne,moyenne,faible,faible,faible,faible,sw-dips-banc,sw-dips-banc,1
sw-dips-barre-droite,Dips à la barre droite,Street workout,Poussée verticale,Intermédiaire,,poussee_verticale_basse,poussee,sagittal,polyarticulaire,dynamique,4,salle maison exterieur,poids_du_corps,0,repetitions,bilateral,3,3,0.96,derivee,forte,moyenne,moyenne,faible,faible,faible,faible,,sw-dips-barre-droite,0
sw-row-australien,Row australien,Street workout,Tirage horizontal,Débutant,,tirage_horizontal,tirage,sagittal,polyarticulaire,dynamique,2,salle exterieur,poids_du_corps,0,repetitions,bilateral,2,3,0.6,estimee,moyenne,moyenne,faible,moyenne,faible,faible,faible,sw-row-australien-genoux-flechis,sw-row-australien,0
sw-row-australien-genoux-flechis,Row australien genoux fléchis pieds à plat,Street workout,Tirage horizontal,Débutant,sw-row-australien,tirage_horizontal,tirage,sagittal,polyarticulaire,dynamique,1,salle exterieur,poids_du_corps,0,repetitions,bilateral,2,3,0.5,estimee,moyenne,moyenne,faible,moyenne,faible,faible,faible,,sw-row-australien,1
sw-row-australien-pieds-sureleves,Row australien pieds surélevés,Street workout,Tirage horizontal,Intermédiaire,sw-row-australien,tirage_horizontal,tirage,sagittal,polyarticulaire,dynamique,4,salle exterieur,poids_du_corps,0,repetitions,bilateral,3,3,0.7,estimee,moyenne,moyenne,faible,moyenne,faible,faible,faible,sw-row-australien sw-row-australien-anneaux,sw-row-australien,1
sw-row-australien-anneaux,Row australien aux anneaux,Street workout,Tirage horizontal,Débutant,sw-row-australien,tirage_horizontal,tirage,sagittal,polyarticulaire,dynamique,3,salle maison exterieur,poids_du_corps,0,repetitions,bilateral,2,3,0.6,estimee,forte,moyenne,faible,moyenne,faible,faible,faible,sw-row-australien sw-row-australien-barres-paralleles,sw-row-australien,1
sw-row-australien-supination,Row australien supination,Street workout,Tirage horizontal,Débutant,sw-row-australien,tirage_horizontal,tirage,sagittal,polyarticulaire,dynamique,2,salle exterieur,poids_du_corps,0,repetitions,bilateral,2,3,0.6,estimee,moyenne,moyenne,faible,moyenne,faible,faible,faible,sw-row-australien-genoux-flechis,sw-row-australien,1
sw-row-australien-large,Row australien prise large,Street workout,Tirage horizontal,Débutant,sw-row-australien,tirage_horizontal,tirage,transversal,polyarticulaire,dynamique,3,salle exterieur,poids_du_corps,0,repetitions,bilateral,2,3,0.6,estimee,moyenne,moyenne,faible,moyenne,faible,faible,faible,sw-row-australien sw-row-australien-barres-paralleles,sw-row-australien,1
sw-row-australien-barres-paralleles,Row australien aux barres parallèles,Street workout,Tirage horizontal,Débutant,sw-row-australien,tirage_horizontal,tirage,sagittal,polyarticulaire,dynamique,2,salle exterieur,poids_du_corps,0,repetitions,bilateral,2,3,0.6,estimee,moyenne,moyenne,faible,moyenne,faible,faible,faible,sw-row-australien-genoux-flechis,sw-row-australien,1
sw-row-archer,Row archer,Street workout,Tirage horizontal,Intermédiaire,sw-row-australien,tirage_horizontal,tirage,sagittal,polyarticulaire,dynamique,4,salle exterieur,poids_du_corps,0,repetitions,unilateral,3,3,0.6,estimee,forte,forte,faible,moyenne,faible,faible,faible,sw-row-australien sw-row-australien-anneaux,sw-row-australien,1
sw-row-un-bras-assiste,Row un bras assisté aux anneaux,Street workout,Tirage horizontal,Intermédiaire,sw-row-australien,tirage_horizontal,tirage,sagittal,polyarticulaire,dynamique,4,salle maison exterieur,poids_du_corps,1,repetitions,unilateral,2,2,0.6,estimee,forte,forte,faible,moyenne,faible,faible,faible,sw-row-australien sw-row-australien-anneaux,sw-row-australien,1
sw-traction-pronation,Traction pronation,Street workout,Tirage vertical,Intermédiaire,,tirage_vertical,tirage,frontal,polyarticulaire,dynamique,4,salle maison exterieur,poids_du_corps,0,repetitions,bilateral,3,3,0.97,derivee,moyenne,moyenne,faible,faible,faible,faible,faible,sw-traction-negative sw-traction-sautee,sw-traction-pronation,0
sw-traction-neutre,Traction prise neutre,Street workout,Tirage vertical,Intermédiaire,sw-traction-pronation,tirage_vertical,tirage,sagittal,polyarticulaire,dynamique,4,salle maison exterieur,poids_du_corps,0,repetitions,bilateral,3,3,0.97,derivee,moyenne,moyenne,faible,faible,faible,faible,faible,sw-traction-negative sw-traction-sautee,sw-traction-pronation,1
sw-traction-large,Traction pronation prise large,Street workout,Tirage vertical,Intermédiaire,sw-traction-pronation,tirage_vertical,tirage,frontal,polyarticulaire,dynamique,5,salle maison exterieur,poids_du_corps,0,repetitions,bilateral,3,3,0.97,derivee,moyenne,moyenne,faible,faible,faible,faible,faible,sw-traction-pronation sw-traction-commando,sw-traction-pronation,1
sw-traction-serree,Traction pronation prise serrée,Street workout,Tirage vertical,Intermédiaire,sw-traction-pronation,tirage_vertical,tirage,sagittal,polyarticulaire,dynamique,4,salle maison exterieur,poids_du_corps,0,repetitions,bilateral,3,3,0.97,derivee,moyenne,moyenne,faible,faible,faible,faible,faible,sw-traction-negative sw-traction-sautee,sw-traction-pronation,1
sw-traction-commando,Traction commando,Street workout,Tirage vertical,Intermédiaire,sw-traction-pronation,tirage_vertical,tirage,sagittal,polyarticulaire,dynamique,4,salle maison exterieur,poids_du_corps,0,repetitions,alterne,3,3,0.97,derivee,moyenne,moyenne,faible,faible,faible,faible,faible,sw-traction-negative sw-traction-sautee,sw-traction-pronation,1
sw-traction-chest-to-bar,Traction chest-to-bar,Street workout,Tirage vertical,Avancé,sw-traction-pronation,tirage_vertical,tirage,frontal,polyarticulaire,dynamique,7,salle maison exterieur,poids_du_corps,0,repetitions,bilateral,3,3,0.97,derivee,moyenne,moyenne,faible,faible,faible,faible,faible,sw-traction-pronation sw-traction-anneaux,sw-traction-pronation,1
sw-traction-l-sit,Traction en L,Street workout,Tirage vertical,Avancé,sw-traction-pronation,tirage_vertical,tirage,frontal,polyarticulaire,dynamique,7,salle maison exterieur,poids_du_corps,0,repetitions,bilateral,3,3,0.97,derivee,moyenne,moyenne,faible,faible,faible,faible,faible,sw-traction-pronation sw-traction-anneaux,sw-traction-pronation,1
sw-traction-archer,Traction archer,Street workout,Tirage vertical,Avancé,sw-traction-pronation,tirage_vertical,tirage,frontal,polyarticulaire,dynamique,7,salle maison exterieur,poids_du_corps,0,repetitions,unilateral,3,3,0.97,derivee,forte,forte,faible,faible,faible,faible,faible,sw-traction-pronation sw-traction-anneaux,sw-traction-pronation,1
sw-traction-typewriter,Traction typewriter,Street workout,Tirage vertical,Avancé,sw-traction-pronation,tirage_vertical,tirage,frontal,polyarticulaire,dynamique,7,salle maison exterieur,poids_du_corps,0,repetitions,alterne,3,3,0.97,derivee,moyenne,moyenne,faible,faible,faible,faible,faible,sw-traction-pronation sw-traction-anneaux,sw-traction-pronation,1
sw-traction-anneaux,Traction aux anneaux,Street workout,Tirage vertical,Intermédiaire,sw-traction-pronation,tirage_vertical,tirage,frontal,polyarticulaire,dynamique,5,salle maison exterieur,poids_du_corps,0,repetitions,bilateral,3,3,0.97,derivee,forte,moyenne,faible,faible,faible,faible,faible,sw-traction-pronation sw-traction-commando,sw-traction-pronation,1
sw-traction-prise-mixte,Traction prise mixte,Street workout,Tirage vertical,Intermédiaire,sw-traction-pronation,tirage_vertical,tirage,frontal,polyarticulaire,dynamique,4,salle maison exterieur,poids_du_corps,0,repetitions,bilateral,3,3,0.97,derivee,moyenne,moyenne,faible,faible,faible,faible,faible,sw-traction-negative sw-traction-sautee,sw-traction-pronation,1
sw-traction-derriere-nuque,Traction derrière la nuque,Street workout,Tirage vertical,Avancé,sw-traction-pronation,tirage_vertical,tirage,frontal,polyarticulaire,dynamique,7,salle maison exterieur,poids_du_corps,0,repetitions,bilateral,3,3,0.97,derivee,forte,moyenne,faible,faible,faible,faible,faible,sw-traction-pronation sw-traction-anneaux,sw-traction-pronation,1
sw-traction-tempo-excentrique,Traction pronation tempo excentrique lent,Street workout,Tirage vertical,Intermédiaire,sw-traction-pronation,tirage_vertical,tirage,frontal,polyarticulaire,excentrique,5,salle maison exterieur,poids_du_corps,0,repetitions,bilateral,3,4,0.97,derivee,moyenne,moyenne,faible,faible,faible,faible,faible,sw-traction-pronation sw-traction-commando,sw-traction-pronation,1
sw-traction-assistee-elastique,Traction assistée à l'élastique,Street workout,Tirage vertical,Débutant,sw-traction-pronation,tirage_vertical,tirage,sagittal,polyarticulaire,dynamique,2,salle maison exterieur,poids_du_corps,1,repetitions,bilateral,1,2,0.97,derivee,moyenne,moyenne,faible,faible,faible,faible,faible,,sw-traction-pronation,1
sw-traction-assistee-pieds-au-sol,Traction assistée pieds au sol,Street workout,Tirage vertical,Débutant,sw-traction-pronation,tirage_vertical,tirage,sagittal,polyarticulaire,dynamique,2,salle exterieur,poids_du_corps,1,repetitions,bilateral,1,2,,,moyenne,moyenne,faible,faible,faible,faible,faible,,sw-traction-pronation,1
sw-traction-negative,Traction négative,Street workout,Tirage vertical,Débutant,sw-traction-pronation,tirage_vertical,tirage,sagittal,polyarticulaire,excentrique,2,salle maison exterieur,poids_du_corps,0,repetitions,bilateral,2,4,0.97,derivee,moyenne,moyenne,faible,faible,faible,faible,faible,,sw-traction-pronation,1
sw-traction-sautee,Traction sautée,Street workout,Tirage vertical,Débutant,sw-traction-pronation,tirage_vertical,tirage,sagittal,polyarticulaire,explosif,2,salle maison exterieur,poids_du_corps,0,repetitions,bilateral,2,3,,,moyenne,moyenne,faible,faible,faible,faible,faible,,sw-traction-pronation,1
sw-traction-corde,Traction à la corde,Street workout,Tirage vertical,Avancé,sw-traction-pronation,tirage_vertical,tirage,sagittal,polyarticulaire,dynamique,7,salle exterieur,poids_du_corps,0,repetitions,bilateral,3,3,0.97,derivee,moyenne,moyenne,faible,faible,faible,faible,faible,sw-traction-pronation sw-traction-anneaux,sw-traction-pronation,1
sw-traction-supination,Traction supination,Street workout,Tirage vertical,Intermédiaire,,tirage_vertical,tirage,sagittal,polyarticulaire,dynamique,4,salle maison exterieur,poids_du_corps,0,repetitions,bilateral,3,3,0.97,derivee,moyenne,moyenne,faible,faible,faible,faible,faible,,sw-traction-supination,0
sw-traction-supination-serree,Traction supination prise serrée,Street workout,Tirage vertical,Intermédiaire,sw-traction-supination,tirage_vertical,tirage,sagittal,polyarticulaire,dynamique,4,salle maison exterieur,poids_du_corps,0,repetitions,bilateral,3,3,0.97,derivee,moyenne,moyenne,faible,faible,faible,faible,faible,,sw-traction-supination,1
sw-montee-corde-avec-jambes,Montée de corde avec jambes,Street workout,Tirage vertical,Intermédiaire,,tirage_vertical,tirage,sagittal,polyarticulaire,dynamique,4,salle exterieur,poids_du_corps,0,repetitions,alterne,3,3,0.97,derivee,moyenne,moyenne,faible,faible,faible,faible,faible,,sw-montee-corde-avec-jambes,0
sw-montee-corde-sans-jambes,Montée de corde sans jambes,Street workout,Tirage vertical,Avancé,sw-montee-corde-avec-jambes,tirage_vertical,tirage,sagittal,polyarticulaire,dynamique,7,salle exterieur,poids_du_corps,0,repetitions,alterne,3,3,0.97,derivee,moyenne,moyenne,faible,faible,faible,faible,faible,sw-montee-corde-avec-jambes,sw-montee-corde-avec-jambes,1
sw-montee-corde-en-l,Montée de corde en L,Street workout,Tirage vertical,Élite,sw-montee-corde-sans-jambes,tirage_vertical,tirage,sagittal,polyarticulaire,dynamique,9,salle exterieur,poids_du_corps,0,repetitions,alterne,3,4,0.97,derivee,moyenne,moyenne,faible,faible,faible,faible,faible,sw-montee-corde-sans-jambes sw-montee-corde-avec-jambes,sw-montee-corde-avec-jambes,2
sw-traction-scapulaire,Traction scapulaire,Street workout,Préparation scapulaire,Débutant,,preparation_scapulaire,isolation_haut,frontal,monoarticulaire,dynamique,2,salle maison exterieur,poids_du_corps,0,repetitions,bilateral,1,2,,,faible,faible,faible,faible,faible,faible,faible,,sw-traction-scapulaire,0
sw-row-scapulaire,Row scapulaire,Street workout,Préparation scapulaire,Débutant,,preparation_scapulaire,isolation_haut,sagittal,monoarticulaire,dynamique,2,salle exterieur,poids_du_corps,0,repetitions,bilateral,1,2,,,faible,faible,faible,faible,faible,faible,faible,,sw-row-scapulaire,0
sw-pompe-scapulaire,Pompe scapulaire,Street workout,Préparation scapulaire,Débutant,,preparation_scapulaire,isolation_haut,sagittal,monoarticulaire,dynamique,2,salle maison exterieur,poids_du_corps,0,repetitions,bilateral,1,3,,,faible,faible,faible,faible,faible,faible,faible,,sw-pompe-scapulaire,0
sw-pompe-sphinx,Pompe sphinx,Street workout,Isolation triceps,Intermédiaire,,isolation_triceps,isolation_bras,sagittal,monoarticulaire,dynamique,4,salle maison exterieur,poids_du_corps,0,repetitions,bilateral,1,3,0.72,publiee,faible,forte,faible,faible,faible,faible,faible,,sw-pompe-sphinx,0
sw-dead-hang,Dead hang,Street workout,Avant-bras et préhension,Débutant,,prehension,isolation_bras,sagittal,non_applicable,isometrique,2,salle maison exterieur,poids_du_corps,0,secondes,bilateral,1,3,,,faible,faible,moyenne,faible,faible,faible,faible,,sw-dead-hang,0
sw-active-hang,Suspension active,Street workout,Préparation scapulaire,Débutant,sw-dead-hang,preparation_scapulaire,isolation_haut,frontal,non_applicable,isometrique,2,salle maison exterieur,poids_du_corps,0,secondes,bilateral,1,2,,,faible,faible,faible,faible,faible,faible,faible,,sw-dead-hang,1
sw-suspension-supination,Suspension en supination,Street workout,Avant-bras et préhension,Débutant,sw-dead-hang,prehension,isolation_bras,sagittal,non_applicable,isometrique,2,salle maison exterieur,poids_du_corps,0,secondes,bilateral,1,3,,,faible,faible,moyenne,faible,faible,faible,faible,,sw-dead-hang,1
sw-pistol-squat,Pistol squat,Street workout,Squat / dominante genou,Avancé,,squat,jambes_genou,sagittal,polyarticulaire,dynamique,7,salle maison exterieur,poids_du_corps,0,repetitions,unilateral,3,3,0.94,derivee,faible,faible,faible,moyenne,forte,moyenne,moyenne,sw-pistol-squat-assis-box sw-pistol-squat-banc,sw-pistol-squat,0
sw-pistol-squat-assiste,Pistol squat assisté,Street workout,Squat / dominante genou,Intermédiaire,sw-pistol-squat,squat,jambes_genou,sagittal,polyarticulaire,dynamique,4,salle maison exterieur,poids_du_corps,1,repetitions,unilateral,2,2,0.94,derivee,faible,faible,faible,moyenne,forte,moyenne,moyenne,,sw-pistol-squat,1
sw-pistol-squat-assis-box,Pistol squat assis sur box,Street workout,Squat / dominante genou,Intermédiaire,sw-pistol-squat,squat,jambes_genou,sagittal,polyarticulaire,dynamique,4,salle maison exterieur,poids_du_corps,0,repetitions,unilateral,3,3,0.94,derivee,faible,faible,faible,moyenne,forte,moyenne,moyenne,,sw-pistol-squat,1
sw-pistol-squat-negatif,Pistol squat négatif,Street workout,Squat / dominante genou,Intermédiaire,sw-pistol-squat,squat,jambes_genou,sagittal,polyarticulaire,excentrique,4,salle maison exterieur,poids_du_corps,0,repetitions,unilateral,3,4,0.94,derivee,faible,faible,faible,moyenne,forte,moyenne,moyenne,,sw-pistol-squat,1
sw-pistol-squat-banc,Pistol squat debout sur banc,Street workout,Squat / dominante genou,Intermédiaire,sw-pistol-squat,squat,jambes_genou,sagittal,polyarticulaire,dynamique,4,salle maison exterieur,poids_du_corps,0,repetitions,unilateral,3,3,0.94,derivee,faible,faible,faible,moyenne,forte,moyenne,moyenne,,sw-pistol-squat,1
sw-pistol-squat-saute,Pistol squat sauté,Street workout,Pliométrie,Élite,sw-pistol-squat,pliometrie,explosif,sagittal,polyarticulaire,explosif,9,salle maison exterieur,poids_du_corps,0,repetitions,unilateral,3,4,0.94,derivee,faible,faible,faible,moyenne,forte,moyenne,forte,sw-pistol-squat sw-pistol-squat-assis-box,sw-pistol-squat,1
sw-dragon-squat,Dragon squat,Street workout,Squat / dominante genou,Élite,sw-pistol-squat,squat,jambes_genou,sagittal,polyarticulaire,dynamique,9,salle maison exterieur,poids_du_corps,0,repetitions,unilateral,3,4,0.94,derivee,faible,faible,faible,moyenne,forte,moyenne,moyenne,sw-pistol-squat sw-pistol-squat-assis-box,sw-pistol-squat,1
sw-shrimp-squat,Shrimp squat,Street workout,Squat / dominante genou,Avancé,,squat,jambes_genou,sagittal,polyarticulaire,dynamique,7,salle maison exterieur,poids_du_corps,0,repetitions,unilateral,3,3,0.94,derivee,faible,faible,faible,moyenne,forte,moyenne,moyenne,sw-shrimp-squat-bras-libres sw-shrimp-squat-assiste,sw-shrimp-squat,0
sw-shrimp-squat-assiste,Shrimp squat assisté,Street workout,Squat / dominante genou,Intermédiaire,sw-shrimp-squat,squat,jambes_genou,sagittal,polyarticulaire,dynamique,4,salle maison exterieur,poids_du_corps,1,repetitions,unilateral,2,2,0.94,derivee,faible,faible,faible,moyenne,forte,moyenne,moyenne,,sw-shrimp-squat,1
sw-shrimp-squat-bras-libres,Shrimp squat débutant (genou et pointe au sol),Street workout,Squat / dominante genou,Intermédiaire,sw-shrimp-squat,squat,jambes_genou,sagittal,polyarticulaire,dynamique,4,salle maison exterieur,poids_du_corps,0,repetitions,unilateral,3,3,0.94,derivee,faible,faible,faible,moyenne,forte,moyenne,moyenne,,sw-shrimp-squat,1
sw-shrimp-squat-genou-seul,Shrimp squat intermédiaire (genou seul au sol),Street workout,Squat / dominante genou,Avancé,sw-shrimp-squat,squat,jambes_genou,sagittal,polyarticulaire,dynamique,7,salle maison exterieur,poids_du_corps,0,repetitions,unilateral,3,3,0.94,derivee,faible,faible,faible,moyenne,forte,moyenne,moyenne,sw-shrimp-squat-bras-libres sw-shrimp-squat-assiste,sw-shrimp-squat,1
sw-shrimp-squat-deux-mains,Shrimp squat pied tenu à deux mains,Street workout,Squat / dominante genou,Élite,sw-shrimp-squat,squat,jambes_genou,sagittal,polyarticulaire,dynamique,9,salle maison exterieur,poids_du_corps,0,repetitions,unilateral,3,4,0.94,derivee,faible,faible,faible,moyenne,forte,moyenne,moyenne,sw-shrimp-squat sw-shrimp-squat-genou-seul,sw-shrimp-squat,1
sw-shrimp-squat-deficit,Shrimp squat en déficit,Street workout,Squat / dominante genou,Élite,sw-shrimp-squat,squat,jambes_genou,sagittal,polyarticulaire,dynamique,9,salle maison exterieur,poids_du_corps,0,repetitions,unilateral,3,4,0.94,derivee,faible,faible,faible,moyenne,forte,moyenne,moyenne,sw-shrimp-squat sw-shrimp-squat-genou-seul,sw-shrimp-squat,1
sw-skater-squat,Skater squat,Street workout,Squat / dominante genou,Intermédiaire,,squat,jambes_genou,frontal,polyarticulaire,dynamique,4,salle maison exterieur,poids_du_corps,0,repetitions,unilateral,3,3,0.94,derivee,faible,faible,faible,moyenne,forte,moyenne,moyenne,,sw-skater-squat,0
sw-skater-squat-deficit,Skater squat en déficit,Street workout,Squat / dominante genou,Avancé,sw-skater-squat,squat,jambes_genou,frontal,polyarticulaire,dynamique,7,salle maison exterieur,poids_du_corps,0,repetitions,unilateral,3,3,0.94,derivee,faible,faible,faible,moyenne,forte,moyenne,moyenne,sw-skater-squat,sw-skater-squat,1
sw-sissy-squat,Sissy squat,Street workout,Extension de genou,Avancé,,extension_genou,isolation_jambes,sagittal,monoarticulaire,dynamique,7,salle maison exterieur,poids_du_corps,0,repetitions,bilateral,1,3,,,faible,faible,faible,faible,forte,faible,faible,sw-sissy-squat-assiste,sw-sissy-squat,0
sw-sissy-squat-assiste,Sissy squat assisté,Street workout,Extension de genou,Intermédiaire,sw-sissy-squat,extension_genou,isolation_jambes,sagittal,monoarticulaire,dynamique,4,salle exterieur,poids_du_corps,1,repetitions,bilateral,1,2,,,faible,faible,faible,faible,forte,faible,faible,,sw-sissy-squat,1
sw-dragon-flag,Dragon flag,Street workout,Gainage anti-extension,Avancé,,gainage_anti_extension,gainage,sagittal,polyarticulaire,dynamique,7,salle maison exterieur,poids_du_corps,0,repetitions,bilateral,2,3,,,moyenne,faible,faible,forte,faible,faible,faible,sw-dragon-flag-negatif sw-dragon-flag-tuck,sw-dragon-flag,0
sw-dragon-flag-tuck,Dragon flag tuck,Street workout,Gainage anti-extension,Intermédiaire,sw-dragon-flag,gainage_anti_extension,gainage,sagittal,polyarticulaire,dynamique,4,salle maison exterieur,poids_du_corps,0,repetitions,bilateral,2,3,,,moyenne,faible,faible,forte,faible,faible,faible,,sw-dragon-flag,1
sw-dragon-flag-une-jambe,Dragon flag une jambe,Street workout,Gainage anti-extension,Avancé,sw-dragon-flag,gainage_anti_extension,gainage,sagittal,polyarticulaire,dynamique,8,salle maison exterieur,poids_du_corps,0,repetitions,unilateral,2,3,,,moyenne,faible,faible,forte,faible,faible,faible,sw-dragon-flag sw-dragon-flag-negatif,sw-dragon-flag,1
sw-dragon-flag-straddle,Dragon flag straddle,Street workout,Gainage anti-extension,Avancé,sw-dragon-flag,gainage_anti_extension,gainage,sagittal,polyarticulaire,dynamique,8,salle maison exterieur,poids_du_corps,0,repetitions,bilateral,2,3,,,moyenne,faible,faible,forte,faible,faible,faible,sw-dragon-flag sw-dragon-flag-negatif,sw-dragon-flag,1
sw-dragon-flag-negatif,Dragon flag négatif,Street workout,Gainage anti-extension,Intermédiaire,sw-dragon-flag,gainage_anti_extension,gainage,sagittal,polyarticulaire,excentrique,4,salle maison exterieur,poids_du_corps,0,repetitions,bilateral,2,4,,,moyenne,faible,faible,forte,faible,faible,faible,,sw-dragon-flag,1
sw-windshield-wiper,Windshield wiper suspendu complet,Street workout,Rotation du tronc,Avancé,,rotation_tronc,tronc,transversal,polyarticulaire,dynamique,7,salle maison exterieur,poids_du_corps,0,repetitions,alterne,1,3,,,faible,faible,faible,moyenne,faible,faible,faible,sw-windshield-wiper-tuck,sw-windshield-wiper,0
sw-windshield-wiper-tuck,Windshield wiper suspendu genoux fléchis,Street workout,Rotation du tronc,Intermédiaire,sw-windshield-wiper,rotation_tronc,tronc,transversal,polyarticulaire,dynamique,4,salle maison exterieur,poids_du_corps,0,repetitions,alterne,1,3,,,faible,faible,faible,moyenne,faible,faible,faible,,sw-windshield-wiper,1
sw-windshield-wiper-l,Windshield wiper suspendu en L,Street workout,Rotation du tronc,Avancé,sw-windshield-wiper,rotation_tronc,tronc,transversal,polyarticulaire,dynamique,8,salle maison exterieur,poids_du_corps,0,repetitions,alterne,1,3,,,faible,faible,faible,moyenne,faible,faible,faible,sw-windshield-wiper sw-windshield-wiper-tuck,sw-windshield-wiper,1
sw-releve-genoux-suspendu,Relevé de genoux suspendu,Street workout,Flexion de hanche / relevés de jambes,Débutant,,flexion_hanche,tronc,sagittal,monoarticulaire,dynamique,2,salle maison exterieur,poids_du_corps,0,repetitions,bilateral,2,3,,,moyenne,faible,faible,moyenne,faible,moyenne,faible,,sw-releve-genoux-suspendu,0
sw-releve-genoux-oblique,Relevé de genoux oblique suspendu,Street workout,Rotation du tronc,Intermédiaire,sw-releve-genoux-suspendu,rotation_tronc,tronc,transversal,monoarticulaire,dynamique,4,salle maison exterieur,poids_du_corps,0,repetitions,alterne,1,3,,,faible,faible,faible,moyenne,faible,faible,faible,sw-releve-genoux-suspendu,sw-releve-genoux-suspendu,1
sw-releve-jambes-tendues-suspendu,Relevé de jambes tendues suspendu,Street workout,Flexion de hanche / relevés de jambes,Intermédiaire,,flexion_hanche,tronc,sagittal,monoarticulaire,dynamique,4,salle maison exterieur,poids_du_corps,0,repetitions,bilateral,2,3,,,moyenne,faible,faible,moyenne,faible,moyenne,faible,,sw-releve-jambes-tendues-suspendu,0
sw-releve-jambes-oblique,Relevé de jambes tendues oblique suspendu,Street workout,Rotation du tronc,Avancé,sw-releve-jambes-tendues-suspendu,rotation_tronc,tronc,transversal,monoarticulaire,dynamique,7,salle maison exterieur,poids_du_corps,0,repetitions,alterne,1,3,,,faible,faible,faible,moyenne,faible,faible,faible,sw-releve-jambes-tendues-suspendu sw-knees-to-elbows,sw-releve-jambes-tendues-suspendu,1
sw-toes-to-bar,Toes-to-bar strict,Street workout,Flexion de hanche / relevés de jambes,Avancé,sw-releve-jambes-tendues-suspendu,flexion_hanche,tronc,sagittal,polyarticulaire,dynamique,7,salle maison exterieur,poids_du_corps,0,repetitions,bilateral,2,3,,,moyenne,faible,faible,moyenne,faible,moyenne,faible,sw-releve-jambes-tendues-suspendu sw-knees-to-elbows,sw-releve-jambes-tendues-suspendu,1
sw-toes-to-bar-negatif,Toes-to-bar négatif,Street workout,Flexion de hanche / relevés de jambes,Intermédiaire,sw-toes-to-bar,flexion_hanche,tronc,sagittal,polyarticulaire,excentrique,4,salle maison exterieur,poids_du_corps,0,repetitions,bilateral,2,4,,,moyenne,faible,faible,moyenne,faible,moyenne,faible,,sw-releve-jambes-tendues-suspendu,2
sw-knees-to-elbows,Knees-to-elbows,Street workout,Flexion de hanche / relevés de jambes,Intermédiaire,sw-toes-to-bar,flexion_hanche,tronc,sagittal,polyarticulaire,dynamique,4,salle maison exterieur,poids_du_corps,0,repetitions,bilateral,2,3,,,moyenne,faible,faible,moyenne,faible,moyenne,faible,,sw-releve-jambes-tendues-suspendu,2
sl-pompe-lestee-gilet,Pompe lestée au gilet,Streetlifting,Poussée horizontale,Intermédiaire,,poussee_horizontale,poussee,transversal,polyarticulaire,dynamique,4,salle maison exterieur,lest,0,repetitions,bilateral,4,3,0.72,publiee,moyenne,moyenne,moyenne,faible,faible,faible,faible,sw-pompe,sl-pompe-lestee-gilet,0
sl-pompe-lestee-disque-dos,Pompe lestée disque sur le dos,Streetlifting,Poussée horizontale,Intermédiaire,sl-pompe-lestee-gilet,poussee_horizontale,poussee,transversal,polyarticulaire,dynamique,4,salle maison exterieur,lest,0,repetitions,bilateral,4,3,0.72,publiee,moyenne,moyenne,moyenne,faible,faible,faible,faible,sw-pompe,sl-pompe-lestee-gilet,1
sl-pompe-lestee-deficit-parallettes,Pompe lestée en déficit sur parallettes,Streetlifting,Poussée horizontale,Avancé,sl-pompe-lestee-gilet,poussee_horizontale,poussee,transversal,polyarticulaire,dynamique,7,salle maison exterieur,lest,0,repetitions,bilateral,4,3,0.72,publiee,moyenne,moyenne,moyenne,faible,faible,faible,faible,sw-pompe,sl-pompe-lestee-gilet,1
sl-pompe-lestee-prise-serree,Pompe lestée prise serrée,Streetlifting,Poussée horizontale,Intermédiaire,sl-pompe-lestee-gilet,poussee_horizontale,poussee,transversal,polyarticulaire,dynamique,4,salle maison exterieur,lest,0,repetitions,bilateral,4,3,0.72,publiee,moyenne,moyenne,moyenne,faible,faible,faible,faible,sw-pompe,sl-pompe-lestee-gilet,1
sl-dips-banc-leste,Dips au banc lesté,Streetlifting,Poussée verticale,Intermédiaire,,poussee_verticale_basse,poussee,sagittal,polyarticulaire,dynamique,4,salle maison exterieur,lest,0,repetitions,bilateral,4,3,0.5,estimee,forte,forte,moyenne,faible,faible,faible,faible,sw-dips-banc,sl-dips-banc-leste,0
sl-row-australien-leste,Row australien lesté,Streetlifting,Tirage horizontal,Intermédiaire,,tirage_horizontal,tirage,sagittal,polyarticulaire,dynamique,4,salle exterieur,lest,0,repetitions,bilateral,4,3,0.6,estimee,moyenne,moyenne,faible,moyenne,faible,faible,faible,sw-row-australien,sl-row-australien-leste,0
sl-row-australien-leste-anneaux,Row australien lesté aux anneaux,Streetlifting,Tirage horizontal,Intermédiaire,sl-row-australien-leste,tirage_horizontal,tirage,sagittal,polyarticulaire,dynamique,5,salle maison exterieur,lest,0,repetitions,bilateral,4,3,0.6,estimee,forte,moyenne,faible,moyenne,faible,faible,faible,sw-row-australien,sl-row-australien-leste,1
sl-traction-scapulaire-lestee,Traction scapulaire lestée,Streetlifting,Préparation scapulaire,Intermédiaire,,preparation_scapulaire,isolation_haut,frontal,monoarticulaire,dynamique,4,salle maison exterieur,lest,0,repetitions,bilateral,1,2,,,faible,faible,faible,faible,faible,faible,faible,sw-traction-scapulaire,sl-traction-scapulaire-lestee,0
sl-dead-hang-leste,Dead hang lesté,Streetlifting,Avant-bras et préhension,Intermédiaire,,prehension,isolation_bras,sagittal,non_applicable,isometrique,4,salle maison exterieur,lest,0,secondes,bilateral,1,3,,,faible,faible,moyenne,faible,faible,faible,faible,sw-dead-hang,sl-dead-hang-leste,0
sl-pistol-squat-leste,Pistol squat lesté,Streetlifting,Fente / unilatéral jambes,Avancé,,fente,jambes_genou,sagittal,polyarticulaire,dynamique,7,salle maison,lest,0,repetitions,unilateral,4,3,0.94,derivee,faible,faible,faible,faible,forte,moyenne,moyenne,sw-pistol-squat,sl-pistol-squat-leste,0
sl-shrimp-squat-leste,Shrimp squat lesté,Streetlifting,Fente / unilatéral jambes,Avancé,sl-pistol-squat-leste,fente,jambes_genou,sagittal,polyarticulaire,dynamique,7,salle maison exterieur,lest,0,repetitions,unilateral,4,3,0.94,derivee,faible,faible,faible,faible,forte,moyenne,moyenne,sw-shrimp-squat,sl-pistol-squat-leste,1
sl-releve-jambes-suspendu-leste,Relevé de jambes suspendu lesté,Streetlifting,Flexion de hanche / relevés de jambes,Avancé,,flexion_hanche,tronc,sagittal,monoarticulaire,dynamique,7,salle maison,lest,0,repetitions,bilateral,2,3,,,moyenne,faible,faible,moyenne,faible,moyenne,faible,sw-releve-jambes-tendues-suspendu,sl-releve-jambes-suspendu-leste,0
sl-releve-genoux-suspendu-leste,Relevé de genoux suspendu lesté,Streetlifting,Flexion de hanche / relevés de jambes,Intermédiaire,sl-releve-jambes-suspendu-leste,flexion_hanche,tronc,sagittal,monoarticulaire,dynamique,4,salle maison,lest,0,repetitions,bilateral,2,3,,,moyenne,faible,faible,moyenne,faible,moyenne,faible,sw-releve-genoux-suspendu,sl-releve-jambes-suspendu-leste,1
sl-releve-jambes-leste-station,Relevé de jambes lesté en appui sur station,Streetlifting,Flexion de hanche / relevés de jambes,Intermédiaire,sl-releve-jambes-suspendu-leste,flexion_hanche,tronc,sagittal,monoarticulaire,dynamique,4,salle,lest,0,repetitions,bilateral,2,3,,,moyenne,faible,faible,moyenne,faible,moyenne,faible,sw-releve-jambes-tendues-suspendu,sl-releve-jambes-suspendu-leste,1
sl-l-sit-leste,L-sit lesté aux barres parallèles,Streetlifting,Compression,Avancé,,compression,tronc,sagittal,non_applicable,isometrique,7,salle,lest,0,secondes,bilateral,2,3,,,moyenne,moyenne,moyenne,faible,faible,moyenne,faible,cs-l-sit,sl-l-sit-leste,0
sl-traction-lestee,Traction lestée de compétition,Streetlifting,Mouvement de compétition,Avancé,,tirage_vertical,tirage,frontal,polyarticulaire,dynamique,8,salle maison exterieur,lest,0,repetitions,bilateral,4,3,0.97,derivee,moyenne,forte,faible,faible,faible,faible,faible,sw-traction-pronation,sl-traction-lestee,0
sl-traction-lestee-pause-haut,Traction lestée pause en haut,Streetlifting,Tirage vertical,Avancé,sl-traction-lestee,tirage_vertical,tirage,frontal,polyarticulaire,dynamique,8,salle maison exterieur,lest,0,repetitions,bilateral,4,3,0.97,derivee,moyenne,forte,faible,faible,faible,faible,faible,sw-traction-pronation,sl-traction-lestee,1
sl-traction-lestee-pause-mi-course,Traction lestée pause à mi-course,Streetlifting,Tirage vertical,Avancé,sl-traction-lestee,tirage_vertical,tirage,frontal,polyarticulaire,dynamique,8,salle maison exterieur,lest,0,repetitions,bilateral,4,3,0.97,derivee,moyenne,forte,faible,faible,faible,faible,faible,sw-traction-pronation,sl-traction-lestee,1
sl-traction-lestee-pause-bas,Traction lestée pause en bas (dead stop),Streetlifting,Tirage vertical,Avancé,sl-traction-lestee,tirage_vertical,tirage,frontal,polyarticulaire,dynamique,8,salle maison exterieur,lest,0,repetitions,bilateral,4,3,0.97,derivee,moyenne,forte,faible,faible,faible,faible,faible,sw-traction-pronation,sl-traction-lestee,1
sl-traction-lestee-partielle-haute,Traction lestée partielle haute surchargée,Streetlifting,Tirage vertical,Avancé,sl-traction-lestee,tirage_vertical,tirage,frontal,polyarticulaire,dynamique,6,salle maison exterieur,lest,0,repetitions,bilateral,4,3,0.97,derivee,moyenne,forte,faible,faible,faible,faible,faible,sw-traction-supination,sl-traction-lestee,1
sl-traction-lestee-partielle-basse,Traction lestée partielle basse (départ bras tendus),Streetlifting,Tirage vertical,Avancé,sl-traction-lestee,tirage_vertical,tirage,frontal,polyarticulaire,dynamique,6,salle maison exterieur,lest,0,repetitions,bilateral,4,3,0.97,derivee,moyenne,forte,faible,faible,faible,faible,faible,sw-traction-pronation,sl-traction-lestee,1
sl-traction-negative-lestee-supramaximale,Traction négative lestée supramaximale,Streetlifting,Tirage vertical,Avancé,sl-traction-lestee,tirage_vertical,tirage,sagittal,polyarticulaire,excentrique,7,salle maison exterieur,lest,0,repetitions,bilateral,5,4,0.97,derivee,moyenne,forte,faible,faible,faible,faible,faible,sw-traction-pronation,sl-traction-lestee,1
sl-traction-isometrie-lestee-haute,Isométrie lestée en haut de traction,Streetlifting,Tirage vertical,Avancé,sl-traction-lestee,tirage_vertical,tirage,frontal,non_applicable,isometrique,7,salle maison exterieur,lest,0,secondes,bilateral,3,3,0.97,derivee,moyenne,forte,faible,faible,faible,faible,faible,,sl-traction-lestee,1
sl-traction-isometrie-lestee-blocage,Isométrie lestée au point de blocage de traction,Streetlifting,Tirage vertical,Avancé,sl-traction-lestee,tirage_vertical,tirage,frontal,non_applicable,isometrique,7,salle maison exterieur,lest,0,secondes,bilateral,3,3,0.97,derivee,moyenne,forte,faible,faible,faible,faible,faible,,sl-traction-lestee,1
sl-traction-lestee-prise-neutre,Traction lestée prise neutre,Streetlifting,Tirage vertical,Avancé,sl-traction-lestee,tirage_vertical,tirage,sagittal,polyarticulaire,dynamique,7,salle maison exterieur,lest,0,repetitions,bilateral,4,3,0.97,derivee,moyenne,forte,faible,faible,faible,faible,faible,sw-traction-pronation,sl-traction-lestee,1
sl-traction-lestee-prise-large,Traction lestée prise large,Streetlifting,Tirage vertical,Avancé,sl-traction-lestee,tirage_vertical,tirage,frontal,polyarticulaire,dynamique,8,salle maison exterieur,lest,0,repetitions,bilateral,4,3,0.97,derivee,moyenne,forte,faible,faible,faible,faible,faible,sw-traction-pronation,sl-traction-lestee,1
sl-traction-lestee-prise-serree,Traction lestée prise serrée pronation,Streetlifting,Tirage vertical,Avancé,sl-traction-lestee,tirage_vertical,tirage,sagittal,polyarticulaire,dynamique,7,salle maison exterieur,lest,0,repetitions,bilateral,4,3,0.97,derivee,moyenne,forte,faible,faible,faible,faible,faible,sw-traction-supination,sl-traction-lestee,1
sl-chin-up-leste,Chin-up lesté (traction supination),Streetlifting,Tirage vertical,Avancé,sl-traction-lestee,tirage_vertical,tirage,sagittal,polyarticulaire,dynamique,7,salle maison exterieur,lest,0,repetitions,bilateral,4,3,0.97,derivee,moyenne,forte,faible,faible,faible,faible,faible,sw-traction-supination,sl-traction-lestee,1
sl-traction-lestee-anneaux,Traction lestée aux anneaux,Streetlifting,Tirage vertical,Avancé,sl-traction-lestee,tirage_vertical,tirage,frontal,polyarticulaire,dynamique,8,salle maison exterieur,lest,0,repetitions,bilateral,4,3,0.97,derivee,forte,forte,faible,faible,faible,faible,faible,sw-traction-pronation,sl-traction-lestee,1
sl-traction-lestee-elastique,Traction lestée avec élastique (résistance variable),Streetlifting,Tirage vertical,Avancé,sl-traction-lestee,tirage_vertical,tirage,frontal,polyarticulaire,dynamique,7,salle maison exterieur,lest,0,repetitions,bilateral,4,3,0.97,derivee,moyenne,forte,faible,faible,faible,faible,faible,sw-traction-pronation,sl-traction-lestee,1
sl-traction-lestee-chaines,Traction lestée avec chaînes,Streetlifting,Tirage vertical,Avancé,sl-traction-lestee,tirage_vertical,tirage,frontal,polyarticulaire,dynamique,8,salle,lest,0,repetitions,bilateral,4,3,0.97,derivee,moyenne,forte,faible,faible,faible,faible,faible,sw-traction-pronation,sl-traction-lestee,1
sl-dips-leste,Dips lesté de compétition,Streetlifting,Mouvement de compétition,Avancé,,poussee_verticale_basse,poussee,sagittal,polyarticulaire,dynamique,8,salle exterieur,lest,0,repetitions,bilateral,4,3,0.96,derivee,forte,forte,moyenne,faible,faible,faible,faible,sw-dips-barres-paralleles,sl-dips-leste,0
sl-dips-leste-pause-bas,Dips lesté pause en bas,Streetlifting,Poussée verticale,Avancé,sl-dips-leste,poussee_verticale_basse,poussee,sagittal,polyarticulaire,dynamique,8,salle exterieur,lest,0,repetitions,bilateral,4,3,0.96,derivee,forte,forte,moyenne,faible,faible,faible,faible,sw-dips-barres-paralleles,sl-dips-leste,1
sl-dips-leste-pause-mi-course,Dips lesté pause à mi-course,Streetlifting,Poussée verticale,Avancé,sl-dips-leste,poussee_verticale_basse,poussee,sagittal,polyarticulaire,dynamique,8,salle exterieur,lest,0,repetitions,bilateral,4,3,0.96,derivee,forte,forte,moyenne,faible,faible,faible,faible,cd-dips-russes,sl-dips-leste,1
sl-dips-leste-partiel-haut,Dips lesté partiel haut surchargé,Streetlifting,Poussée verticale,Avancé,sl-dips-leste,poussee_verticale_basse,poussee,sagittal,polyarticulaire,dynamique,6,salle exterieur,lest,0,repetitions,bilateral,4,3,0.96,derivee,forte,forte,moyenne,faible,faible,faible,faible,sw-dips-barres-paralleles,sl-dips-leste,1
sl-dips-leste-depart-bas,Dips lesté départ bas arrêté,Streetlifting,Poussée verticale,Avancé,sl-dips-leste,poussee_verticale_basse,poussee,sagittal,polyarticulaire,dynamique,7,salle exterieur,lest,0,repetitions,bilateral,4,3,0.96,derivee,forte,forte,moyenne,faible,faible,faible,faible,cd-dips-russes,sl-dips-leste,1
sl-dips-negatif-leste-supramaximal,Dips négatif lesté supramaximal,Streetlifting,Poussée verticale,Avancé,sl-dips-leste,poussee_verticale_basse,poussee,sagittal,polyarticulaire,excentrique,7,salle exterieur,lest,0,repetitions,bilateral,5,4,0.96,derivee,forte,forte,moyenne,faible,faible,faible,faible,sw-dips-barres-paralleles,sl-dips-leste,1
sl-dips-isometrie-lestee-appui,Isométrie lestée en appui aux barres parallèles,Streetlifting,Poussée verticale,Avancé,sl-dips-leste,poussee_verticale_basse,poussee,sagittal,non_applicable,isometrique,7,salle exterieur,lest,0,secondes,bilateral,3,3,0.96,derivee,forte,forte,moyenne,faible,faible,faible,faible,,sl-dips-leste,1
sl-dips-isometrie-lestee-blocage,Isométrie lestée au point de blocage de dips,Streetlifting,Poussée verticale,Avancé,sl-dips-leste,poussee_verticale_basse,poussee,sagittal,non_applicable,isometrique,7,salle exterieur,lest,0,secondes,bilateral,3,3,0.96,derivee,forte,forte,moyenne,faible,faible,faible,faible,,sl-dips-leste,1
sl-dips-leste-anneaux,Dips lesté aux anneaux,Streetlifting,Poussée verticale,Avancé,sl-dips-leste,poussee_verticale_basse,poussee,sagittal,polyarticulaire,dynamique,8,salle maison exterieur,lest,0,repetitions,bilateral,4,3,0.96,derivee,forte,forte,moyenne,faible,faible,faible,faible,cd-dips-bulgares-anneaux,sl-dips-leste,1
sl-dips-leste-elastique,Dips lesté avec élastique (résistance variable),Streetlifting,Poussée verticale,Avancé,sl-dips-leste,poussee_verticale_basse,poussee,sagittal,polyarticulaire,dynamique,7,salle exterieur,lest,0,repetitions,bilateral,4,3,0.96,derivee,forte,forte,moyenne,faible,faible,faible,faible,sw-dips-barres-paralleles,sl-dips-leste,1
sl-dips-leste-chaines,Dips lesté avec chaînes,Streetlifting,Poussée verticale,Avancé,sl-dips-leste,poussee_verticale_basse,poussee,sagittal,polyarticulaire,dynamique,8,salle,lest,0,repetitions,bilateral,4,3,0.96,derivee,forte,forte,moyenne,faible,faible,faible,faible,sw-dips-barres-paralleles,sl-dips-leste,1
sl-dips-leste-prise-serree,Dips lesté prise serrée,Streetlifting,Poussée verticale,Avancé,sl-dips-leste,poussee_verticale_basse,poussee,sagittal,polyarticulaire,dynamique,7,salle exterieur,lest,0,repetitions,bilateral,4,3,0.96,derivee,forte,forte,moyenne,faible,faible,faible,faible,cd-dips-russes,sl-dips-leste,1
sl-muscle-up-leste,Muscle-up lesté de compétition,Streetlifting,Mouvement de compétition,Avancé,,transition_muscle_up,figure_dynamique,sagittal,polyarticulaire,dynamique,8,salle maison exterieur,lest,0,repetitions,bilateral,4,3,0.97,derivee,forte,forte,forte,faible,faible,faible,faible,cd-muscle-up-barre-strict,sl-muscle-up-leste,0
sl-muscle-up-leste-depuis-haut-tirage,Muscle-up lesté depuis le haut du tirage,Streetlifting,Transition / muscle-up,Avancé,sl-muscle-up-leste,transition_muscle_up,figure_dynamique,sagittal,polyarticulaire,dynamique,8,salle maison exterieur,lest,0,repetitions,bilateral,4,3,0.97,derivee,forte,forte,forte,faible,faible,faible,faible,cd-muscle-up-barre-strict,sl-muscle-up-leste,1
sl-muscle-up-leste-pause-transition,Muscle-up lesté pause en transition,Streetlifting,Transition / muscle-up,Élite,sl-muscle-up-leste,transition_muscle_up,figure_dynamique,sagittal,polyarticulaire,dynamique,10,salle maison exterieur,lest,0,repetitions,bilateral,4,4,0.97,derivee,forte,forte,forte,faible,faible,faible,faible,cd-muscle-up-barre-strict,sl-muscle-up-leste,1
sl-muscle-up-negatif-leste,Muscle-up négatif lesté,Streetlifting,Transition / muscle-up,Avancé,sl-muscle-up-leste,transition_muscle_up,figure_dynamique,sagittal,polyarticulaire,excentrique,7,salle maison exterieur,lest,0,repetitions,bilateral,4,4,0.97,derivee,forte,forte,forte,faible,faible,faible,faible,cd-muscle-up-barre-negatif,sl-muscle-up-leste,1
sl-traction-haute-lestee,Traction haute lestée (high pull),Streetlifting,Tirage vertical,Avancé,sl-muscle-up-leste,tirage_vertical,tirage,frontal,polyarticulaire,dynamique,7,salle maison exterieur,lest,0,repetitions,bilateral,4,3,0.97,derivee,moyenne,forte,faible,faible,faible,faible,faible,sw-traction-pronation,sl-muscle-up-leste,1
sl-dips-barre-fixe-leste,Dips sur barre fixe lesté,Streetlifting,Poussée verticale,Avancé,sl-muscle-up-leste,poussee_verticale_basse,poussee,sagittal,polyarticulaire,dynamique,7,salle maison exterieur,lest,0,repetitions,bilateral,4,3,0.96,derivee,forte,forte,moyenne,faible,faible,faible,faible,sw-dips-barre-droite,sl-muscle-up-leste,1
sl-muscle-up-leste-false-grip,Muscle-up lesté en prise fausse (false grip),Streetlifting,Transition / muscle-up,Élite,sl-muscle-up-leste,transition_muscle_up,figure_dynamique,sagittal,polyarticulaire,dynamique,10,salle maison exterieur,lest,0,repetitions,bilateral,4,4,0.97,derivee,forte,forte,forte,faible,faible,faible,faible,cd-muscle-up-barre-strict,sl-muscle-up-leste,1
sl-muscle-up-leste-anneaux,Muscle-up lesté aux anneaux,Streetlifting,Transition / muscle-up,Élite,sl-muscle-up-leste,transition_muscle_up,figure_dynamique,sagittal,polyarticulaire,dynamique,10,salle maison exterieur,lest,0,repetitions,bilateral,4,4,0.97,derivee,forte,forte,forte,faible,faible,faible,faible,cd-muscle-up-anneaux-strict,sl-muscle-up-leste,1
sl-squat-competition,Squat de compétition,Streetlifting,Mouvement de compétition,Avancé,,squat,jambes_genou,sagittal,polyarticulaire,dynamique,8,salle,barre,0,repetitions,bilateral,5,3,,,faible,faible,faible,moyenne,moyenne,moyenne,moyenne,sl-pin-squat sl-squat-box-competition,sl-squat-competition,0
sl-squat-pause-bas,Squat de compétition pause en bas,Streetlifting,Squat / dominante genou,Avancé,sl-squat-competition,squat,jambes_genou,sagittal,polyarticulaire,dynamique,8,salle,barre,0,repetitions,bilateral,5,3,,,faible,faible,faible,moyenne,moyenne,moyenne,moyenne,sl-pin-squat sl-squat-box-competition,sl-squat-competition,1
sl-squat-pause-mi-descente,Squat de compétition pause à mi-descente,Streetlifting,Squat / dominante genou,Avancé,sl-squat-competition,squat,jambes_genou,sagittal,polyarticulaire,dynamique,8,salle,barre,0,repetitions,bilateral,5,3,,,faible,faible,faible,moyenne,moyenne,moyenne,moyenne,sl-pin-squat sl-squat-box-competition,sl-squat-competition,1
sl-pin-squat,Pin squat (squat depuis les sécurités),Streetlifting,Squat / dominante genou,Avancé,sl-squat-competition,squat,jambes_genou,sagittal,polyarticulaire,dynamique,7,salle,barre,0,repetitions,bilateral,5,3,,,faible,faible,faible,moyenne,moyenne,moyenne,moyenne,sl-squat-partiel-surcharge,sl-squat-competition,1
sl-squat-box-competition,Box squat à profondeur de compétition,Streetlifting,Squat / dominante genou,Avancé,sl-squat-competition,squat,jambes_genou,sagittal,polyarticulaire,dynamique,7,salle,barre,0,repetitions,bilateral,5,3,,,faible,faible,faible,moyenne,moyenne,moyenne,moyenne,sl-squat-partiel-surcharge,sl-squat-competition,1
sl-squat-partiel-surcharge,Squat partiel surchargé,Streetlifting,Squat / dominante genou,Avancé,sl-squat-competition,squat,jambes_genou,sagittal,polyarticulaire,dynamique,6,salle,barre,0,repetitions,bilateral,5,3,,,faible,faible,faible,moyenne,moyenne,moyenne,moyenne,,sl-squat-competition,1
sl-squat-competition-chaines,Squat de compétition avec chaînes,Streetlifting,Squat / dominante genou,Avancé,sl-squat-competition,squat,jambes_genou,sagittal,polyarticulaire,dynamique,8,salle,barre,0,repetitions,bilateral,5,3,,,faible,faible,faible,moyenne,moyenne,moyenne,moyenne,sl-pin-squat sl-squat-box-competition,sl-squat-competition,1
sl-squat-competition-elastiques,Squat de compétition avec élastiques,Streetlifting,Squat / dominante genou,Avancé,sl-squat-competition,squat,jambes_genou,sagittal,polyarticulaire,dynamique,7,salle,barre,0,repetitions,bilateral,5,3,,,faible,faible,faible,moyenne,moyenne,moyenne,moyenne,sl-squat-partiel-surcharge,sl-squat-competition,1
sl-squat-walkout-supramaximal,Walkout supramaximal au squat,Streetlifting,Squat / dominante genou,Avancé,sl-squat-competition,squat,jambes_genou,sagittal,non_applicable,isometrique,8,salle,barre,0,secondes,bilateral,5,4,,,faible,faible,faible,moyenne,moyenne,moyenne,moyenne,sl-pin-squat sl-squat-box-competition,sl-squat-competition,1
sl-squat-isometrie-pins,Squat isométrique contre les sécurités,Streetlifting,Squat / dominante genou,Avancé,sl-squat-competition,squat,jambes_genou,sagittal,non_applicable,isometrique,7,salle,barre,0,secondes,bilateral,3,3,,,faible,faible,faible,moyenne,moyenne,moyenne,moyenne,sl-squat-partiel-surcharge,sl-squat-competition,1
cs-l-sit,L-sit sur parallettes,Calisthénie statique,Compression,Intermédiaire,,compression,tronc,sagittal,non_applicable,isometrique,4,salle maison exterieur,poids_du_corps,0,secondes,bilateral,2,3,,,moyenne,moyenne,moyenne,faible,faible,moyenne,faible,cs-l-sit-tuck cs-l-sit-une-jambe,cs-l-sit,0
cs-l-sit-tuck,L-sit tuck,Calisthénie statique,Compression,Débutant,cs-l-sit,compression,tronc,sagittal,non_applicable,isometrique,2,salle maison exterieur,poids_du_corps,0,secondes,bilateral,2,3,,,moyenne,moyenne,moyenne,faible,faible,moyenne,faible,,cs-l-sit,1
cs-l-sit-une-jambe,L-sit une jambe,Calisthénie statique,Compression,Débutant,cs-l-sit,compression,tronc,sagittal,non_applicable,isometrique,2,salle maison exterieur,poids_du_corps,0,secondes,unilateral,2,3,,,moyenne,moyenne,moyenne,faible,faible,moyenne,faible,,cs-l-sit,1
cs-l-sit-sol,L-sit au sol,Calisthénie statique,Compression,Intermédiaire,cs-l-sit,compression,tronc,sagittal,non_applicable,isometrique,4,salle maison exterieur,poids_du_corps,0,secondes,bilateral,2,3,,,moyenne,moyenne,moyenne,faible,faible,moyenne,faible,cs-l-sit-tuck cs-l-sit-une-jambe,cs-l-sit,1
cs-l-sit-barres-paralleles,L-sit aux barres parallèles,Calisthénie statique,Compression,Intermédiaire,cs-l-sit,compression,tronc,sagittal,non_applicable,isometrique,4,salle exterieur,poids_du_corps,0,secondes,bilateral,2,3,,,moyenne,moyenne,moyenne,faible,faible,moyenne,faible,cs-l-sit-tuck cs-l-sit-une-jambe,cs-l-sit,1
cs-l-sit-anneaux,L-sit aux anneaux,Calisthénie statique,Compression,Intermédiaire,cs-l-sit,compression,tronc,sagittal,non_applicable,isometrique,5,salle maison exterieur,poids_du_corps,0,secondes,bilateral,2,3,,,moyenne,moyenne,moyenne,faible,faible,moyenne,faible,cs-l-sit cs-l-sit-barres-paralleles,cs-l-sit,1
cs-straddle-l-sit,Straddle L-sit,Calisthénie statique,Compression,Intermédiaire,cs-l-sit,compression,tronc,sagittal,non_applicable,isometrique,5,salle maison exterieur,poids_du_corps,0,secondes,bilateral,2,3,,,moyenne,moyenne,moyenne,faible,faible,moyenne,faible,cs-l-sit cs-l-sit-barres-paralleles,cs-l-sit,1
cs-compression-pike,Compression pike assis,Calisthénie statique,Compression,Débutant,,compression,tronc,sagittal,non_applicable,isometrique,2,salle maison exterieur,poids_du_corps,0,secondes,bilateral,2,3,,,moyenne,moyenne,moyenne,faible,faible,moyenne,faible,,cs-compression-pike,0
cs-compression-straddle,Compression straddle assis,Calisthénie statique,Compression,Débutant,cs-compression-pike,compression,tronc,sagittal,non_applicable,isometrique,3,salle maison exterieur,poids_du_corps,0,secondes,bilateral,2,3,,,moyenne,moyenne,moyenne,faible,faible,moyenne,faible,cs-compression-pike,cs-compression-pike,1
cs-v-sit,V-sit,Calisthénie statique,Compression,Avancé,,compression,tronc,sagittal,non_applicable,isometrique,7,salle maison exterieur,poids_du_corps,0,secondes,bilateral,2,3,,,moyenne,moyenne,moyenne,faible,faible,moyenne,faible,,cs-v-sit,0
cs-v-sit-haut,V-sit haut,Calisthénie statique,Compression,Élite,cs-v-sit,compression,tronc,sagittal,non_applicable,isometrique,9,salle maison exterieur,poids_du_corps,0,secondes,bilateral,2,4,,,moyenne,moyenne,moyenne,faible,faible,moyenne,faible,cs-v-sit,cs-v-sit,1
cs-manna,Manna,Calisthénie statique,Compression,Élite,,compression,tronc,sagittal,non_applicable,isometrique,9,salle maison exterieur,poids_du_corps,0,secondes,bilateral,2,4,,,moyenne,moyenne,moyenne,faible,faible,moyenne,faible,cs-manna-tuck,cs-manna,0
cs-manna-tuck,Manna groupé,Calisthénie statique,Compression,Avancé,cs-manna,compression,tronc,sagittal,non_applicable,isometrique,7,salle maison exterieur,poids_du_corps,0,secondes,bilateral,2,3,,,moyenne,moyenne,moyenne,faible,faible,moyenne,faible,,cs-manna,1
cs-manna-straddle,Manna straddle,Calisthénie statique,Compression,Élite,cs-manna,compression,tronc,sagittal,non_applicable,isometrique,10,salle maison exterieur,poids_du_corps,0,secondes,bilateral,2,4,,,moyenne,moyenne,moyenne,faible,faible,moyenne,faible,cs-manna cs-manna-tuck,cs-manna,1
cs-handstand,Handstand libre,Calisthénie statique,Équilibre sur les mains,Intermédiaire,,equilibre_mains,figure_statique,multiple,non_applicable,isometrique,5,salle maison exterieur,poids_du_corps,0,secondes,bilateral,2,2,,,forte,moyenne,forte,moyenne,faible,faible,faible,cs-handstand-dos-au-mur cs-handstand-pike-pieds-sureleves,cs-handstand,0
cs-handstand-ventre-au-mur,Handstand ventre au mur,Calisthénie statique,Équilibre sur les mains,Débutant,cs-handstand,equilibre_mains,figure_statique,multiple,non_applicable,isometrique,3,salle maison exterieur,poids_du_corps,0,secondes,bilateral,2,2,,,forte,moyenne,forte,moyenne,faible,faible,faible,,cs-handstand,1
cs-handstand-dos-au-mur,Handstand dos au mur,Calisthénie statique,Équilibre sur les mains,Débutant,cs-handstand,equilibre_mains,figure_statique,multiple,non_applicable,isometrique,3,salle maison exterieur,poids_du_corps,0,secondes,bilateral,2,2,,,forte,moyenne,forte,moyenne,faible,faible,faible,,cs-handstand,1
cs-handstand-pike-pieds-sureleves,Pike hold pieds surélevés,Calisthénie statique,Équilibre sur les mains,Débutant,cs-handstand,equilibre_mains,figure_statique,multiple,non_applicable,isometrique,3,salle maison exterieur,poids_du_corps,0,secondes,bilateral,2,2,,,forte,moyenne,forte,moyenne,faible,faible,faible,,cs-handstand,1
cs-handstand-straddle,Handstand straddle,Calisthénie statique,Équilibre sur les mains,Intermédiaire,cs-handstand,equilibre_mains,figure_statique,multiple,non_applicable,isometrique,6,salle maison exterieur,poids_du_corps,0,secondes,bilateral,2,2,,,forte,moyenne,forte,moyenne,faible,faible,faible,cs-handstand cs-handstand-parallettes,cs-handstand,1
cs-handstand-tuck,Tuck handstand,Calisthénie statique,Équilibre sur les mains,Avancé,cs-handstand,equilibre_mains,figure_statique,multiple,non_applicable,isometrique,8,salle maison exterieur,poids_du_corps,0,secondes,bilateral,2,2,,,forte,moyenne,forte,moyenne,faible,faible,faible,cs-handstand cs-handstand-straddle,cs-handstand,1
cs-handstand-parallettes,Handstand sur parallettes,Calisthénie statique,Équilibre sur les mains,Intermédiaire,cs-handstand,equilibre_mains,figure_statique,multiple,non_applicable,isometrique,5,salle maison exterieur,poids_du_corps,0,secondes,bilateral,2,2,,,forte,moyenne,forte,moyenne,faible,faible,faible,cs-handstand-dos-au-mur cs-handstand-pike-pieds-sureleves,cs-handstand,1
cs-handstand-anneaux,Handstand aux anneaux,Calisthénie statique,Équilibre sur les mains,Avancé,cs-handstand,equilibre_mains,figure_statique,multiple,non_applicable,isometrique,8,salle maison exterieur,poids_du_corps,0,secondes,bilateral,2,2,,,forte,moyenne,forte,moyenne,faible,faible,faible,cs-handstand cs-handstand-straddle,cs-handstand,1
cs-one-arm-handstand,One-arm handstand,Calisthénie statique,Équilibre sur les mains,Élite,cs-handstand,equilibre_mains,figure_statique,multiple,non_applicable,isometrique,10,salle maison exterieur,poids_du_corps,0,secondes,unilateral,2,3,,,forte,forte,forte,moyenne,faible,faible,faible,cs-handstand cs-handstand-anneaux,cs-handstand,1
cs-oah-ventre-au-mur,One-arm handstand ventre au mur,Calisthénie statique,Équilibre sur les mains,Avancé,cs-one-arm-handstand,equilibre_mains,figure_statique,multiple,non_applicable,isometrique,8,salle maison exterieur,poids_du_corps,0,secondes,unilateral,2,2,,,forte,forte,forte,moyenne,faible,faible,faible,cs-handstand cs-handstand-straddle,cs-handstand,2
cs-oah-appui-doigts,One-arm handstand avec appui des doigts,Calisthénie statique,Équilibre sur les mains,Avancé,cs-one-arm-handstand,equilibre_mains,figure_statique,multiple,non_applicable,isometrique,8,salle maison exterieur,poids_du_corps,0,secondes,unilateral,2,2,,,forte,forte,forte,moyenne,faible,faible,faible,cs-handstand cs-handstand-straddle,cs-handstand,2
cs-handstand-poids-decale,Handstand straddle poids décalé sur un bras,Calisthénie statique,Équilibre sur les mains,Avancé,cs-one-arm-handstand,equilibre_mains,figure_statique,multiple,non_applicable,isometrique,8,salle maison exterieur,poids_du_corps,0,secondes,unilateral,2,2,,,forte,forte,forte,moyenne,faible,faible,faible,cs-handstand cs-handstand-straddle,cs-handstand,2
cs-oah-straddle,One-arm handstand straddle,Calisthénie statique,Équilibre sur les mains,Élite,cs-one-arm-handstand,equilibre_mains,figure_statique,multiple,non_applicable,isometrique,10,salle maison exterieur,poids_du_corps,0,secondes,unilateral,2,3,,,forte,forte,forte,moyenne,faible,faible,faible,cs-handstand cs-handstand-anneaux,cs-handstand,2
cs-oah-drapeau,One-arm handstand drapeau,Calisthénie statique,Équilibre sur les mains,Élite,cs-one-arm-handstand,equilibre_mains,figure_statique,multiple,non_applicable,isometrique,10,salle maison exterieur,poids_du_corps,0,secondes,unilateral,2,3,,,forte,forte,forte,moyenne,faible,faible,faible,cs-handstand cs-handstand-anneaux,cs-handstand,2
cs-headstand-tripode,Headstand tripode,Calisthénie statique,Équilibre sur les mains,Débutant,,equilibre_mains,figure_statique,multiple,non_applicable,isometrique,3,salle maison exterieur,poids_du_corps,0,secondes,bilateral,2,2,,,forte,moyenne,forte,moyenne,faible,faible,faible,,cs-headstand-tripode,0
cs-crow,Crow (corbeau),Calisthénie statique,Équilibre sur les mains,Débutant,,equilibre_mains,figure_statique,multiple,non_applicable,isometrique,3,salle maison exterieur,poids_du_corps,0,secondes,bilateral,2,2,,,forte,moyenne,forte,moyenne,faible,faible,faible,,cs-crow,0
cs-crane,Crane (grue),Calisthénie statique,Équilibre sur les mains,Intermédiaire,cs-crow,equilibre_mains,figure_statique,multiple,non_applicable,isometrique,5,salle maison exterieur,poids_du_corps,0,secondes,bilateral,2,2,,,forte,moyenne,forte,moyenne,faible,faible,faible,cs-crow,cs-crow,1
cs-corbeau-lateral,Crow latéral (side crow),Calisthénie statique,Équilibre sur les mains,Intermédiaire,cs-crow,equilibre_mains,figure_statique,multiple,non_applicable,isometrique,5,salle maison exterieur,poids_du_corps,0,secondes,bilateral,2,2,,,forte,moyenne,forte,moyenne,faible,faible,faible,cs-crow,cs-crow,1
cs-frog-stand,Frog stand,Calisthénie statique,Équilibre sur les mains,Débutant,,equilibre_mains,figure_statique,multiple,non_applicable,isometrique,3,salle maison exterieur,poids_du_corps,0,secondes,bilateral,2,2,,,forte,moyenne,forte,moyenne,faible,faible,faible,,cs-frog-stand,0
cs-planche,Planche complète,Calisthénie statique,Figure statique poussée,Élite,,figure_statique_poussee,figure_statique,sagittal,non_applicable,isometrique,10,salle maison exterieur,poids_du_corps,0,secondes,bilateral,3,4,,,forte,forte,forte,moyenne,faible,faible,faible,cs-planche-straddle cs-planche-tuck-anneaux,cs-planche,0
cs-planche-lean,Planche lean,Calisthénie statique,Figure statique poussée,Débutant,cs-planche,figure_statique_poussee,figure_statique,sagittal,non_applicable,isometrique,3,salle maison exterieur,poids_du_corps,0,secondes,bilateral,2,3,,,forte,forte,forte,moyenne,faible,faible,faible,,cs-planche,1
cs-planche-tuck,Planche tuck,Calisthénie statique,Figure statique poussée,Intermédiaire,cs-planche,figure_statique_poussee,figure_statique,sagittal,non_applicable,isometrique,5,salle maison exterieur,poids_du_corps,0,secondes,bilateral,3,3,,,forte,forte,forte,moyenne,faible,faible,faible,cs-planche-lean,cs-planche,1
cs-planche-tuck-avancee,Planche tuck avancée,Calisthénie statique,Figure statique poussée,Avancé,cs-planche,figure_statique_poussee,figure_statique,sagittal,non_applicable,isometrique,8,salle maison exterieur,poids_du_corps,0,secondes,bilateral,3,3,,,forte,forte,forte,moyenne,faible,faible,faible,cs-planche-tuck cs-planche-lean,cs-planche,1
cs-planche-une-jambe,Planche une jambe,Calisthénie statique,Figure statique poussée,Avancé,cs-planche,figure_statique_poussee,figure_statique,sagittal,non_applicable,isometrique,8,salle maison exterieur,poids_du_corps,0,secondes,unilateral,3,3,,,forte,forte,forte,moyenne,faible,faible,faible,cs-planche-tuck cs-planche-lean,cs-planche,1
cs-planche-straddle,Planche straddle,Calisthénie statique,Figure statique poussée,Avancé,cs-planche,figure_statique_poussee,figure_statique,sagittal,non_applicable,isometrique,8,salle maison exterieur,poids_du_corps,0,secondes,bilateral,3,3,,,forte,forte,forte,moyenne,faible,faible,faible,cs-planche-tuck cs-planche-lean,cs-planche,1
cs-planche-half-lay,Planche half-lay,Calisthénie statique,Figure statique poussée,Élite,cs-planche,figure_statique_poussee,figure_statique,sagittal,non_applicable,isometrique,10,salle maison exterieur,poids_du_corps,0,secondes,bilateral,3,4,,,forte,forte,forte,moyenne,faible,faible,faible,cs-planche-straddle cs-planche-tuck-anneaux,cs-planche,1
cs-planche-parallettes,Planche sur parallettes,Calisthénie statique,Figure statique poussée,Élite,cs-planche,figure_statique_poussee,figure_statique,sagittal,non_applicable,isometrique,10,salle maison exterieur,poids_du_corps,0,secondes,bilateral,3,4,,,forte,forte,forte,moyenne,faible,faible,faible,cs-planche-straddle cs-planche-tuck-anneaux,cs-planche,1
cs-planche-anneaux,Planche aux anneaux,Calisthénie statique,Figure statique poussée,Élite,cs-planche,figure_statique_poussee,figure_statique,sagittal,non_applicable,isometrique,10,salle maison exterieur,poids_du_corps,0,secondes,bilateral,3,4,,,forte,forte,forte,moyenne,faible,faible,faible,cs-planche-straddle cs-planche-tuck-anneaux,cs-planche,1
cs-planche-tuck-anneaux,Planche tuck aux anneaux,Calisthénie statique,Figure statique poussée,Avancé,cs-planche-anneaux,figure_statique_poussee,figure_statique,sagittal,non_applicable,isometrique,8,salle maison exterieur,poids_du_corps,0,secondes,bilateral,3,3,,,forte,forte,forte,moyenne,faible,faible,faible,cs-planche-tuck cs-planche-lean,cs-planche,2
cs-maltese,Maltese,Calisthénie statique,Figure statique poussée,Élite,,figure_statique_poussee,figure_statique,frontal,non_applicable,isometrique,10,salle maison exterieur,poids_du_corps,0,secondes,bilateral,3,4,,,forte,forte,forte,moyenne,faible,faible,faible,cs-maltese-lean,cs-maltese,0
cs-maltese-lean,Maltese lean,Calisthénie statique,Figure statique poussée,Avancé,cs-maltese,figure_statique_poussee,figure_statique,frontal,non_applicable,isometrique,8,salle maison exterieur,poids_du_corps,0,secondes,bilateral,3,3,,,forte,forte,forte,moyenne,faible,faible,faible,,cs-maltese,1
cs-maltese-straddle,Maltese straddle,Calisthénie statique,Figure statique poussée,Élite,cs-maltese,figure_statique_poussee,figure_statique,frontal,non_applicable,isometrique,10,salle maison exterieur,poids_du_corps,0,secondes,bilateral,3,4,,,forte,forte,forte,moyenne,faible,faible,faible,cs-maltese-lean,cs-maltese,1
cs-maltese-anneaux,Maltese aux anneaux,Calisthénie statique,Figure statique poussée,Élite,cs-maltese,figure_statique_poussee,figure_statique,frontal,non_applicable,isometrique,10,salle maison exterieur,poids_du_corps,0,secondes,bilateral,3,4,,,forte,forte,forte,moyenne,faible,faible,faible,cs-maltese-lean,cs-maltese,1
cs-90-hold,90° hold,Calisthénie statique,Figure statique poussée,Avancé,,figure_statique_poussee,figure_statique,sagittal,non_applicable,isometrique,8,salle maison exterieur,poids_du_corps,0,secondes,bilateral,3,3,,,forte,forte,forte,moyenne,faible,faible,faible,cs-90-hold-pieds-au-mur,cs-90-hold,0
cs-90-hold-pieds-au-mur,90° hold pieds au mur,Calisthénie statique,Figure statique poussée,Intermédiaire,cs-90-hold,figure_statique_poussee,figure_statique,sagittal,non_applicable,isometrique,5,salle maison exterieur,poids_du_corps,0,secondes,bilateral,3,3,,,forte,forte,forte,moyenne,faible,faible,faible,,cs-90-hold,1
cs-elbow-lever,Elbow lever,Calisthénie statique,Figure statique poussée,Intermédiaire,,figure_statique_poussee,figure_statique,sagittal,non_applicable,isometrique,5,salle maison exterieur,poids_du_corps,0,secondes,bilateral,3,3,,,forte,forte,forte,moyenne,faible,faible,faible,,cs-elbow-lever,0
cs-elbow-lever-un-bras,Elbow lever un bras,Calisthénie statique,Figure statique poussée,Avancé,cs-elbow-lever,figure_statique_poussee,figure_statique,sagittal,non_applicable,isometrique,8,salle maison exterieur,poids_du_corps,0,secondes,unilateral,3,3,,,forte,forte,forte,moyenne,faible,faible,faible,cs-elbow-lever,cs-elbow-lever,1
cs-support-barres-paralleles,Support hold aux barres parallèles,Calisthénie statique,Figure statique poussée,Débutant,,figure_statique_poussee,figure_statique,sagittal,non_applicable,isometrique,3,salle exterieur,poids_du_corps,0,secondes,bilateral,2,3,,,forte,moyenne,moyenne,moyenne,faible,faible,faible,,cs-support-barres-paralleles,0
cs-support-anneaux,Support hold aux anneaux,Calisthénie statique,Figure statique poussée,Débutant,cs-support-barres-paralleles,figure_statique_poussee,figure_statique,sagittal,non_applicable,isometrique,3,salle maison exterieur,poids_du_corps,0,secondes,bilateral,2,3,,,forte,moyenne,moyenne,moyenne,faible,faible,faible,,cs-support-barres-paralleles,1
cs-support-anneaux-rto,Support hold aux anneaux RTO,Calisthénie statique,Figure statique poussée,Intermédiaire,cs-support-anneaux,figure_statique_poussee,figure_statique,sagittal,non_applicable,isometrique,5,salle maison exterieur,poids_du_corps,0,secondes,bilateral,3,3,,,forte,moyenne,moyenne,moyenne,faible,faible,faible,cs-support-anneaux cs-support-barres-paralleles,cs-support-barres-paralleles,2
cs-support-barre-fixe,Support hold à la barre fixe,Calisthénie statique,Figure statique poussée,Débutant,cs-support-barres-paralleles,figure_statique_poussee,figure_statique,sagittal,non_applicable,isometrique,3,salle maison exterieur,poids_du_corps,0,secondes,bilateral,2,3,,,forte,moyenne,moyenne,moyenne,faible,faible,faible,,cs-support-barres-paralleles,1
cs-front-lever,Front lever,Calisthénie statique,Figure statique tirage,Avancé,,figure_statique_tirage,figure_statique,sagittal,non_applicable,isometrique,8,salle maison exterieur,poids_du_corps,0,secondes,bilateral,3,3,,,forte,forte,faible,moyenne,faible,faible,faible,cs-front-lever-tuck cs-front-lever-tuck-avance,cs-front-lever,0
cs-front-lever-assiste-elastique,Front lever assisté élastique,Calisthénie statique,Figure statique tirage,Intermédiaire,cs-front-lever,figure_statique_tirage,figure_statique,sagittal,non_applicable,isometrique,5,salle maison exterieur,poids_du_corps,1,secondes,bilateral,2,2,,,forte,forte,faible,moyenne,faible,faible,faible,,cs-front-lever,1
cs-front-lever-tuck,Front lever tuck,Calisthénie statique,Figure statique tirage,Intermédiaire,cs-front-lever,figure_statique_tirage,figure_statique,sagittal,non_applicable,isometrique,5,salle maison exterieur,poids_du_corps,0,secondes,bilateral,3,3,,,forte,forte,faible,moyenne,faible,faible,faible,,cs-front-lever,1
cs-front-lever-tuck-avance,Front lever tuck avancé,Calisthénie statique,Figure statique tirage,Intermédiaire,cs-front-lever,figure_statique_tirage,figure_statique,sagittal,non_applicable,isometrique,5,salle maison exterieur,poids_du_corps,0,secondes,bilateral,3,3,,,forte,forte,faible,moyenne,faible,faible,faible,,cs-front-lever,1
cs-front-lever-une-jambe,Front lever une jambe,Calisthénie statique,Figure statique tirage,Avancé,cs-front-lever,figure_statique_tirage,figure_statique,sagittal,non_applicable,isometrique,8,salle maison exterieur,poids_du_corps,0,secondes,unilateral,3,3,,,forte,forte,faible,moyenne,faible,faible,faible,cs-front-lever-tuck cs-front-lever-tuck-avance,cs-front-lever,1
cs-front-lever-straddle,Front lever straddle,Calisthénie statique,Figure statique tirage,Avancé,cs-front-lever,figure_statique_tirage,figure_statique,sagittal,non_applicable,isometrique,8,salle maison exterieur,poids_du_corps,0,secondes,bilateral,3,3,,,forte,forte,faible,moyenne,faible,faible,faible,cs-front-lever-tuck cs-front-lever-tuck-avance,cs-front-lever,1
cs-front-lever-half-lay,Front lever half-lay,Calisthénie statique,Figure statique tirage,Avancé,cs-front-lever,figure_statique_tirage,figure_statique,sagittal,non_applicable,isometrique,8,salle maison exterieur,poids_du_corps,0,secondes,bilateral,3,3,,,forte,forte,faible,moyenne,faible,faible,faible,cs-front-lever-tuck cs-front-lever-tuck-avance,cs-front-lever,1
cs-front-lever-anneaux,Front lever sur anneaux,Calisthénie statique,Figure statique tirage,Avancé,cs-front-lever,figure_statique_tirage,figure_statique,sagittal,non_applicable,isometrique,8,salle maison exterieur,poids_du_corps,0,secondes,bilateral,3,3,,,forte,forte,faible,moyenne,faible,faible,faible,cs-front-lever-tuck cs-front-lever-tuck-avance,cs-front-lever,1
cs-front-lever-un-bras,One-arm front lever,Calisthénie statique,Figure statique tirage,Élite,cs-front-lever,figure_statique_tirage,figure_statique,sagittal,non_applicable,isometrique,10,salle maison exterieur,poids_du_corps,0,secondes,unilateral,3,4,,,forte,forte,faible,moyenne,faible,faible,faible,cs-front-lever cs-front-lever-un-bras-tuck,cs-front-lever,1
cs-front-lever-un-bras-tuck,One-arm front lever tuck,Calisthénie statique,Figure statique tirage,Élite,cs-front-lever-un-bras,figure_statique_tirage,figure_statique,sagittal,non_applicable,isometrique,9,salle maison exterieur,poids_du_corps,0,secondes,unilateral,3,4,,,forte,forte,faible,moyenne,faible,faible,faible,cs-front-lever cs-front-lever-anneaux,cs-front-lever,2
cs-front-lever-un-bras-tuck-avance,One-arm front lever tuck avancé,Calisthénie statique,Figure statique tirage,Élite,cs-front-lever-un-bras,figure_statique_tirage,figure_statique,sagittal,non_applicable,isometrique,10,salle maison exterieur,poids_du_corps,0,secondes,unilateral,3,4,,,forte,forte,faible,moyenne,faible,faible,faible,cs-front-lever cs-front-lever-un-bras-tuck,cs-front-lever,2
cs-front-lever-un-bras-une-jambe,One-arm front lever une jambe,Calisthénie statique,Figure statique tirage,Élite,cs-front-lever-un-bras,figure_statique_tirage,figure_statique,sagittal,non_applicable,isometrique,10,salle maison exterieur,poids_du_corps,0,secondes,unilateral,3,4,,,forte,forte,faible,moyenne,faible,faible,faible,cs-front-lever cs-front-lever-un-bras-tuck,cs-front-lever,2
cs-front-lever-un-bras-straddle,One-arm front lever straddle,Calisthénie statique,Figure statique tirage,Élite,cs-front-lever-un-bras,figure_statique_tirage,figure_statique,sagittal,non_applicable,isometrique,10,salle maison exterieur,poids_du_corps,0,secondes,unilateral,3,4,,,forte,forte,faible,moyenne,faible,faible,faible,cs-front-lever cs-front-lever-un-bras-tuck,cs-front-lever,2
cs-victorian,Victorian,Calisthénie statique,Figure statique tirage,Élite,,figure_statique_tirage,figure_statique,sagittal,non_applicable,isometrique,10,salle maison exterieur,poids_du_corps,0,secondes,bilateral,3,4,,,forte,forte,faible,moyenne,faible,faible,faible,cs-victorian-tuck,cs-victorian,0
cs-victorian-tuck,Victorian tuck,Calisthénie statique,Figure statique tirage,Élite,cs-victorian,figure_statique_tirage,figure_statique,sagittal,non_applicable,isometrique,9,salle maison exterieur,poids_du_corps,0,secondes,bilateral,3,4,,,forte,forte,faible,moyenne,faible,faible,faible,,cs-victorian,1
cs-back-lever,Back lever,Calisthénie statique,Figure statique tirage,Avancé,,figure_statique_tirage,figure_statique,sagittal,non_applicable,isometrique,8,salle maison exterieur,poids_du_corps,0,secondes,bilateral,3,3,,,forte,forte,faible,moyenne,faible,faible,faible,cs-back-lever-straddle cs-back-lever-tuck,cs-back-lever,0
cs-inverted-hang,Inverted hang,Calisthénie statique,Figure statique tirage,Débutant,cs-back-lever,figure_statique_tirage,figure_statique,sagittal,non_applicable,isometrique,3,salle maison exterieur,poids_du_corps,0,secondes,bilateral,2,3,,,forte,forte,faible,moyenne,faible,faible,faible,,cs-back-lever,1
cs-skin-the-cat-tenu,Skin the cat tenu,Calisthénie statique,Figure statique tirage,Débutant,cs-back-lever,figure_statique_tirage,figure_statique,sagittal,non_applicable,isometrique,3,salle maison exterieur,poids_du_corps,0,secondes,bilateral,2,3,,,forte,forte,faible,moyenne,faible,faible,faible,,cs-back-lever,1
cs-german-hang,German hang,Calisthénie statique,Figure statique tirage,Débutant,cs-back-lever,figure_statique_tirage,figure_statique,sagittal,non_applicable,isometrique,3,salle maison exterieur,poids_du_corps,0,secondes,bilateral,2,3,,,forte,forte,faible,moyenne,faible,faible,faible,,cs-back-lever,1
cs-back-lever-tuck,Back lever tuck,Calisthénie statique,Figure statique tirage,Intermédiaire,cs-back-lever,figure_statique_tirage,figure_statique,sagittal,non_applicable,isometrique,5,salle maison exterieur,poids_du_corps,0,secondes,bilateral,3,3,,,forte,forte,faible,moyenne,faible,faible,faible,cs-german-hang cs-inverted-hang,cs-back-lever,1
cs-back-lever-tuck-avance,Back lever tuck avancé,Calisthénie statique,Figure statique tirage,Intermédiaire,cs-back-lever,figure_statique_tirage,figure_statique,sagittal,non_applicable,isometrique,5,salle maison exterieur,poids_du_corps,0,secondes,bilateral,3,3,,,forte,forte,faible,moyenne,faible,faible,faible,cs-german-hang cs-inverted-hang,cs-back-lever,1
cs-back-lever-une-jambe,Back lever une jambe,Calisthénie statique,Figure statique tirage,Intermédiaire,cs-back-lever,figure_statique_tirage,figure_statique,sagittal,non_applicable,isometrique,5,salle maison exterieur,poids_du_corps,0,secondes,unilateral,3,3,,,forte,forte,faible,moyenne,faible,faible,faible,cs-german-hang cs-inverted-hang,cs-back-lever,1
cs-back-lever-straddle,Back lever straddle,Calisthénie statique,Figure statique tirage,Intermédiaire,cs-back-lever,figure_statique_tirage,figure_statique,sagittal,non_applicable,isometrique,5,salle maison exterieur,poids_du_corps,0,secondes,bilateral,3,3,,,forte,forte,faible,moyenne,faible,faible,faible,cs-german-hang cs-inverted-hang,cs-back-lever,1
cs-back-lever-half-lay,Back lever half-lay,Calisthénie statique,Figure statique tirage,Avancé,cs-back-lever,figure_statique_tirage,figure_statique,sagittal,non_applicable,isometrique,8,salle maison exterieur,poids_du_corps,0,secondes,bilateral,3,3,,,forte,forte,faible,moyenne,faible,faible,faible,cs-back-lever-straddle cs-back-lever-tuck,cs-back-lever,1
cs-back-lever-anneaux,Back lever sur anneaux,Calisthénie statique,Figure statique tirage,Avancé,cs-back-lever,figure_statique_tirage,figure_statique,sagittal,non_applicable,isometrique,8,salle maison exterieur,poids_du_corps,0,secondes,bilateral,3,3,,,forte,forte,faible,moyenne,faible,faible,faible,cs-back-lever-straddle cs-back-lever-tuck,cs-back-lever,1
cs-back-lever-supination,Back lever prise supination,Calisthénie statique,Figure statique tirage,Avancé,cs-back-lever,figure_statique_tirage,figure_statique,sagittal,non_applicable,isometrique,8,salle maison exterieur,poids_du_corps,0,secondes,bilateral,3,3,,,forte,forte,faible,moyenne,faible,faible,faible,cs-back-lever-straddle cs-back-lever-tuck,cs-back-lever,1
cs-iron-cross,Iron cross,Calisthénie statique,Figure statique tirage,Élite,,figure_statique_tirage,figure_statique,frontal,non_applicable,isometrique,10,salle maison exterieur,poids_du_corps,0,secondes,bilateral,3,4,,,forte,forte,faible,moyenne,faible,faible,faible,cs-iron-cross-partiel cs-iron-cross-assiste-elastique,cs-iron-cross,0
cs-iron-cross-partiel,Iron cross partiel,Calisthénie statique,Figure statique tirage,Avancé,cs-iron-cross,figure_statique_tirage,figure_statique,frontal,non_applicable,isometrique,8,salle maison exterieur,poids_du_corps,0,secondes,bilateral,3,3,,,forte,forte,faible,moyenne,faible,faible,faible,,cs-iron-cross,1
cs-iron-cross-assiste-elastique,Iron cross assisté élastique,Calisthénie statique,Figure statique tirage,Avancé,cs-iron-cross,figure_statique_tirage,figure_statique,frontal,non_applicable,isometrique,8,salle maison exterieur,poids_du_corps,1,secondes,bilateral,2,2,,,forte,forte,faible,moyenne,faible,faible,faible,,cs-iron-cross,1
cs-iron-cross-pieds-au-sol,Iron cross assisté pieds au sol,Calisthénie statique,Figure statique tirage,Avancé,cs-iron-cross,figure_statique_tirage,figure_statique,frontal,non_applicable,isometrique,8,salle maison exterieur,poids_du_corps,1,secondes,bilateral,2,2,,,forte,forte,faible,moyenne,faible,faible,faible,,cs-iron-cross,1
cs-suspension-un-bras,Suspension un bras,Calisthénie statique,Figure statique tirage,Intermédiaire,,figure_statique_tirage,figure_statique,sagittal,non_applicable,isometrique,5,salle maison exterieur,poids_du_corps,0,secondes,unilateral,3,3,,,forte,forte,faible,moyenne,faible,faible,faible,,cs-suspension-un-bras,0
cs-suspension-active-un-bras,Suspension active un bras,Calisthénie statique,Figure statique tirage,Intermédiaire,cs-suspension-un-bras,figure_statique_tirage,figure_statique,sagittal,non_applicable,isometrique,5,salle maison exterieur,poids_du_corps,0,secondes,unilateral,3,3,,,forte,forte,faible,moyenne,faible,faible,faible,,cs-suspension-un-bras,1
cs-tenue-menton-barre-supination,Tenue menton au-dessus de la barre supination,Calisthénie statique,Figure statique tirage,Débutant,,figure_statique_tirage,figure_statique,sagittal,non_applicable,isometrique,3,salle maison exterieur,poids_du_corps,0,secondes,bilateral,2,3,,,forte,forte,faible,moyenne,faible,faible,faible,,cs-tenue-menton-barre-supination,0
cs-tenue-menton-barre-pronation,Tenue menton au-dessus de la barre pronation,Calisthénie statique,Figure statique tirage,Débutant,cs-tenue-menton-barre-supination,figure_statique_tirage,figure_statique,sagittal,non_applicable,isometrique,3,salle maison exterieur,poids_du_corps,0,secondes,bilateral,2,3,,,forte,forte,faible,moyenne,faible,faible,faible,,cs-tenue-menton-barre-supination,1
cs-tenue-bras-90,Tenue bras à 90°,Calisthénie statique,Figure statique tirage,Débutant,cs-tenue-menton-barre-supination,figure_statique_tirage,figure_statique,sagittal,non_applicable,isometrique,3,salle maison exterieur,poids_du_corps,0,secondes,bilateral,2,3,,,forte,forte,faible,moyenne,faible,faible,faible,,cs-tenue-menton-barre-supination,1
cs-tenue-menton-barre-un-bras,Tenue menton au-dessus de la barre un bras,Calisthénie statique,Figure statique tirage,Avancé,cs-tenue-menton-barre-supination,figure_statique_tirage,figure_statique,sagittal,non_applicable,isometrique,8,salle maison exterieur,poids_du_corps,0,secondes,unilateral,3,3,,,forte,forte,faible,moyenne,faible,faible,faible,cs-tenue-menton-barre-supination cs-tenue-bras-90,cs-tenue-menton-barre-supination,1
cs-tenue-haute-false-grip-anneaux,Tenue haute false grip aux anneaux,Calisthénie statique,Figure statique tirage,Intermédiaire,,figure_statique_tirage,figure_statique,sagittal,non_applicable,isometrique,5,salle maison exterieur,poids_du_corps,0,secondes,bilateral,3,3,,,forte,forte,forte,moyenne,faible,faible,faible,,cs-tenue-haute-false-grip-anneaux,0
cs-drapeau-humain,Drapeau humain,Calisthénie statique,Figure statique mixte,Avancé,,figure_statique_mixte,figure_statique,frontal,non_applicable,isometrique,8,salle exterieur,poids_du_corps,0,secondes,unilateral,3,3,,,forte,moyenne,moyenne,forte,faible,faible,faible,cs-clutch-flag cs-drapeau-tuck,cs-drapeau-humain,0
cs-drapeau-vertical,Drapeau vertical,Calisthénie statique,Figure statique mixte,Intermédiaire,cs-drapeau-humain,figure_statique_mixte,figure_statique,frontal,non_applicable,isometrique,5,salle exterieur,poids_du_corps,0,secondes,unilateral,3,3,,,forte,moyenne,moyenne,forte,faible,faible,faible,,cs-drapeau-humain,1
cs-drapeau-tuck,Drapeau humain tuck,Calisthénie statique,Figure statique mixte,Intermédiaire,cs-drapeau-humain,figure_statique_mixte,figure_statique,frontal,non_applicable,isometrique,5,salle exterieur,poids_du_corps,0,secondes,unilateral,3,3,,,forte,moyenne,moyenne,forte,faible,faible,faible,,cs-drapeau-humain,1
cs-drapeau-tuck-avance,Drapeau humain tuck avancé,Calisthénie statique,Figure statique mixte,Avancé,cs-drapeau-humain,figure_statique_mixte,figure_statique,frontal,non_applicable,isometrique,8,salle exterieur,poids_du_corps,0,secondes,unilateral,3,3,,,forte,moyenne,moyenne,forte,faible,faible,faible,cs-clutch-flag cs-drapeau-tuck,cs-drapeau-humain,1
cs-drapeau-une-jambe,Drapeau humain une jambe,Calisthénie statique,Figure statique mixte,Avancé,cs-drapeau-humain,figure_statique_mixte,figure_statique,frontal,non_applicable,isometrique,8,salle exterieur,poids_du_corps,0,secondes,unilateral,3,3,,,forte,moyenne,moyenne,forte,faible,faible,faible,cs-clutch-flag cs-drapeau-tuck,cs-drapeau-humain,1
cs-drapeau-straddle,Drapeau humain straddle,Calisthénie statique,Figure statique mixte,Avancé,cs-drapeau-humain,figure_statique_mixte,figure_statique,frontal,non_applicable,isometrique,8,salle exterieur,poids_du_corps,0,secondes,unilateral,3,3,,,forte,moyenne,moyenne,forte,faible,faible,faible,cs-clutch-flag cs-drapeau-tuck,cs-drapeau-humain,1
cs-clutch-flag,Clutch flag,Calisthénie statique,Figure statique mixte,Intermédiaire,cs-drapeau-humain,figure_statique_mixte,figure_statique,frontal,non_applicable,isometrique,5,salle exterieur,poids_du_corps,0,secondes,unilateral,3,3,,,forte,moyenne,moyenne,forte,faible,faible,faible,,cs-drapeau-humain,1
cs-tenue-transition-muscle-up-anneaux,Tenue de transition muscle-up aux anneaux,Calisthénie statique,Transition / muscle-up,Intermédiaire,,transition_muscle_up,figure_dynamique,sagittal,non_applicable,isometrique,5,salle maison exterieur,poids_du_corps,0,secondes,bilateral,3,3,,,forte,forte,forte,faible,faible,faible,faible,,cs-tenue-transition-muscle-up-anneaux,0
cd-pompe-un-bras,Pompe à un bras,Calisthénie dynamique,Poussée horizontale,Avancé,,poussee_horizontale,poussee,transversal,polyarticulaire,dynamique,7,salle maison exterieur,poids_du_corps,0,repetitions,unilateral,3,3,0.72,publiee,forte,forte,moyenne,faible,faible,faible,faible,cd-pompe-un-bras-negative cd-pompe-un-bras-surelevee,cd-pompe-un-bras,0
cd-pompe-un-bras-surelevee,Pompe à un bras mains surélevées,Calisthénie dynamique,Poussée horizontale,Intermédiaire,cd-pompe-un-bras,poussee_horizontale,poussee,transversal,polyarticulaire,dynamique,4,salle exterieur,poids_du_corps,0,repetitions,unilateral,3,3,0.54,derivee,forte,forte,moyenne,faible,faible,faible,faible,,cd-pompe-un-bras,1
cd-pompe-un-bras-assistee,Pompe à un bras assistée main sur ballon,Calisthénie dynamique,Poussée horizontale,Intermédiaire,cd-pompe-un-bras,poussee_horizontale,poussee,transversal,polyarticulaire,dynamique,4,salle maison,poids_du_corps,1,repetitions,unilateral,2,2,0.72,publiee,forte,forte,moyenne,faible,faible,faible,faible,,cd-pompe-un-bras,1
cd-pompe-un-bras-negative,Pompe à un bras négative,Calisthénie dynamique,Poussée horizontale,Intermédiaire,cd-pompe-un-bras,poussee_horizontale,poussee,transversal,polyarticulaire,excentrique,4,salle maison exterieur,poids_du_corps,0,repetitions,unilateral,3,4,0.72,publiee,forte,forte,moyenne,faible,faible,faible,faible,,cd-pompe-un-bras,1
cd-pompe-un-bras-pieds-sureleves,Pompe à un bras pieds surélevés,Calisthénie dynamique,Poussée horizontale,Élite,cd-pompe-un-bras,poussee_horizontale,poussee,transversal,polyarticulaire,dynamique,9,salle maison exterieur,poids_du_corps,0,repetitions,unilateral,3,4,0.81,derivee,forte,forte,moyenne,faible,faible,faible,faible,cd-pompe-un-bras cd-pompe-un-bras-negative,cd-pompe-un-bras,1
cd-pompe-un-bras-une-jambe,Pompe à un bras et une jambe,Calisthénie dynamique,Poussée horizontale,Élite,cd-pompe-un-bras,poussee_horizontale,poussee,transversal,polyarticulaire,dynamique,9,salle maison exterieur,poids_du_corps,0,repetitions,unilateral,3,4,0.72,publiee,forte,forte,moyenne,faible,faible,faible,faible,cd-pompe-un-bras cd-pompe-un-bras-negative,cd-pompe-un-bras,1
cd-hspu-mur-dos,HSPU au mur dos au mur,Calisthénie dynamique,Poussée verticale,Avancé,,poussee_verticale_haute,poussee,sagittal,polyarticulaire,dynamique,7,salle maison exterieur,poids_du_corps,0,repetitions,bilateral,3,3,0.96,derivee,forte,moyenne,forte,moyenne,faible,faible,faible,cd-hspu-mur-amplitude-reduite cd-hspu-negatif-mur,cd-hspu-mur-dos,0
cd-hspu-mur-ventre-face,HSPU au mur ventre face au mur,Calisthénie dynamique,Poussée verticale,Avancé,cd-hspu-mur-dos,poussee_verticale_haute,poussee,sagittal,polyarticulaire,dynamique,7,salle maison exterieur,poids_du_corps,0,repetitions,bilateral,3,3,0.96,derivee,forte,moyenne,forte,moyenne,faible,faible,faible,cd-hspu-mur-amplitude-reduite cd-hspu-negatif-mur,cd-hspu-mur-dos,1
cd-hspu-negatif-mur,HSPU négatif au mur,Calisthénie dynamique,Poussée verticale,Intermédiaire,cd-hspu-mur-dos,poussee_verticale_haute,poussee,sagittal,polyarticulaire,excentrique,4,salle maison exterieur,poids_du_corps,0,repetitions,bilateral,3,4,0.96,derivee,forte,moyenne,forte,moyenne,faible,faible,faible,,cd-hspu-mur-dos,1
cd-hspu-mur-amplitude-reduite,HSPU au mur amplitude réduite sur coussin,Calisthénie dynamique,Poussée verticale,Intermédiaire,cd-hspu-mur-dos,poussee_verticale_haute,poussee,sagittal,polyarticulaire,dynamique,4,salle maison exterieur,poids_du_corps,0,repetitions,bilateral,3,3,0.96,derivee,forte,moyenne,forte,moyenne,faible,faible,faible,,cd-hspu-mur-dos,1
cd-hspu-mur-deficit-parallettes,HSPU au mur en déficit sur parallettes,Calisthénie dynamique,Poussée verticale,Avancé,cd-hspu-mur-dos,poussee_verticale_haute,poussee,sagittal,polyarticulaire,dynamique,8,salle maison exterieur,poids_du_corps,0,repetitions,bilateral,3,3,0.96,derivee,forte,moyenne,forte,moyenne,faible,faible,faible,cd-hspu-mur-dos cd-hspu-mur-ventre-face,cd-hspu-mur-dos,1
cd-hspu-libre,HSPU libre,Calisthénie dynamique,Poussée verticale,Élite,,poussee_verticale_haute,poussee,sagittal,polyarticulaire,dynamique,9,salle maison exterieur,poids_du_corps,0,repetitions,bilateral,3,4,0.96,derivee,forte,moyenne,forte,moyenne,faible,faible,faible,cd-hspu-libre-negatif,cd-hspu-libre,0
cd-hspu-libre-negatif,HSPU libre négatif,Calisthénie dynamique,Poussée verticale,Avancé,cd-hspu-libre,poussee_verticale_haute,poussee,sagittal,polyarticulaire,excentrique,7,salle maison exterieur,poids_du_corps,0,repetitions,bilateral,3,4,0.96,derivee,forte,moyenne,forte,moyenne,faible,faible,faible,,cd-hspu-libre,1
cd-hspu-libre-deficit-parallettes,HSPU libre en déficit sur parallettes,Calisthénie dynamique,Poussée verticale,Élite,cd-hspu-libre,poussee_verticale_haute,poussee,sagittal,polyarticulaire,dynamique,10,salle maison exterieur,poids_du_corps,0,repetitions,bilateral,3,4,0.96,derivee,forte,moyenne,forte,moyenne,faible,faible,faible,cd-hspu-libre cd-hspu-barres-paralleles,cd-hspu-libre,1
cd-hspu-barres-paralleles,HSPU sur barres parallèles,Calisthénie dynamique,Poussée verticale,Élite,cd-hspu-libre,poussee_verticale_haute,poussee,sagittal,polyarticulaire,dynamique,9,salle exterieur,poids_du_corps,0,repetitions,bilateral,3,4,0.96,derivee,forte,moyenne,forte,moyenne,faible,faible,faible,cd-hspu-libre-negatif,cd-hspu-libre,1
cd-hspu-anneaux,HSPU aux anneaux,Calisthénie dynamique,Poussée verticale,Élite,cd-hspu-libre,poussee_verticale_haute,poussee,sagittal,polyarticulaire,dynamique,10,salle maison exterieur,poids_du_corps,0,repetitions,bilateral,3,4,0.96,derivee,forte,moyenne,forte,moyenne,faible,faible,faible,cd-hspu-libre cd-hspu-barres-paralleles,cd-hspu-libre,1
cd-dips-coreens,Dips coréens,Calisthénie dynamique,Poussée verticale,Avancé,,poussee_verticale_basse,poussee,sagittal,polyarticulaire,dynamique,7,salle maison exterieur,poids_du_corps,0,repetitions,bilateral,3,3,0.96,derivee,forte,moyenne,moyenne,faible,faible,faible,faible,,cd-dips-coreens,0
cd-dips-russes,Dips russes,Calisthénie dynamique,Poussée verticale,Avancé,,poussee_verticale_basse,poussee,sagittal,polyarticulaire,dynamique,7,salle exterieur,poids_du_corps,0,repetitions,bilateral,3,3,0.96,derivee,forte,moyenne,moyenne,faible,faible,faible,faible,,cd-dips-russes,0
cd-dips-bulgares-anneaux,Dips bulgares aux anneaux,Calisthénie dynamique,Poussée verticale,Avancé,,poussee_verticale_basse,poussee,sagittal,polyarticulaire,dynamique,7,salle maison exterieur,poids_du_corps,0,repetitions,bilateral,3,3,0.96,derivee,forte,moyenne,moyenne,faible,faible,faible,faible,,cd-dips-bulgares-anneaux,0
cd-traction-explosive-poitrine-barre,Traction explosive poitrine à la barre,Calisthénie dynamique,Tirage vertical,Intermédiaire,,tirage_vertical,tirage,sagittal,polyarticulaire,explosif,4,salle maison exterieur,poids_du_corps,0,repetitions,bilateral,3,3,0.97,derivee,moyenne,moyenne,faible,faible,faible,faible,faible,,cd-traction-explosive-poitrine-barre,0
cd-traction-explosive-hanches,Traction explosive hauteur hanches,Calisthénie dynamique,Tirage vertical,Avancé,cd-traction-explosive-poitrine-barre,tirage_vertical,tirage,sagittal,polyarticulaire,explosif,7,salle maison exterieur,poids_du_corps,0,repetitions,bilateral,3,3,0.97,derivee,moyenne,moyenne,faible,faible,faible,faible,faible,cd-traction-explosive-poitrine-barre,cd-traction-explosive-poitrine-barre,1
cd-traction-claquee,Traction claquée,Calisthénie dynamique,Tirage vertical,Avancé,cd-traction-explosive-poitrine-barre,tirage_vertical,tirage,sagittal,polyarticulaire,explosif,7,salle maison exterieur,poids_du_corps,0,repetitions,bilateral,3,3,0.97,derivee,moyenne,moyenne,faible,faible,faible,faible,faible,cd-traction-explosive-poitrine-barre,cd-traction-explosive-poitrine-barre,1
cd-traction-360,Traction 360,Calisthénie dynamique,Freestyle dynamique,Élite,cd-traction-claquee,freestyle,figure_dynamique,multiple,polyarticulaire,explosif,10,salle maison exterieur,poids_du_corps,0,repetitions,bilateral,3,4,,,forte,forte,forte,moyenne,faible,faible,faible,cd-traction-claquee cd-traction-explosive-poitrine-barre,cd-traction-explosive-poitrine-barre,2
cd-dips-explosifs,Dips explosifs mains décollées,Calisthénie dynamique,Pliométrie,Avancé,,pliometrie,explosif,sagittal,polyarticulaire,explosif,7,salle exterieur,poids_du_corps,0,repetitions,bilateral,3,3,0.96,derivee,moyenne,moyenne,forte,moyenne,faible,faible,faible,,cd-dips-explosifs,0
cd-wall-walk,Wall walk,Calisthénie dynamique,Équilibre sur les mains,Débutant,,equilibre_mains,figure_statique,multiple,polyarticulaire,dynamique,3,salle maison exterieur,poids_du_corps,0,repetitions,alterne,2,2,,,forte,moyenne,forte,moyenne,faible,faible,faible,,cd-wall-walk,0
cd-shoulder-taps-libre,Handstand shoulder taps libre,Calisthénie dynamique,Équilibre sur les mains,Élite,,equilibre_mains,figure_statique,multiple,polyarticulaire,dynamique,10,salle maison exterieur,poids_du_corps,0,repetitions,alterne,2,3,,,forte,moyenne,forte,moyenne,faible,faible,faible,cd-shoulder-taps-mur,cd-shoulder-taps-libre,0
cd-shoulder-taps-mur,Handstand shoulder taps au mur,Calisthénie dynamique,Équilibre sur les mains,Intermédiaire,cd-shoulder-taps-libre,equilibre_mains,figure_statique,multiple,polyarticulaire,dynamique,5,salle maison exterieur,poids_du_corps,0,repetitions,alterne,2,2,,,forte,moyenne,forte,moyenne,faible,faible,faible,,cd-shoulder-taps-libre,1
cd-handstand-walk,Handstand walk,Calisthénie dynamique,Équilibre sur les mains,Avancé,,equilibre_mains,figure_statique,multiple,polyarticulaire,dynamique,8,salle maison exterieur,poids_du_corps,0,distance,alterne,2,2,,,forte,moyenne,forte,moyenne,faible,faible,faible,cd-marche-laterale-mur,cd-handstand-walk,0
cd-marche-laterale-mur,Marche latérale en appui renversé au mur,Calisthénie dynamique,Équilibre sur les mains,Intermédiaire,cd-handstand-walk,equilibre_mains,figure_statique,multiple,polyarticulaire,dynamique,5,salle maison exterieur,poids_du_corps,0,distance,alterne,2,2,,,forte,moyenne,forte,moyenne,faible,faible,faible,,cd-handstand-walk,1
cd-handstand-walk-barres-paralleles,Handstand walk sur barres parallèles,Calisthénie dynamique,Équilibre sur les mains,Élite,cd-handstand-walk,equilibre_mains,figure_statique,multiple,polyarticulaire,dynamique,10,salle exterieur,poids_du_corps,0,distance,alterne,2,3,,,forte,moyenne,forte,moyenne,faible,faible,faible,cd-handstand-walk cd-marche-laterale-mur,cd-handstand-walk,1
cd-pompe-90-degres,Pompe à 90°,Calisthénie dynamique,Figure dynamique poussée,Élite,,figure_dynamique_poussee,figure_dynamique,sagittal,polyarticulaire,dynamique,10,salle maison exterieur,poids_du_corps,0,repetitions,bilateral,3,4,,,forte,forte,forte,moyenne,faible,faible,faible,,cd-pompe-90-degres,0
cd-tiger-bend,Tiger bend push-up,Calisthénie dynamique,Figure dynamique poussée,Élite,,figure_dynamique_poussee,figure_dynamique,sagittal,polyarticulaire,dynamique,10,salle maison exterieur,poids_du_corps,0,repetitions,bilateral,3,4,,,forte,forte,forte,moyenne,faible,faible,faible,cd-tiger-bend-mur,cd-tiger-bend,0
cd-tiger-bend-mur,Tiger bend au mur,Calisthénie dynamique,Figure dynamique poussée,Avancé,cd-tiger-bend,figure_dynamique_poussee,figure_dynamique,sagittal,polyarticulaire,dynamique,8,salle maison exterieur,poids_du_corps,0,repetitions,bilateral,3,3,,,forte,forte,forte,moyenne,faible,faible,faible,,cd-tiger-bend,1
cd-press-handstand-straddle,Press to handstand straddle,Calisthénie dynamique,Figure dynamique poussée,Avancé,,figure_dynamique_poussee,figure_dynamique,sagittal,polyarticulaire,dynamique,8,salle maison exterieur,poids_du_corps,0,repetitions,bilateral,3,3,,,forte,forte,forte,moyenne,faible,faible,faible,cd-press-handstand-tuck cd-press-handstand-straddle-negatif,cd-press-handstand-straddle,0
cd-press-handstand-straddle-pieds-sureleves,Press to handstand straddle pieds sur box,Calisthénie dynamique,Figure dynamique poussée,Intermédiaire,cd-press-handstand-straddle,figure_dynamique_poussee,figure_dynamique,sagittal,polyarticulaire,dynamique,5,salle maison exterieur,poids_du_corps,0,repetitions,bilateral,3,3,,,forte,forte,forte,moyenne,faible,faible,faible,,cd-press-handstand-straddle,1
cd-press-handstand-straddle-negatif,Press to handstand straddle négatif,Calisthénie dynamique,Figure dynamique poussée,Intermédiaire,cd-press-handstand-straddle,figure_dynamique_poussee,figure_dynamique,sagittal,polyarticulaire,excentrique,5,salle maison exterieur,poids_du_corps,0,repetitions,bilateral,3,4,,,forte,forte,forte,moyenne,faible,faible,faible,,cd-press-handstand-straddle,1
cd-press-handstand-pike,Press to handstand pike,Calisthénie dynamique,Figure dynamique poussée,Élite,cd-press-handstand-straddle,figure_dynamique_poussee,figure_dynamique,sagittal,polyarticulaire,dynamique,10,salle maison exterieur,poids_du_corps,0,repetitions,bilateral,3,4,,,forte,forte,forte,moyenne,faible,faible,faible,cd-press-handstand-straddle cd-press-handstand-tuck,cd-press-handstand-straddle,1
cd-press-handstand-tuck,Press to handstand tuck,Calisthénie dynamique,Figure dynamique poussée,Avancé,cd-press-handstand-straddle,figure_dynamique_poussee,figure_dynamique,sagittal,polyarticulaire,dynamique,7,salle maison exterieur,poids_du_corps,0,repetitions,bilateral,3,3,,,forte,forte,forte,moyenne,faible,faible,faible,cd-press-handstand-straddle-negatif cd-press-handstand-straddle-pieds-sureleves,cd-press-handstand-straddle,1
cd-press-handstand-l-sit,Press to handstand depuis L-sit,Calisthénie dynamique,Figure dynamique poussée,Élite,cd-press-handstand-straddle,figure_dynamique_poussee,figure_dynamique,sagittal,polyarticulaire,dynamique,10,salle maison exterieur,poids_du_corps,0,repetitions,bilateral,3,4,,,forte,forte,forte,moyenne,faible,faible,faible,cd-press-handstand-straddle cd-press-handstand-tuck,cd-press-handstand-straddle,1
cd-press-handstand-bras-flechis,Press to handstand bras fléchis,Calisthénie dynamique,Figure dynamique poussée,Avancé,,figure_dynamique_poussee,figure_dynamique,sagittal,polyarticulaire,dynamique,8,salle maison exterieur,poids_du_corps,0,repetitions,bilateral,3,3,,,forte,forte,forte,moyenne,faible,faible,faible,,cd-press-handstand-bras-flechis,0
cd-press-handstand-anneaux-bras-flechis,Press to handstand aux anneaux bras fléchis,Calisthénie dynamique,Figure dynamique poussée,Élite,cd-press-handstand-bras-flechis,figure_dynamique_poussee,figure_dynamique,sagittal,polyarticulaire,dynamique,10,salle maison exterieur,poids_du_corps,0,repetitions,bilateral,3,4,,,forte,forte,forte,moyenne,faible,faible,faible,cd-press-handstand-bras-flechis,cd-press-handstand-bras-flechis,1
cd-planche-to-handstand,Planche to handstand,Calisthénie dynamique,Figure dynamique poussée,Élite,,figure_dynamique_poussee,figure_dynamique,sagittal,polyarticulaire,dynamique,10,salle maison exterieur,poids_du_corps,0,repetitions,bilateral,3,4,,,forte,forte,forte,moyenne,faible,faible,faible,cd-tuck-planche-to-handstand,cd-planche-to-handstand,0
cd-tuck-planche-to-handstand,Tuck planche to handstand,Calisthénie dynamique,Figure dynamique poussée,Avancé,cd-planche-to-handstand,figure_dynamique_poussee,figure_dynamique,sagittal,polyarticulaire,dynamique,8,salle maison exterieur,poids_du_corps,0,repetitions,bilateral,3,3,,,forte,forte,forte,moyenne,faible,faible,faible,,cd-planche-to-handstand,1
cd-planche-pushup,Planche push-up full,Calisthénie dynamique,Figure dynamique poussée,Élite,,figure_dynamique_poussee,figure_dynamique,sagittal,polyarticulaire,dynamique,10,salle maison exterieur,poids_du_corps,0,repetitions,bilateral,3,4,,,forte,forte,forte,moyenne,faible,faible,faible,cd-planche-pushup-tuck cd-planche-pushup-tuck-avance,cd-planche-pushup,0
cd-pompe-pseudo-planche,Pompe pseudo-planche,Calisthénie dynamique,Poussée horizontale,Intermédiaire,cd-planche-pushup,poussee_horizontale,poussee,transversal,polyarticulaire,dynamique,4,salle maison exterieur,poids_du_corps,0,repetitions,bilateral,3,3,0.8,estimee,moyenne,forte,forte,faible,faible,faible,faible,,cd-planche-pushup,1
cd-pompe-pseudo-planche-parallettes,Pompe pseudo-planche sur parallettes,Calisthénie dynamique,Poussée horizontale,Intermédiaire,cd-pompe-pseudo-planche,poussee_horizontale,poussee,transversal,polyarticulaire,dynamique,4,salle maison exterieur,poids_du_corps,0,repetitions,bilateral,3,3,0.8,estimee,moyenne,forte,forte,faible,faible,faible,faible,,cd-planche-pushup,2
cd-planche-pushup-tuck,Planche push-up tuck,Calisthénie dynamique,Figure dynamique poussée,Avancé,cd-planche-pushup,figure_dynamique_poussee,figure_dynamique,sagittal,polyarticulaire,dynamique,8,salle maison exterieur,poids_du_corps,0,repetitions,bilateral,3,3,,,forte,forte,forte,moyenne,faible,faible,faible,cd-pompe-pseudo-planche cd-pompe-pseudo-planche-parallettes,cd-planche-pushup,1
cd-planche-pushup-tuck-parallettes,Planche push-up tuck sur parallettes,Calisthénie dynamique,Figure dynamique poussée,Avancé,cd-planche-pushup-tuck,figure_dynamique_poussee,figure_dynamique,sagittal,polyarticulaire,dynamique,8,salle maison exterieur,poids_du_corps,0,repetitions,bilateral,3,3,,,forte,forte,forte,moyenne,faible,faible,faible,cd-pompe-pseudo-planche cd-pompe-pseudo-planche-parallettes,cd-planche-pushup,2
cd-planche-pushup-tuck-avance,Planche push-up advanced tuck,Calisthénie dynamique,Figure dynamique poussée,Avancé,cd-planche-pushup,figure_dynamique_poussee,figure_dynamique,sagittal,polyarticulaire,dynamique,8,salle maison exterieur,poids_du_corps,0,repetitions,bilateral,3,3,,,forte,forte,forte,moyenne,faible,faible,faible,cd-pompe-pseudo-planche cd-pompe-pseudo-planche-parallettes,cd-planche-pushup,1
cd-planche-pushup-straddle,Planche push-up straddle,Calisthénie dynamique,Figure dynamique poussée,Élite,cd-planche-pushup,figure_dynamique_poussee,figure_dynamique,sagittal,polyarticulaire,dynamique,10,salle maison exterieur,poids_du_corps,0,repetitions,bilateral,3,4,,,forte,forte,forte,moyenne,faible,faible,faible,cd-planche-pushup-tuck cd-planche-pushup-tuck-avance,cd-planche-pushup,1
cd-planche-pushup-straddle-parallettes,Planche push-up straddle sur parallettes,Calisthénie dynamique,Figure dynamique poussée,Élite,cd-planche-pushup-straddle,figure_dynamique_poussee,figure_dynamique,sagittal,polyarticulaire,dynamique,10,salle maison exterieur,poids_du_corps,0,repetitions,bilateral,3,4,,,forte,forte,forte,moyenne,faible,faible,faible,cd-planche-pushup-tuck cd-planche-pushup-tuck-avance,cd-planche-pushup,2
cd-planche-pushup-straddle-elastique,Planche push-up straddle assistée à l'élastique,Calisthénie dynamique,Figure dynamique poussée,Avancé,cd-planche-pushup-straddle,figure_dynamique_poussee,figure_dynamique,sagittal,polyarticulaire,dynamique,8,salle maison exterieur,poids_du_corps,1,repetitions,bilateral,2,2,,,forte,forte,forte,moyenne,faible,faible,faible,cd-pompe-pseudo-planche cd-pompe-pseudo-planche-parallettes,cd-planche-pushup,2
cd-maltese-pushup,Maltese push-up,Calisthénie dynamique,Figure dynamique poussée,Élite,,figure_dynamique_poussee,figure_dynamique,sagittal,polyarticulaire,dynamique,10,salle maison exterieur,poids_du_corps,0,repetitions,bilateral,3,4,,,forte,forte,forte,moyenne,faible,faible,faible,,cd-maltese-pushup,0
cd-impossible-dips,Impossible dips,Calisthénie dynamique,Figure dynamique poussée,Élite,,figure_dynamique_poussee,figure_dynamique,sagittal,polyarticulaire,dynamique,10,salle exterieur,poids_du_corps,0,repetitions,bilateral,3,4,,,forte,forte,forte,moyenne,faible,faible,faible,,cd-impossible-dips,0
cd-pompe-lalanne,Pompe Lalanne,Calisthénie dynamique,Figure dynamique poussée,Élite,,figure_dynamique_poussee,figure_dynamique,sagittal,polyarticulaire,dynamique,10,salle maison exterieur,poids_du_corps,0,repetitions,bilateral,3,4,,,forte,forte,forte,moyenne,faible,faible,faible,,cd-pompe-lalanne,0
cd-traction-un-bras,Traction un bras,Calisthénie dynamique,Figure dynamique tirage,Élite,,figure_dynamique_tirage,figure_dynamique,sagittal,polyarticulaire,dynamique,10,salle maison exterieur,poids_du_corps,0,repetitions,unilateral,3,4,0.97,derivee,forte,forte,faible,moyenne,faible,faible,faible,cd-traction-archer-excentrique-lente cd-traction-un-bras-negative,cd-traction-un-bras,0
cd-traction-un-bras-supination,Traction un bras en supination,Calisthénie dynamique,Figure dynamique tirage,Élite,cd-traction-un-bras,figure_dynamique_tirage,figure_dynamique,sagittal,polyarticulaire,dynamique,10,salle maison exterieur,poids_du_corps,0,repetitions,unilateral,3,4,0.97,derivee,forte,forte,faible,moyenne,faible,faible,faible,cd-traction-archer-excentrique-lente cd-traction-un-bras-negative,cd-traction-un-bras,1
cd-traction-un-bras-assistee-serviette,Traction un bras assistée à la serviette ou à la corde,Calisthénie dynamique,Figure dynamique tirage,Avancé,cd-traction-un-bras,figure_dynamique_tirage,figure_dynamique,sagittal,polyarticulaire,dynamique,8,salle maison exterieur,poids_du_corps,1,repetitions,unilateral,2,2,0.97,derivee,forte,forte,faible,moyenne,faible,faible,faible,,cd-traction-un-bras,1
cd-traction-un-bras-assistee-elastique,Traction un bras assistée élastique,Calisthénie dynamique,Figure dynamique tirage,Avancé,cd-traction-un-bras,figure_dynamique_tirage,figure_dynamique,sagittal,polyarticulaire,dynamique,8,salle maison exterieur,poids_du_corps,1,repetitions,unilateral,2,2,0.97,derivee,forte,forte,faible,moyenne,faible,faible,faible,,cd-traction-un-bras,1
cd-traction-un-bras-negative,Traction un bras négative,Calisthénie dynamique,Figure dynamique tirage,Avancé,cd-traction-un-bras,figure_dynamique_tirage,figure_dynamique,sagittal,polyarticulaire,excentrique,8,salle maison exterieur,poids_du_corps,0,repetitions,unilateral,3,4,0.97,derivee,forte,forte,faible,moyenne,faible,faible,faible,,cd-traction-un-bras,1
cd-traction-archer-excentrique-lente,Traction archer excentrique lente,Calisthénie dynamique,Figure dynamique tirage,Avancé,cd-traction-un-bras,figure_dynamique_tirage,figure_dynamique,sagittal,polyarticulaire,excentrique,8,salle maison exterieur,poids_du_corps,0,repetitions,unilateral,3,4,0.97,derivee,forte,forte,faible,moyenne,faible,faible,faible,,cd-traction-un-bras,1
cd-front-lever-raise-complet,Front lever raise complet,Calisthénie dynamique,Figure dynamique tirage,Élite,,figure_dynamique_tirage,figure_dynamique,sagittal,polyarticulaire,dynamique,10,salle maison exterieur,poids_du_corps,0,repetitions,bilateral,3,4,,,forte,forte,faible,moyenne,faible,faible,faible,cd-front-lever-raise-straddle cd-front-lever-raise-tuck-avance,cd-front-lever-raise-complet,0
cd-front-lever-raise-tuck,Front lever raise tuck,Calisthénie dynamique,Figure dynamique tirage,Intermédiaire,cd-front-lever-raise-complet,figure_dynamique_tirage,figure_dynamique,sagittal,polyarticulaire,dynamique,5,salle maison exterieur,poids_du_corps,0,repetitions,bilateral,3,3,,,forte,forte,faible,moyenne,faible,faible,faible,,cd-front-lever-raise-complet,1
cd-front-lever-raise-tuck-avance,Front lever raise tuck avancé,Calisthénie dynamique,Figure dynamique tirage,Avancé,cd-front-lever-raise-complet,figure_dynamique_tirage,figure_dynamique,sagittal,polyarticulaire,dynamique,8,salle maison exterieur,poids_du_corps,0,repetitions,bilateral,3,3,,,forte,forte,faible,moyenne,faible,faible,faible,cd-front-lever-raise-tuck,cd-front-lever-raise-complet,1
cd-front-lever-raise-straddle,Front lever raise straddle,Calisthénie dynamique,Figure dynamique tirage,Avancé,cd-front-lever-raise-complet,figure_dynamique_tirage,figure_dynamique,sagittal,polyarticulaire,dynamique,8,salle maison exterieur,poids_du_corps,0,repetitions,bilateral,3,3,,,forte,forte,faible,moyenne,faible,faible,faible,cd-front-lever-raise-tuck,cd-front-lever-raise-complet,1
cd-front-lever-row-complet,Front lever row complet,Calisthénie dynamique,Figure dynamique tirage,Élite,,figure_dynamique_tirage,figure_dynamique,sagittal,polyarticulaire,dynamique,10,salle maison exterieur,poids_du_corps,0,repetitions,bilateral,3,4,,,forte,forte,faible,moyenne,faible,faible,faible,cd-front-lever-row-tuck,cd-front-lever-row-complet,0
cd-front-lever-row-tuck,Front lever row tuck,Calisthénie dynamique,Figure dynamique tirage,Avancé,cd-front-lever-row-complet,figure_dynamique_tirage,figure_dynamique,sagittal,polyarticulaire,dynamique,8,salle maison exterieur,poids_du_corps,0,repetitions,bilateral,3,3,,,forte,forte,faible,moyenne,faible,faible,faible,,cd-front-lever-row-complet,1
cd-front-lever-row-straddle,Front lever row straddle,Calisthénie dynamique,Figure dynamique tirage,Élite,cd-front-lever-row-complet,figure_dynamique_tirage,figure_dynamique,sagittal,polyarticulaire,dynamique,10,salle maison exterieur,poids_du_corps,0,repetitions,bilateral,3,4,,,forte,forte,faible,moyenne,faible,faible,faible,cd-front-lever-row-tuck,cd-front-lever-row-complet,1
cd-ice-cream-maker,Ice cream maker,Calisthénie dynamique,Figure dynamique tirage,Avancé,,figure_dynamique_tirage,figure_dynamique,sagittal,polyarticulaire,dynamique,8,salle maison exterieur,poids_du_corps,0,repetitions,bilateral,3,3,,,forte,forte,faible,moyenne,faible,faible,faible,cd-ice-cream-maker-tuck,cd-ice-cream-maker,0
cd-ice-cream-maker-tuck,Ice cream maker tuck,Calisthénie dynamique,Figure dynamique tirage,Intermédiaire,cd-ice-cream-maker,figure_dynamique_tirage,figure_dynamique,sagittal,polyarticulaire,dynamique,5,salle maison exterieur,poids_du_corps,0,repetitions,bilateral,3,3,,,forte,forte,faible,moyenne,faible,faible,faible,,cd-ice-cream-maker,1
cd-back-lever-pull-complet,Back lever pull complet,Calisthénie dynamique,Figure dynamique tirage,Avancé,,figure_dynamique_tirage,figure_dynamique,sagittal,polyarticulaire,dynamique,8,salle maison exterieur,poids_du_corps,0,repetitions,bilateral,3,3,,,forte,forte,faible,moyenne,faible,faible,faible,cd-back-lever-pull-tuck,cd-back-lever-pull-complet,0
cd-back-lever-pull-tuck,Back lever pull tuck,Calisthénie dynamique,Figure dynamique tirage,Intermédiaire,cd-back-lever-pull-complet,figure_dynamique_tirage,figure_dynamique,sagittal,polyarticulaire,dynamique,5,salle maison exterieur,poids_du_corps,0,repetitions,bilateral,3,3,,,forte,forte,faible,moyenne,faible,faible,faible,,cd-back-lever-pull-complet,1
cd-skin-the-cat,Skin the cat,Calisthénie dynamique,Figure dynamique tirage,Intermédiaire,,figure_dynamique_tirage,figure_dynamique,sagittal,polyarticulaire,dynamique,5,salle maison exterieur,poids_du_corps,0,repetitions,bilateral,3,3,,,forte,forte,faible,moyenne,faible,faible,faible,cd-skin-the-cat-groupe,cd-skin-the-cat,0
cd-skin-the-cat-groupe,Skin the cat groupé,Calisthénie dynamique,Figure dynamique tirage,Débutant,cd-skin-the-cat,figure_dynamique_tirage,figure_dynamique,sagittal,polyarticulaire,dynamique,3,salle maison exterieur,poids_du_corps,0,repetitions,bilateral,2,3,,,forte,forte,faible,moyenne,faible,faible,faible,,cd-skin-the-cat,1
cd-german-hang-pull-out,German hang pull-out,Calisthénie dynamique,Figure dynamique tirage,Avancé,cd-skin-the-cat,figure_dynamique_tirage,figure_dynamique,sagittal,polyarticulaire,dynamique,8,salle maison exterieur,poids_du_corps,0,repetitions,bilateral,3,3,,,forte,forte,faible,moyenne,faible,faible,faible,cd-skin-the-cat cd-skin-the-cat-groupe,cd-skin-the-cat,1
cd-muscle-up-barre-strict,Muscle-up barre strict,Calisthénie dynamique,Transition / muscle-up,Avancé,,transition_muscle_up,figure_dynamique,sagittal,polyarticulaire,dynamique,8,salle maison exterieur,poids_du_corps,0,repetitions,bilateral,3,3,0.97,derivee,forte,forte,forte,faible,faible,faible,faible,cd-muscle-up-barre-kipping cd-muscle-up-barre-negatif,cd-muscle-up-barre-strict,0
cd-muscle-up-barre-kipping,Muscle-up barre kipping,Calisthénie dynamique,Transition / muscle-up,Intermédiaire,cd-muscle-up-barre-strict,transition_muscle_up,figure_dynamique,sagittal,polyarticulaire,explosif,5,salle maison exterieur,poids_du_corps,0,repetitions,bilateral,3,3,0.97,derivee,forte,forte,forte,faible,faible,faible,faible,cd-kip-swing-barre cd-muscle-up-barre-basse-pieds-au-sol,cd-muscle-up-barre-strict,1
cd-kip-swing-barre,Balancier creux-cambré à la barre,Calisthénie dynamique,Transition / muscle-up,Débutant,cd-muscle-up-barre-kipping,transition_muscle_up,figure_dynamique,sagittal,polyarticulaire,dynamique,3,salle maison exterieur,poids_du_corps,0,repetitions,bilateral,2,3,,,moyenne,faible,faible,faible,faible,faible,faible,,cd-muscle-up-barre-strict,2
cd-muscle-up-360,Muscle-up 360,Calisthénie dynamique,Freestyle dynamique,Élite,cd-muscle-up-barre-kipping,freestyle,figure_dynamique,multiple,polyarticulaire,explosif,10,salle maison exterieur,poids_du_corps,0,repetitions,bilateral,3,4,,,forte,forte,forte,moyenne,faible,faible,faible,cd-muscle-up-barre-kipping cd-muscle-up-barre-strict,cd-muscle-up-barre-strict,2
cd-muscle-up-barre-lent,Muscle-up barre lent,Calisthénie dynamique,Transition / muscle-up,Élite,cd-muscle-up-barre-strict,transition_muscle_up,figure_dynamique,sagittal,polyarticulaire,dynamique,10,salle maison exterieur,poids_du_corps,0,repetitions,bilateral,3,4,0.97,derivee,forte,forte,forte,faible,faible,faible,faible,cd-muscle-up-barre-strict cd-muscle-up-barre-prise-serree,cd-muscle-up-barre-strict,1
cd-muscle-up-barre-prise-serree,Muscle-up barre prise serrée,Calisthénie dynamique,Transition / muscle-up,Avancé,cd-muscle-up-barre-strict,transition_muscle_up,figure_dynamique,sagittal,polyarticulaire,dynamique,8,salle maison exterieur,poids_du_corps,0,repetitions,bilateral,3,3,0.97,derivee,forte,forte,forte,faible,faible,faible,faible,cd-muscle-up-barre-kipping cd-muscle-up-barre-negatif,cd-muscle-up-barre-strict,1
cd-muscle-up-barre-negatif,Muscle-up barre négatif,Calisthénie dynamique,Transition / muscle-up,Intermédiaire,cd-muscle-up-barre-strict,transition_muscle_up,figure_dynamique,sagittal,polyarticulaire,excentrique,5,salle maison exterieur,poids_du_corps,0,repetitions,bilateral,3,4,0.97,derivee,forte,forte,forte,faible,faible,faible,faible,cd-kip-swing-barre cd-muscle-up-barre-basse-pieds-au-sol,cd-muscle-up-barre-strict,1
cd-muscle-up-barre-assiste-elastique,Muscle-up barre assisté élastique,Calisthénie dynamique,Transition / muscle-up,Intermédiaire,cd-muscle-up-barre-strict,transition_muscle_up,figure_dynamique,sagittal,polyarticulaire,dynamique,5,salle maison exterieur,poids_du_corps,1,repetitions,bilateral,2,2,0.97,derivee,forte,forte,forte,faible,faible,faible,faible,cd-kip-swing-barre cd-muscle-up-barre-basse-pieds-au-sol,cd-muscle-up-barre-strict,1
cd-muscle-up-barre-basse-pieds-au-sol,Muscle-up barre basse pieds au sol,Calisthénie dynamique,Transition / muscle-up,Débutant,cd-muscle-up-barre-strict,transition_muscle_up,figure_dynamique,sagittal,polyarticulaire,dynamique,3,salle exterieur,poids_du_corps,0,repetitions,bilateral,2,3,,,forte,forte,forte,faible,faible,faible,faible,,cd-muscle-up-barre-strict,1
cd-muscle-up-saute,Muscle-up sauté,Calisthénie dynamique,Transition / muscle-up,Débutant,cd-muscle-up-barre-strict,transition_muscle_up,figure_dynamique,sagittal,polyarticulaire,explosif,3,salle maison exterieur,poids_du_corps,0,repetitions,bilateral,2,3,,,forte,forte,forte,faible,faible,faible,faible,,cd-muscle-up-barre-strict,1
cd-transition-muscle-up-box,Transition de muscle-up sur box,Calisthénie dynamique,Transition / muscle-up,Débutant,cd-muscle-up-barre-strict,transition_muscle_up,figure_dynamique,sagittal,polyarticulaire,dynamique,3,salle maison exterieur,poids_du_corps,0,repetitions,bilateral,2,3,,,forte,forte,forte,faible,faible,faible,faible,,cd-muscle-up-barre-strict,1
cd-muscle-up-barre-l-sit,Muscle-up barre en L-sit,Calisthénie dynamique,Transition / muscle-up,Élite,cd-muscle-up-barre-strict,transition_muscle_up,figure_dynamique,sagittal,polyarticulaire,dynamique,10,salle maison exterieur,poids_du_corps,0,repetitions,bilateral,3,4,0.97,derivee,forte,forte,forte,faible,faible,faible,faible,cd-muscle-up-barre-strict cd-muscle-up-barre-prise-serree,cd-muscle-up-barre-strict,1
cd-muscle-up-une-main,Muscle-up une main,Calisthénie dynamique,Transition / muscle-up,Élite,,transition_muscle_up,figure_dynamique,sagittal,polyarticulaire,dynamique,10,salle maison exterieur,poids_du_corps,0,repetitions,unilateral,3,4,0.97,derivee,forte,forte,forte,faible,faible,faible,faible,cd-muscle-up-une-main-negatif cd-muscle-up-une-main-assiste,cd-muscle-up-une-main,0
cd-muscle-up-archer,Muscle-up archer,Calisthénie dynamique,Transition / muscle-up,Élite,cd-muscle-up-une-main,transition_muscle_up,figure_dynamique,sagittal,polyarticulaire,dynamique,10,salle maison exterieur,poids_du_corps,0,repetitions,unilateral,3,4,0.97,derivee,forte,forte,forte,faible,faible,faible,faible,cd-muscle-up-une-main-negatif cd-muscle-up-une-main-assiste,cd-muscle-up-une-main,1
cd-muscle-up-une-main-assiste,Muscle-up une main assisté,Calisthénie dynamique,Transition / muscle-up,Élite,cd-muscle-up-une-main,transition_muscle_up,figure_dynamique,sagittal,polyarticulaire,dynamique,9,salle maison exterieur,poids_du_corps,1,repetitions,unilateral,2,3,0.97,derivee,forte,forte,forte,faible,faible,faible,faible,,cd-muscle-up-une-main,1
cd-muscle-up-une-main-negatif,Muscle-up une main négatif,Calisthénie dynamique,Transition / muscle-up,Élite,cd-muscle-up-une-main,transition_muscle_up,figure_dynamique,sagittal,polyarticulaire,excentrique,9,salle maison exterieur,poids_du_corps,0,repetitions,unilateral,3,5,0.97,derivee,forte,forte,forte,faible,faible,faible,faible,,cd-muscle-up-une-main,1
cd-muscle-up-anneaux-strict,Muscle-up anneaux strict,Calisthénie dynamique,Transition / muscle-up,Avancé,,transition_muscle_up,figure_dynamique,sagittal,polyarticulaire,dynamique,8,salle maison exterieur,poids_du_corps,0,repetitions,bilateral,3,3,0.97,derivee,forte,forte,forte,faible,faible,faible,faible,cd-muscle-up-anneaux-kipping cd-muscle-up-anneaux-negatif,cd-muscle-up-anneaux-strict,0
cd-muscle-up-anneaux-kipping,Muscle-up anneaux kipping,Calisthénie dynamique,Transition / muscle-up,Intermédiaire,cd-muscle-up-anneaux-strict,transition_muscle_up,figure_dynamique,sagittal,polyarticulaire,explosif,5,salle maison exterieur,poids_du_corps,0,repetitions,bilateral,3,3,0.97,derivee,forte,forte,forte,faible,faible,faible,faible,cd-muscle-up-anneaux-transition-au-sol,cd-muscle-up-anneaux-strict,1
cd-muscle-up-anneaux-transition-au-sol,Transition de muscle-up aux anneaux pieds au sol,Calisthénie dynamique,Transition / muscle-up,Débutant,cd-muscle-up-anneaux-strict,transition_muscle_up,figure_dynamique,sagittal,polyarticulaire,dynamique,3,salle maison exterieur,poids_du_corps,0,repetitions,bilateral,2,3,,,forte,forte,forte,faible,faible,faible,faible,,cd-muscle-up-anneaux-strict,1
cd-muscle-up-anneaux-negatif,Muscle-up anneaux négatif,Calisthénie dynamique,Transition / muscle-up,Intermédiaire,cd-muscle-up-anneaux-strict,transition_muscle_up,figure_dynamique,sagittal,polyarticulaire,excentrique,5,salle maison exterieur,poids_du_corps,0,repetitions,bilateral,3,4,0.97,derivee,forte,forte,forte,faible,faible,faible,faible,cd-muscle-up-anneaux-transition-au-sol,cd-muscle-up-anneaux-strict,1
cd-pull-over-barre,Pull-over à la barre,Calisthénie dynamique,Transition / muscle-up,Intermédiaire,,transition_muscle_up,figure_dynamique,sagittal,polyarticulaire,dynamique,5,salle maison exterieur,poids_du_corps,0,repetitions,bilateral,3,3,0.97,derivee,forte,forte,forte,faible,faible,faible,faible,,cd-pull-over-barre,0
cd-tour-appui-arriere,Tour d'appui arrière,Calisthénie dynamique,Freestyle dynamique,Intermédiaire,cd-pull-over-barre,freestyle,figure_dynamique,multiple,polyarticulaire,explosif,5,salle maison exterieur,poids_du_corps,0,repetitions,bilateral,3,3,,,forte,forte,forte,moyenne,faible,faible,faible,,cd-pull-over-barre,1
cd-hefesto,Hefesto,Calisthénie dynamique,Transition / muscle-up,Élite,,transition_muscle_up,figure_dynamique,sagittal,polyarticulaire,dynamique,10,salle maison exterieur,poids_du_corps,0,repetitions,bilateral,3,4,0.97,derivee,forte,forte,forte,faible,faible,faible,faible,cd-hefesto-negatif,cd-hefesto,0
cd-hefesto-negatif,Hefesto négatif,Calisthénie dynamique,Transition / muscle-up,Avancé,cd-hefesto,transition_muscle_up,figure_dynamique,sagittal,polyarticulaire,excentrique,8,salle maison exterieur,poids_du_corps,0,repetitions,bilateral,3,4,0.97,derivee,forte,forte,forte,faible,faible,faible,faible,,cd-hefesto,1
cd-swing-claque,Swing claqué,Calisthénie dynamique,Freestyle dynamique,Avancé,,freestyle,figure_dynamique,multiple,polyarticulaire,explosif,8,salle maison exterieur,poids_du_corps,0,repetitions,bilateral,3,3,,,forte,forte,forte,moyenne,faible,faible,faible,,cd-swing-claque,0
cd-swing-changement-prise,Swing avec changement de prise,Calisthénie dynamique,Freestyle dynamique,Avancé,,freestyle,figure_dynamique,multiple,polyarticulaire,explosif,8,salle maison exterieur,poids_du_corps,0,repetitions,bilateral,3,3,,,forte,forte,forte,moyenne,faible,faible,faible,,cd-swing-changement-prise,0
cd-swing-180,Swing 180,Calisthénie dynamique,Freestyle dynamique,Avancé,,freestyle,figure_dynamique,multiple,polyarticulaire,explosif,8,salle maison exterieur,poids_du_corps,0,repetitions,bilateral,3,3,,,forte,forte,forte,moyenne,faible,faible,faible,,cd-swing-180,0
cd-swing-360,Swing 360,Calisthénie dynamique,Freestyle dynamique,Élite,cd-swing-180,freestyle,figure_dynamique,multiple,polyarticulaire,explosif,10,salle maison exterieur,poids_du_corps,0,repetitions,bilateral,3,4,,,forte,forte,forte,moyenne,faible,faible,faible,cd-swing-180,cd-swing-180,1
cd-swing-540,Swing 540,Calisthénie dynamique,Freestyle dynamique,Élite,cd-swing-360,freestyle,figure_dynamique,multiple,polyarticulaire,explosif,10,salle maison exterieur,poids_du_corps,0,repetitions,bilateral,3,4,,,forte,forte,forte,moyenne,faible,faible,faible,cd-swing-180,cd-swing-180,2
cd-tornado-360,Tornado 360,Calisthénie dynamique,Freestyle dynamique,Élite,cd-swing-360,freestyle,figure_dynamique,multiple,polyarticulaire,explosif,10,salle maison exterieur,poids_du_corps,0,repetitions,bilateral,3,4,,,forte,forte,forte,moyenne,faible,faible,faible,cd-swing-180,cd-swing-180,2
cd-tour-geant-barre,Tour géant à la barre,Calisthénie dynamique,Freestyle dynamique,Élite,,freestyle,figure_dynamique,multiple,polyarticulaire,explosif,10,salle maison exterieur,poids_du_corps,0,repetitions,bilateral,3,4,,,forte,forte,forte,moyenne,faible,faible,faible,,cd-tour-geant-barre,0
cd-dips-360,360 dips,Calisthénie dynamique,Freestyle dynamique,Élite,,freestyle,figure_dynamique,multiple,polyarticulaire,explosif,10,salle exterieur,poids_du_corps,0,repetitions,bilateral,3,4,,,forte,forte,forte,moyenne,faible,faible,faible,cd-dips-180,cd-dips-360,0
cd-dips-180,180 dips,Calisthénie dynamique,Freestyle dynamique,Avancé,cd-dips-360,freestyle,figure_dynamique,multiple,polyarticulaire,explosif,8,salle exterieur,poids_du_corps,0,repetitions,bilateral,3,3,,,forte,forte,forte,moyenne,faible,faible,faible,,cd-dips-360,1
cd-pompe-superman,Pompe superman,Calisthénie dynamique,Freestyle dynamique,Élite,,freestyle,figure_dynamique,multiple,polyarticulaire,explosif,10,salle maison exterieur,poids_du_corps,0,repetitions,bilateral,3,4,,,forte,forte,forte,moyenne,faible,faible,faible,,cd-pompe-superman,0
cd-pompe-aztec,Pompe aztèque,Calisthénie dynamique,Freestyle dynamique,Élite,,freestyle,figure_dynamique,multiple,polyarticulaire,explosif,10,salle maison exterieur,poids_du_corps,0,repetitions,bilateral,3,4,,,forte,forte,forte,moyenne,faible,faible,faible,,cd-pompe-aztec,0
cf-fente-overhead-disque,Fente marchée overhead au disque,CrossFit / WOD,Fente / unilatéral jambes,Intermédiaire,,fente,jambes_genou,sagittal,polyarticulaire,dynamique,4,salle maison exterieur,autre,0,distance,alterne,3,3,,,forte,faible,faible,faible,moyenne,moyenne,moyenne,,cf-fente-overhead-disque,0
cf-fente-overhead-haltere,Fente marchée overhead à l'haltère unilatéral,CrossFit / WOD,Fente / unilatéral jambes,Intermédiaire,cf-fente-overhead-disque,fente,jambes_genou,sagittal,polyarticulaire,dynamique,5,salle maison,halteres,0,distance,alterne,3,3,,,forte,faible,faible,faible,moyenne,moyenne,moyenne,cf-fente-overhead-disque,cf-fente-overhead-disque,1
cf-sit-up-abmat,Sit-up AbMat en papillon,CrossFit / WOD,Flexion du tronc,Débutant,,flexion_tronc,tronc,sagittal,monoarticulaire,dynamique,2,salle maison exterieur,poids_du_corps,0,repetitions,bilateral,1,3,,,faible,faible,faible,moyenne,faible,moyenne,faible,,cf-sit-up-abmat,0
cf-ghd-sit-up,GHD sit-up,CrossFit / WOD,Flexion du tronc,Avancé,,flexion_tronc,tronc,sagittal,monoarticulaire,dynamique,7,salle,poids_du_corps,0,repetitions,bilateral,1,3,,,faible,faible,faible,moyenne,faible,moyenne,faible,,cf-ghd-sit-up,0
cf-sdhp-barre,Sumo deadlift high pull à la barre,CrossFit / WOD,Haltérophilie,Intermédiaire,,halterophilie,explosif,sagittal,polyarticulaire,explosif,5,salle,barre,0,repetitions,bilateral,4,3,,,forte,moyenne,forte,forte,moyenne,moyenne,moyenne,cf-sdhp-kettlebell,cf-sdhp-barre,0
cf-sdhp-kettlebell,Sumo deadlift high pull à la kettlebell,CrossFit / WOD,Balistique kettlebell,Débutant,cf-sdhp-barre,balistique,explosif,sagittal,polyarticulaire,explosif,2,salle maison,kettlebell,0,repetitions,bilateral,3,3,,,moyenne,faible,faible,moyenne,faible,moyenne,faible,,cf-sdhp-barre,1
cf-epaule-jete-haltere-suspendu,Épaulé-jeté suspendu à l'haltère unilatéral,CrossFit / WOD,Haltérophilie,Intermédiaire,,halterophilie,explosif,sagittal,polyarticulaire,explosif,5,salle maison,halteres,0,repetitions,unilateral,4,3,,,forte,moyenne,forte,forte,moyenne,moyenne,moyenne,,cf-epaule-jete-haltere-suspendu,0
cf-overhead-squat-haltere-unilateral,Overhead squat haltère unilatéral,CrossFit / WOD,Haltérophilie,Avancé,,halterophilie,explosif,sagittal,polyarticulaire,dynamique,8,salle maison,halteres,0,repetitions,unilateral,4,3,,,forte,moyenne,forte,forte,moyenne,moyenne,moyenne,,cf-overhead-squat-haltere-unilateral,0
cf-sac-leste-par-dessus-epaule,Sac lesté par-dessus l'épaule,CrossFit / WOD,Portés et strongman,Intermédiaire,,porte,porte,sagittal,polyarticulaire,dynamique,4,salle maison exterieur,autre,0,repetitions,unilateral,4,2,,,moyenne,faible,moyenne,moyenne,faible,faible,faible,,cf-sac-leste-par-dessus-epaule,0
cf-box-jump-over,Box jump-over,CrossFit / WOD,Pliométrie,Intermédiaire,,pliometrie,explosif,sagittal,polyarticulaire,explosif,4,salle maison exterieur,poids_du_corps,0,repetitions,bilateral,3,3,0.88,derivee,faible,faible,faible,moyenne,forte,moyenne,forte,,cf-box-jump-over,0
cf-saut-etoile,Saut en étoile,CrossFit / WOD,Pliométrie,Intermédiaire,,pliometrie,explosif,sagittal,polyarticulaire,explosif,4,salle maison exterieur,poids_du_corps,0,repetitions,bilateral,3,3,0.88,derivee,faible,faible,faible,moyenne,forte,moyenne,forte,,cf-saut-etoile,0
cf-tuck-jumps,Tuck jumps,CrossFit / WOD,Pliométrie,Intermédiaire,,pliometrie,explosif,sagittal,polyarticulaire,explosif,4,salle maison exterieur,poids_du_corps,0,repetitions,bilateral,3,3,0.88,derivee,faible,faible,faible,moyenne,forte,moyenne,forte,,cf-tuck-jumps,0
cf-pogo-jumps,Pogo jumps,CrossFit / WOD,Pliométrie,Débutant,,pliometrie,explosif,sagittal,polyarticulaire,explosif,2,salle maison exterieur,poids_du_corps,0,secondes,bilateral,2,3,0.88,derivee,faible,faible,faible,moyenne,forte,moyenne,forte,,cf-pogo-jumps,0
cf-burpee,Burpee,CrossFit / WOD,Conditionnement métabolique,Débutant,,conditionnement,conditionnement,multiple,polyarticulaire,dynamique,2,salle maison exterieur,poids_du_corps,0,repetitions,bilateral,3,2,,,moyenne,faible,moyenne,moyenne,moyenne,moyenne,moyenne,,cf-burpee,0
cf-burpee-traction,Burpee avec traction,CrossFit / WOD,Conditionnement métabolique,Intermédiaire,cf-burpee,conditionnement,conditionnement,multiple,polyarticulaire,dynamique,4,salle maison exterieur,poids_du_corps,0,repetitions,bilateral,4,2,,,moyenne,faible,moyenne,moyenne,moyenne,moyenne,moyenne,cf-burpee cf-demi-burpee,cf-burpee,1
cf-burpee-traction-leste-gilet,Burpee avec traction lesté au gilet,CrossFit / WOD,Conditionnement métabolique,Avancé,cf-burpee-traction,conditionnement,conditionnement,multiple,polyarticulaire,dynamique,7,salle maison exterieur,lest,0,repetitions,bilateral,4,2,,,moyenne,faible,moyenne,moyenne,moyenne,moyenne,moyenne,cf-burpee-traction,cf-burpee,2
cf-burpee-muscle-up-barre,Burpee avec muscle-up barre,CrossFit / WOD,Gymnastique CrossFit,Avancé,cf-burpee-traction,gymnastique_crossfit,conditionnement,sagittal,polyarticulaire,dynamique,7,salle maison exterieur,poids_du_corps,0,repetitions,bilateral,3,2,,,forte,moyenne,moyenne,moyenne,faible,faible,faible,cf-burpee-traction cf-burpee,cf-burpee,2
cf-demi-burpee,Demi-burpee,CrossFit / WOD,Conditionnement métabolique,Débutant,cf-burpee,conditionnement,conditionnement,multiple,polyarticulaire,dynamique,2,salle maison exterieur,poids_du_corps,0,repetitions,bilateral,3,2,,,moyenne,faible,moyenne,moyenne,moyenne,moyenne,moyenne,,cf-burpee,1
cf-sprawl,Sprawl,CrossFit / WOD,Conditionnement métabolique,Intermédiaire,cf-burpee,conditionnement,conditionnement,multiple,polyarticulaire,dynamique,4,salle maison exterieur,poids_du_corps,0,repetitions,bilateral,4,2,,,moyenne,faible,moyenne,moyenne,moyenne,moyenne,moyenne,cf-burpee cf-demi-burpee,cf-burpee,1
cf-burpee-box-jump-over,Burpee box jump-over,CrossFit / WOD,Conditionnement métabolique,Intermédiaire,cf-burpee,conditionnement,conditionnement,multiple,polyarticulaire,dynamique,4,salle maison exterieur,poids_du_corps,0,repetitions,bilateral,4,2,,,moyenne,faible,moyenne,moyenne,forte,moyenne,forte,cf-burpee cf-demi-burpee,cf-burpee,1
cf-burpee-broad-jump,Burpee broad jump,CrossFit / WOD,Conditionnement métabolique,Intermédiaire,cf-burpee,conditionnement,conditionnement,multiple,polyarticulaire,dynamique,4,salle maison exterieur,poids_du_corps,0,repetitions,bilateral,4,2,,,moyenne,faible,moyenne,moyenne,forte,moyenne,forte,cf-burpee cf-demi-burpee,cf-burpee,1
cf-burpee-lateral-barre,Burpee latéral par-dessus la barre,CrossFit / WOD,Conditionnement métabolique,Intermédiaire,cf-burpee,conditionnement,conditionnement,multiple,polyarticulaire,dynamique,4,salle,poids_du_corps,0,repetitions,bilateral,4,2,,,moyenne,faible,moyenne,moyenne,moyenne,moyenne,moyenne,cf-burpee cf-demi-burpee,cf-burpee,1
cf-burpee-face-barre,Burpee face à la barre,CrossFit / WOD,Conditionnement métabolique,Intermédiaire,cf-burpee,conditionnement,conditionnement,multiple,polyarticulaire,dynamique,4,salle,poids_du_corps,0,repetitions,bilateral,4,2,,,moyenne,faible,moyenne,moyenne,moyenne,moyenne,moyenne,cf-burpee cf-demi-burpee,cf-burpee,1
cf-burpee-navy-seal,Burpee Navy SEAL,CrossFit / WOD,Conditionnement métabolique,Intermédiaire,cf-burpee,conditionnement,conditionnement,multiple,polyarticulaire,dynamique,4,salle maison exterieur,poids_du_corps,0,repetitions,bilateral,4,2,,,moyenne,faible,moyenne,moyenne,moyenne,moyenne,moyenne,cf-burpee cf-demi-burpee,cf-burpee,1
cf-burpee-tuck-jump,Burpee avec tuck jump,CrossFit / WOD,Conditionnement métabolique,Intermédiaire,cf-burpee,conditionnement,conditionnement,multiple,polyarticulaire,dynamique,4,salle maison exterieur,poids_du_corps,0,repetitions,bilateral,4,2,,,moyenne,faible,moyenne,moyenne,forte,moyenne,forte,cf-burpee cf-demi-burpee,cf-burpee,1
cf-burpee-leste-gilet,Burpee lesté au gilet,CrossFit / WOD,Conditionnement métabolique,Intermédiaire,cf-burpee,conditionnement,conditionnement,multiple,polyarticulaire,dynamique,4,salle maison exterieur,lest,0,repetitions,bilateral,4,2,,,moyenne,faible,moyenne,moyenne,moyenne,moyenne,moyenne,cf-burpee,cf-burpee,1
cf-thruster-barre,Thruster à la barre,CrossFit / WOD,Conditionnement métabolique,Intermédiaire,,conditionnement,conditionnement,multiple,polyarticulaire,dynamique,4,salle,barre,0,repetitions,bilateral,4,2,,,moyenne,faible,moyenne,moyenne,moyenne,moyenne,moyenne,,cf-thruster-barre,0
cf-thruster-halteres,Thruster aux haltères,CrossFit / WOD,Conditionnement métabolique,Intermédiaire,cf-thruster-barre,conditionnement,conditionnement,multiple,polyarticulaire,dynamique,4,salle maison,halteres,0,repetitions,bilateral,4,2,,,moyenne,faible,moyenne,moyenne,moyenne,moyenne,moyenne,,cf-thruster-barre,1
cf-thruster-haltere-unilateral,Thruster haltère unilatéral,CrossFit / WOD,Conditionnement métabolique,Intermédiaire,cf-thruster-halteres,conditionnement,conditionnement,multiple,polyarticulaire,dynamique,5,salle maison,halteres,0,repetitions,unilateral,4,2,,,moyenne,faible,moyenne,moyenne,moyenne,moyenne,moyenne,cf-thruster-halteres cf-thruster-barre,cf-thruster-barre,2
cf-cluster,Cluster,CrossFit / WOD,Haltérophilie,Avancé,cf-thruster-barre,halterophilie,explosif,sagittal,polyarticulaire,explosif,8,salle,barre,0,repetitions,bilateral,5,3,,,forte,moyenne,forte,forte,forte,moyenne,moyenne,cf-thruster-barre cf-thruster-haltere-unilateral,cf-thruster-barre,1
cf-wall-ball,Wall ball,CrossFit / WOD,Conditionnement métabolique,Débutant,,conditionnement,conditionnement,multiple,polyarticulaire,dynamique,2,salle,autre,0,repetitions,bilateral,4,2,,,moyenne,faible,moyenne,moyenne,moyenne,moyenne,moyenne,,cf-wall-ball,0
cf-epaule-medecine-ball,Épaulé au médecine-ball,CrossFit / WOD,Conditionnement métabolique,Débutant,,conditionnement,conditionnement,multiple,polyarticulaire,dynamique,2,salle maison,autre,0,repetitions,bilateral,4,2,,,moyenne,faible,moyenne,moyenne,moyenne,moyenne,moyenne,,cf-epaule-medecine-ball,0
cf-devil-press,Devil press,CrossFit / WOD,Conditionnement métabolique,Intermédiaire,,conditionnement,conditionnement,multiple,polyarticulaire,dynamique,4,salle maison,halteres,0,repetitions,bilateral,5,2,,,moyenne,faible,moyenne,moyenne,moyenne,moyenne,moyenne,,cf-devil-press,0
cf-devil-press-unilateral,Devil press unilatéral,CrossFit / WOD,Conditionnement métabolique,Intermédiaire,cf-devil-press,conditionnement,conditionnement,multiple,polyarticulaire,dynamique,5,salle maison,halteres,0,repetitions,unilateral,5,2,,,moyenne,faible,moyenne,moyenne,moyenne,moyenne,moyenne,cf-devil-press,cf-devil-press,1
cf-man-maker,Man maker,CrossFit / WOD,Conditionnement métabolique,Avancé,,conditionnement,conditionnement,multiple,polyarticulaire,dynamique,7,salle maison,halteres,0,repetitions,alterne,5,2,,,moyenne,faible,moyenne,moyenne,moyenne,moyenne,moyenne,,cf-man-maker,0
cf-box-step-over,Box step-over,CrossFit / WOD,Conditionnement métabolique,Débutant,,conditionnement,conditionnement,multiple,polyarticulaire,dynamique,2,salle maison exterieur,poids_du_corps,0,repetitions,alterne,3,2,,,moyenne,faible,moyenne,moyenne,moyenne,moyenne,moyenne,,cf-box-step-over,0
cf-box-step-over-halteres,Box step-over aux haltères,CrossFit / WOD,Conditionnement métabolique,Intermédiaire,cf-box-step-over,conditionnement,conditionnement,multiple,polyarticulaire,dynamique,4,salle maison,halteres,0,repetitions,alterne,4,2,,,moyenne,faible,moyenne,moyenne,moyenne,moyenne,moyenne,cf-box-step-over,cf-box-step-over,1
cf-jumping-jacks,Jumping jacks,CrossFit / WOD,Conditionnement métabolique,Débutant,,conditionnement,conditionnement,multiple,polyarticulaire,dynamique,2,salle maison exterieur,poids_du_corps,0,secondes,bilateral,3,2,,,moyenne,faible,moyenne,moyenne,moyenne,moyenne,moyenne,,cf-jumping-jacks,0
cf-plank-jacks,Plank jacks,CrossFit / WOD,Conditionnement métabolique,Débutant,,conditionnement,conditionnement,multiple,polyarticulaire,dynamique,2,salle maison exterieur,poids_du_corps,0,secondes,bilateral,3,2,,,moyenne,faible,moyenne,moyenne,moyenne,moyenne,moyenne,,cf-plank-jacks,0
cf-squat-jacks,Squat jacks,CrossFit / WOD,Conditionnement métabolique,Débutant,,conditionnement,conditionnement,multiple,polyarticulaire,dynamique,2,salle maison exterieur,poids_du_corps,0,secondes,bilateral,3,2,,,moyenne,faible,moyenne,moyenne,moyenne,moyenne,moyenne,,cf-squat-jacks,0
cf-high-knees,Montées de genoux,CrossFit / WOD,Conditionnement métabolique,Débutant,,conditionnement,conditionnement,multiple,polyarticulaire,dynamique,2,salle maison exterieur,poids_du_corps,0,secondes,alterne,3,2,,,moyenne,faible,moyenne,moyenne,moyenne,moyenne,moyenne,,cf-high-knees,0
cf-bear-crawl-leste-gilet,Bear crawl lesté au gilet,CrossFit / WOD,Conditionnement métabolique,Intermédiaire,,conditionnement,conditionnement,multiple,polyarticulaire,dynamique,4,salle maison exterieur,lest,0,distance,alterne,4,2,,,moyenne,faible,moyenne,moyenne,moyenne,moyenne,moyenne,cf-inchworm-pompe,cf-bear-crawl-leste-gilet,0
cf-crab-walk,Crab walk,CrossFit / WOD,Conditionnement métabolique,Débutant,,conditionnement,conditionnement,multiple,polyarticulaire,dynamique,2,salle maison exterieur,poids_du_corps,0,distance,alterne,3,2,,,moyenne,faible,moyenne,moyenne,moyenne,moyenne,moyenne,,cf-crab-walk,0
cf-inchworm-pompe,Inchworm avec pompe,CrossFit / WOD,Conditionnement métabolique,Débutant,,conditionnement,conditionnement,multiple,polyarticulaire,dynamique,2,salle maison exterieur,poids_du_corps,0,repetitions,alterne,3,2,,,moyenne,faible,moyenne,moyenne,moyenne,moyenne,moyenne,,cf-inchworm-pompe,0
cf-traction-kipping,Traction kipping,CrossFit / WOD,Gymnastique CrossFit,Intermédiaire,,gymnastique_crossfit,conditionnement,sagittal,polyarticulaire,explosif,4,salle maison exterieur,poids_du_corps,0,repetitions,bilateral,3,2,0.97,derivee,forte,moyenne,moyenne,moyenne,faible,faible,faible,,cf-traction-kipping,0
cf-traction-butterfly,Traction butterfly,CrossFit / WOD,Gymnastique CrossFit,Avancé,cf-traction-kipping,gymnastique_crossfit,conditionnement,sagittal,polyarticulaire,explosif,7,salle maison exterieur,poids_du_corps,0,repetitions,bilateral,3,2,0.97,derivee,forte,moyenne,moyenne,moyenne,faible,faible,faible,cf-traction-kipping,cf-traction-kipping,1
cf-chest-to-bar-kipping,Chest-to-bar kipping,CrossFit / WOD,Gymnastique CrossFit,Avancé,cf-traction-kipping,gymnastique_crossfit,conditionnement,sagittal,polyarticulaire,explosif,7,salle maison exterieur,poids_du_corps,0,repetitions,bilateral,3,2,0.97,derivee,forte,moyenne,moyenne,moyenne,faible,faible,faible,cf-traction-kipping,cf-traction-kipping,1
cf-chest-to-bar-butterfly,Chest-to-bar butterfly,CrossFit / WOD,Gymnastique CrossFit,Élite,cf-chest-to-bar-kipping,gymnastique_crossfit,conditionnement,sagittal,polyarticulaire,explosif,9,salle maison exterieur,poids_du_corps,0,repetitions,bilateral,3,3,0.97,derivee,forte,moyenne,moyenne,moyenne,faible,faible,faible,cf-chest-to-bar-kipping cf-traction-kipping,cf-traction-kipping,2
cf-toes-to-bar-kipping,Toes-to-bar kipping,CrossFit / WOD,Gymnastique CrossFit,Intermédiaire,,gymnastique_crossfit,conditionnement,sagittal,polyarticulaire,explosif,4,salle maison exterieur,poids_du_corps,0,repetitions,bilateral,3,2,,,forte,moyenne,moyenne,moyenne,faible,faible,faible,,cf-toes-to-bar-kipping,0
cf-knees-to-elbows-kipping,Knees-to-elbows kipping,CrossFit / WOD,Gymnastique CrossFit,Intermédiaire,cf-toes-to-bar-kipping,gymnastique_crossfit,conditionnement,sagittal,polyarticulaire,explosif,4,salle maison exterieur,poids_du_corps,0,repetitions,bilateral,3,2,,,forte,moyenne,moyenne,moyenne,faible,faible,faible,,cf-toes-to-bar-kipping,1
cf-hspu-kipping,HSPU kipping,CrossFit / WOD,Gymnastique CrossFit,Avancé,,gymnastique_crossfit,conditionnement,sagittal,polyarticulaire,explosif,7,salle maison exterieur,poids_du_corps,0,repetitions,bilateral,3,2,,,forte,moyenne,forte,moyenne,faible,faible,faible,,cf-hspu-kipping,0
cf-hspu-kipping-deficit,HSPU kipping en déficit,CrossFit / WOD,Gymnastique CrossFit,Élite,cf-hspu-kipping,gymnastique_crossfit,conditionnement,sagittal,polyarticulaire,explosif,9,salle maison exterieur,poids_du_corps,0,repetitions,bilateral,3,3,,,forte,moyenne,forte,moyenne,faible,faible,faible,cf-hspu-kipping,cf-hspu-kipping,1
cf-montee-corde-j-hook,Montée de corde en J-hook,CrossFit / WOD,Gymnastique CrossFit,Intermédiaire,,gymnastique_crossfit,conditionnement,sagittal,polyarticulaire,dynamique,4,salle exterieur,poids_du_corps,0,repetitions,alterne,3,2,0.97,derivee,forte,moyenne,moyenne,moyenne,faible,faible,faible,cf-tirage-corde-depuis-sol,cf-montee-corde-j-hook,0
cf-tirage-corde-depuis-sol,Tirage à la corde depuis le sol,CrossFit / WOD,Gymnastique CrossFit,Débutant,cf-montee-corde-j-hook,gymnastique_crossfit,conditionnement,sagittal,polyarticulaire,dynamique,2,salle exterieur,poids_du_corps,0,repetitions,alterne,2,2,,,forte,moyenne,moyenne,moyenne,faible,faible,faible,,cf-montee-corde-j-hook,1
ca-footing-endurance-fondamentale,Footing en endurance fondamentale,Cardio,Cardio continu,Débutant,,cardio_continu,cardio,sagittal,non_applicable,cyclique,2,exterieur,aucune,0,secondes,bilateral,3,2,,,faible,faible,faible,faible,moyenne,moyenne,moyenne,,ca-footing-endurance-fondamentale,0
ca-sortie-longue,Sortie longue en course à pied,Cardio,Cardio continu,Intermédiaire,ca-footing-endurance-fondamentale,cardio_continu,cardio,sagittal,non_applicable,cyclique,4,exterieur,aucune,0,secondes,bilateral,4,2,,,faible,faible,faible,faible,moyenne,moyenne,moyenne,ca-footing-endurance-fondamentale ca-course-tapis-endurance,ca-footing-endurance-fondamentale,1
ca-course-tapis-endurance,Course sur tapis en endurance,Cardio,Cardio continu,Débutant,ca-footing-endurance-fondamentale,cardio_continu,cardio,sagittal,non_applicable,cyclique,2,salle,aucune,0,secondes,bilateral,3,2,,,faible,faible,faible,faible,moyenne,moyenne,moyenne,,ca-footing-endurance-fondamentale,1
ca-course-seuil-tempo,Course à allure seuil (tempo run),Cardio,Cardio continu,Intermédiaire,,cardio_continu,cardio,sagittal,non_applicable,cyclique,4,exterieur,aucune,0,secondes,bilateral,4,2,,,faible,faible,faible,faible,moyenne,moyenne,moyenne,,ca-course-seuil-tempo,0
ca-rameur-endurance,Rameur en endurance,Cardio,Cardio continu,Débutant,,cardio_continu,cardio,sagittal,non_applicable,cyclique,2,salle,aucune,0,secondes,bilateral,3,2,,,faible,faible,faible,moyenne,moyenne,moyenne,faible,,ca-rameur-endurance,0
ca-rameur-intervalles-500m,Rameur en intervalles 500 m,Cardio,Cardio fractionné,Intermédiaire,ca-rameur-endurance,cardio_fractionne,cardio,sagittal,non_applicable,cyclique,4,salle,aucune,0,distance,bilateral,4,2,,,faible,faible,faible,moyenne,moyenne,moyenne,faible,ca-rameur-endurance,ca-rameur-endurance,1
ca-rameur-sprint,Rameur en sprint,Cardio,Sprint et vitesse,Intermédiaire,ca-rameur-endurance,sprint,cardio,sagittal,non_applicable,explosif,4,salle,aucune,0,secondes,bilateral,4,2,,,faible,faible,faible,moyenne,moyenne,moyenne,faible,ca-rameur-endurance,ca-rameur-endurance,1
ca-velo-endurance,Vélo en endurance,Cardio,Cardio continu,Débutant,,cardio_continu,cardio,sagittal,non_applicable,cyclique,2,salle maison exterieur,aucune,0,secondes,bilateral,3,2,,,faible,faible,faible,faible,moyenne,faible,faible,ca-velo-recuperation,ca-velo-endurance,0
ca-velo-recuperation,Vélo de récupération très léger,Cardio,Cardio continu,Débutant,ca-velo-endurance,cardio_continu,cardio,sagittal,non_applicable,cyclique,1,salle maison exterieur,aucune,0,secondes,bilateral,1,1,,,faible,faible,faible,faible,moyenne,faible,faible,,ca-velo-endurance,1
ca-velo-intervalles,Vélo en intervalles,Cardio,Cardio fractionné,Intermédiaire,ca-velo-endurance,cardio_fractionne,cardio,sagittal,non_applicable,cyclique,4,salle maison exterieur,aucune,0,secondes,bilateral,4,2,,,faible,faible,faible,faible,moyenne,faible,faible,ca-velo-endurance ca-velo-recuperation,ca-velo-endurance,1
ca-air-bike-endurance,Air bike en endurance,Cardio,Cardio continu,Débutant,,cardio_continu,cardio,sagittal,non_applicable,cyclique,2,salle,aucune,0,secondes,bilateral,3,2,,,faible,faible,faible,faible,moyenne,faible,faible,,ca-air-bike-endurance,0
ca-air-bike-calories,Air bike en intervalles aux calories,Cardio,Cardio fractionné,Intermédiaire,ca-air-bike-endurance,cardio_fractionne,cardio,sagittal,non_applicable,cyclique,4,salle,aucune,0,calories,bilateral,4,2,,,faible,faible,faible,faible,moyenne,faible,faible,ca-air-bike-endurance,ca-air-bike-endurance,1
ca-air-bike-sprints,Air bike en sprints,Cardio,Sprint et vitesse,Avancé,ca-air-bike-endurance,sprint,cardio,sagittal,non_applicable,explosif,7,salle,aucune,0,secondes,bilateral,4,2,,,faible,faible,faible,faible,moyenne,faible,faible,ca-air-bike-endurance ca-air-bike-calories,ca-air-bike-endurance,1
ca-skierg-endurance,SkiErg en endurance,Cardio,Cardio continu,Débutant,,cardio_continu,cardio,sagittal,non_applicable,cyclique,2,salle,aucune,0,secondes,bilateral,3,2,,,moyenne,faible,faible,moyenne,faible,moyenne,faible,,ca-skierg-endurance,0
ca-skierg-intervalles,SkiErg en intervalles,Cardio,Cardio fractionné,Intermédiaire,ca-skierg-endurance,cardio_fractionne,cardio,sagittal,non_applicable,cyclique,4,salle,aucune,0,secondes,bilateral,4,2,,,moyenne,faible,faible,moyenne,faible,moyenne,faible,ca-skierg-endurance,ca-skierg-endurance,1
ca-skierg-sprint,SkiErg en sprint,Cardio,Sprint et vitesse,Intermédiaire,ca-skierg-endurance,sprint,cardio,sagittal,non_applicable,explosif,4,salle,aucune,0,secondes,bilateral,4,2,,,moyenne,faible,faible,moyenne,faible,moyenne,faible,ca-skierg-endurance,ca-skierg-endurance,1
ca-natation-crawl-endurance,Natation crawl en endurance,Cardio,Cardio continu,Intermédiaire,,cardio_continu,cardio,multiple,non_applicable,cyclique,4,salle,aucune,0,secondes,alterne,3,2,,,moyenne,faible,faible,faible,faible,faible,faible,,ca-natation-crawl-endurance,0
ca-natation-crawl-fractionne,Natation crawl en fractionné,Cardio,Cardio fractionné,Intermédiaire,ca-natation-crawl-endurance,cardio_fractionne,cardio,multiple,non_applicable,cyclique,4,salle,aucune,0,secondes,alterne,4,2,,,moyenne,faible,faible,faible,faible,faible,faible,,ca-natation-crawl-endurance,1
ca-fractionne-court-200m,Fractionné court 200 m,Cardio,Cardio fractionné,Intermédiaire,,cardio_fractionne,cardio,sagittal,non_applicable,cyclique,4,exterieur,aucune,0,distance,bilateral,4,2,,,faible,faible,faible,faible,moyenne,moyenne,moyenne,,ca-fractionne-court-200m,0
ca-fractionne-400m,Fractionné 400 m,Cardio,Cardio fractionné,Intermédiaire,,cardio_fractionne,cardio,sagittal,non_applicable,cyclique,4,exterieur,aucune,0,distance,bilateral,4,2,,,faible,faible,faible,faible,moyenne,moyenne,moyenne,,ca-fractionne-400m,0
ca-fractionne-long-1000m,Fractionné long 1000 m,Cardio,Cardio fractionné,Intermédiaire,,cardio_fractionne,cardio,sagittal,non_applicable,cyclique,4,exterieur,aucune,0,distance,bilateral,4,2,,,faible,faible,faible,faible,moyenne,moyenne,moyenne,,ca-fractionne-long-1000m,0
ca-fartlek,Fartlek,Cardio,Cardio fractionné,Débutant,,cardio_fractionne,cardio,sagittal,non_applicable,cyclique,2,exterieur,aucune,0,secondes,bilateral,4,2,,,faible,faible,faible,faible,moyenne,moyenne,moyenne,,ca-fartlek,0
ca-course-30-30,Course en 30/30,Cardio,Cardio fractionné,Débutant,,cardio_fractionne,cardio,sagittal,non_applicable,cyclique,2,exterieur,aucune,0,secondes,bilateral,4,2,,,faible,faible,faible,faible,moyenne,moyenne,moyenne,,ca-course-30-30,0
ca-cotes-longues,Fractionné en côtes longues,Cardio,Cardio fractionné,Intermédiaire,,cardio_fractionne,cardio,sagittal,non_applicable,cyclique,4,exterieur,aucune,0,secondes,bilateral,4,2,,,faible,faible,faible,faible,moyenne,moyenne,moyenne,,ca-cotes-longues,0
ca-course-tapis-incline-intervalles,Course sur tapis incliné en intervalles,Cardio,Cardio fractionné,Intermédiaire,ca-cotes-longues,cardio_fractionne,cardio,sagittal,non_applicable,cyclique,4,salle,aucune,0,secondes,bilateral,4,2,,,faible,faible,faible,faible,moyenne,moyenne,moyenne,,ca-cotes-longues,1
ca-montee-escaliers,Montée d'escaliers en fractionné,Cardio,Cardio fractionné,Intermédiaire,,cardio_fractionne,cardio,sagittal,non_applicable,cyclique,4,exterieur,aucune,0,secondes,bilateral,4,2,,,faible,faible,faible,faible,moyenne,moyenne,moyenne,,ca-montee-escaliers,0
ca-sprint,Sprint,Cardio,Sprint et vitesse,Intermédiaire,,sprint,cardio,sagittal,non_applicable,explosif,4,exterieur,aucune,0,distance,bilateral,4,2,,,faible,faible,faible,faible,moyenne,moyenne,forte,,ca-sprint,0
ca-sprints-repetes,Sprints répétés 10 × 50 m,Cardio,Sprint et vitesse,Avancé,ca-sprint,sprint,cardio,sagittal,non_applicable,explosif,7,exterieur,aucune,0,distance,bilateral,5,2,,,faible,faible,faible,faible,moyenne,moyenne,forte,ca-sprint ca-sprint-cote,ca-sprint,1
ca-sprint-cote,Sprint en côte,Cardio,Sprint et vitesse,Intermédiaire,ca-sprint,sprint,cardio,sagittal,non_applicable,explosif,4,exterieur,aucune,0,distance,bilateral,4,2,,,faible,faible,faible,faible,moyenne,moyenne,forte,,ca-sprint,1
ca-navettes,Course en navettes,Cardio,Sprint et vitesse,Intermédiaire,,sprint,cardio,sagittal,non_applicable,explosif,4,exterieur,aucune,0,distance,bilateral,4,2,,,faible,faible,faible,faible,moyenne,moyenne,forte,,ca-navettes,0
ca-accelerations-progressives,Accélérations progressives en ligne droite,Cardio,Sprint et vitesse,Débutant,,sprint,cardio,sagittal,non_applicable,explosif,2,exterieur,aucune,0,distance,bilateral,2,1,,,faible,faible,faible,faible,moyenne,moyenne,forte,,ca-accelerations-progressives,0
ca-educatif-montees-genoux,Éducatif de course montées de genoux,Cardio,Sprint et vitesse,Débutant,,sprint,cardio,sagittal,non_applicable,cyclique,2,exterieur,aucune,0,distance,alterne,2,1,,,faible,faible,faible,faible,moyenne,moyenne,forte,,ca-educatif-montees-genoux,0
ca-educatif-talons-fesses,Éducatif de course talons-fesses,Cardio,Sprint et vitesse,Débutant,,sprint,cardio,sagittal,non_applicable,cyclique,2,exterieur,aucune,0,distance,alterne,2,1,,,faible,faible,faible,faible,moyenne,moyenne,forte,,ca-educatif-talons-fesses,0
ca-educatif-foulees-jambes-tendues,Éducatif de course jambes tendues (griffé),Cardio,Sprint et vitesse,Intermédiaire,,sprint,cardio,sagittal,non_applicable,cyclique,4,exterieur,aucune,0,distance,bilateral,2,1,,,faible,faible,faible,faible,moyenne,moyenne,forte,,ca-educatif-foulees-jambes-tendues,0
ca-educatif-pas-chasses,Pas chassés latéraux (éducatif de course),Cardio,Sprint et vitesse,Débutant,,sprint,cardio,frontal,non_applicable,cyclique,2,exterieur,aucune,0,distance,alterne,2,1,,,faible,faible,faible,faible,moyenne,moyenne,forte,,ca-educatif-pas-chasses,0
ca-corde-sauts-simples,Corde à sauter sauts simples,Cardio,Corde à sauter,Débutant,,corde_a_sauter,cardio,sagittal,non_applicable,cyclique,2,salle maison exterieur,aucune,0,secondes,bilateral,3,2,,,faible,faible,faible,faible,moyenne,faible,forte,,ca-corde-sauts-simples,0
ca-corde-pas-alternes,Corde à sauter en pas alternés,Cardio,Corde à sauter,Débutant,ca-corde-sauts-simples,corde_a_sauter,cardio,sagittal,non_applicable,cyclique,2,salle maison exterieur,aucune,0,secondes,alterne,3,2,,,faible,faible,faible,faible,moyenne,faible,forte,,ca-corde-sauts-simples,1
ca-corde-unipodale,Corde à sauter unipodale,Cardio,Corde à sauter,Intermédiaire,ca-corde-sauts-simples,corde_a_sauter,cardio,sagittal,non_applicable,cyclique,4,salle maison exterieur,aucune,0,secondes,unilateral,3,2,,,faible,faible,faible,faible,moyenne,faible,forte,ca-corde-sauts-simples ca-corde-pas-alternes,ca-corde-sauts-simples,1
ca-corde-double-unders,Double-unders,Cardio,Corde à sauter,Intermédiaire,ca-corde-sauts-simples,corde_a_sauter,cardio,sagittal,non_applicable,cyclique,4,salle maison exterieur,aucune,0,repetitions,bilateral,3,2,,,faible,faible,faible,faible,moyenne,faible,forte,ca-corde-sauts-simples ca-corde-pas-alternes,ca-corde-sauts-simples,1
ca-corde-triple-unders,Triple-unders,Cardio,Corde à sauter,Élite,ca-corde-double-unders,corde_a_sauter,cardio,sagittal,non_applicable,cyclique,9,salle maison exterieur,aucune,0,repetitions,bilateral,3,2,,,faible,faible,faible,faible,moyenne,faible,forte,ca-corde-double-unders ca-corde-sauts-simples,ca-corde-sauts-simples,2
ca-corde-croises,Corde à sauter en croisés,Cardio,Corde à sauter,Intermédiaire,ca-corde-sauts-simples,corde_a_sauter,cardio,sagittal,non_applicable,cyclique,4,salle maison exterieur,aucune,0,repetitions,bilateral,3,2,,,faible,faible,faible,faible,moyenne,faible,forte,ca-corde-sauts-simples ca-corde-pas-alternes,ca-corde-sauts-simples,1
ca-corde-lestee,Corde à sauter lestée,Cardio,Corde à sauter,Intermédiaire,ca-corde-sauts-simples,corde_a_sauter,cardio,sagittal,non_applicable,cyclique,4,salle maison exterieur,aucune,0,secondes,bilateral,3,2,,,faible,faible,faible,faible,moyenne,faible,forte,ca-corde-sauts-simples ca-corde-pas-alternes,ca-corde-sauts-simples,1
ca-marche-rapide,Marche rapide,Cardio,Marche et portage,Débutant,,marche,cardio,sagittal,non_applicable,cyclique,2,salle maison exterieur,aucune,0,secondes,bilateral,2,1,,,faible,faible,faible,faible,faible,faible,faible,,ca-marche-rapide,0
ca-marche-recuperation,Marche de récupération,Cardio,Marche et portage,Débutant,,marche,cardio,sagittal,non_applicable,cyclique,2,salle maison exterieur,aucune,0,secondes,bilateral,1,1,,,faible,faible,faible,faible,faible,faible,faible,,ca-marche-recuperation,0
ca-marche-lestee-ruck,Marche lestée au sac à dos (ruck),Cardio,Marche et portage,Intermédiaire,,marche,cardio,sagittal,non_applicable,cyclique,4,exterieur,lest,0,secondes,bilateral,2,1,,,faible,faible,faible,moyenne,moyenne,faible,faible,,ca-marche-lestee-ruck,0
ca-marche-lestee-denivele,Marche lestée en dénivelé,Cardio,Marche et portage,Avancé,ca-marche-lestee-ruck,marche,cardio,sagittal,non_applicable,cyclique,7,exterieur,lest,0,secondes,bilateral,3,2,,,faible,faible,faible,moyenne,moyenne,faible,faible,,ca-marche-lestee-ruck,1
ca-marche-tapis-incline,Marche sur tapis incliné,Cardio,Marche et portage,Débutant,,marche,cardio,sagittal,non_applicable,cyclique,2,salle,aucune,0,secondes,bilateral,2,1,,,faible,faible,faible,faible,faible,faible,faible,,ca-marche-tapis-incline,0
mo-cars-epaule,CARs d'épaule,Mobilité,Mobilité articulaire,Débutant,,mobilite_articulaire,mobilite,multiple,non_applicable,dynamique,1,salle maison exterieur,aucune,0,repetitions,alterne,1,1,,,faible,faible,faible,faible,faible,faible,faible,,mo-cars-epaule,0
mo-wall-slides,Wall slides dos au mur,Mobilité,Mobilité articulaire,Débutant,,mobilite_articulaire,mobilite,multiple,non_applicable,dynamique,1,salle maison exterieur,aucune,0,repetitions,bilateral,1,1,,,faible,faible,faible,faible,faible,faible,faible,,mo-wall-slides,0
mo-wall-slides-avant-bras-face-mur,Glissé des avant-bras face au mur,Mobilité,Mobilité articulaire,Débutant,mo-wall-slides,mobilite_articulaire,mobilite,multiple,non_applicable,dynamique,1,salle maison exterieur,aucune,0,repetitions,bilateral,1,1,,,faible,faible,faible,faible,faible,faible,faible,,mo-wall-slides,1
mo-lift-off-rotation-externe-90-90,Lift-off en rotation externe 90/90 allongé ventral,Mobilité,Mobilité articulaire,Intermédiaire,,mobilite_articulaire,mobilite,multiple,non_applicable,dynamique,3,salle maison exterieur,aucune,0,repetitions,unilateral,1,1,,,faible,faible,faible,faible,faible,faible,faible,,mo-lift-off-rotation-externe-90-90,0
mo-table-inversee,Table inversée,Mobilité,Mobilité articulaire,Débutant,,mobilite_articulaire,mobilite,multiple,non_applicable,dynamique,1,salle maison exterieur,aucune,0,repetitions,bilateral,1,1,,,faible,faible,faible,faible,faible,faible,faible,,mo-table-inversee,0
mo-rotations-poignets,Rotations des poignets doigts entrelacés,Mobilité,Mobilité articulaire,Débutant,,mobilite_articulaire,mobilite,multiple,non_applicable,dynamique,1,salle maison exterieur,aucune,0,repetitions,bilateral,1,1,,,faible,faible,faible,faible,faible,faible,faible,,mo-rotations-poignets,0
mo-wrist-push-ups,Wrist push-ups,Mobilité,Mobilité articulaire,Débutant,,mobilite_articulaire,mobilite,multiple,non_applicable,dynamique,1,salle maison exterieur,aucune,0,repetitions,bilateral,1,1,,,faible,faible,faible,faible,faible,faible,faible,,mo-wrist-push-ups,0
mo-pressions-doigts-appui,Pressions des doigts en appui,Mobilité,Mobilité articulaire,Débutant,,mobilite_articulaire,mobilite,multiple,non_applicable,dynamique,1,salle maison exterieur,aucune,0,repetitions,bilateral,1,1,,,faible,faible,faible,faible,faible,faible,faible,,mo-pressions-doigts-appui,0
mo-rotations-coudes-appui,Rotations des coudes en appui,Mobilité,Mobilité articulaire,Débutant,,mobilite_articulaire,mobilite,multiple,non_applicable,dynamique,1,salle maison exterieur,aucune,0,repetitions,bilateral,1,1,,,faible,faible,faible,faible,faible,faible,faible,,mo-rotations-coudes-appui,0
mo-cat-cow,Cat-cow,Mobilité,Mobilité articulaire,Débutant,,mobilite_articulaire,mobilite,multiple,non_applicable,dynamique,1,salle maison exterieur,aucune,0,repetitions,bilateral,1,1,,,faible,faible,faible,faible,faible,faible,faible,,mo-cat-cow,0
mo-open-book,Open book,Mobilité,Mobilité articulaire,Débutant,,mobilite_articulaire,mobilite,multiple,non_applicable,dynamique,1,salle maison exterieur,aucune,0,repetitions,alterne,1,1,,,faible,faible,faible,faible,faible,faible,faible,,mo-open-book,0
mo-rotation-thoracique-quatre-pattes,Rotation thoracique à quatre pattes main derrière la tête,Mobilité,Mobilité articulaire,Débutant,,mobilite_articulaire,mobilite,multiple,non_applicable,dynamique,1,salle maison exterieur,aucune,0,repetitions,alterne,1,1,,,faible,faible,faible,faible,faible,faible,faible,,mo-rotation-thoracique-quatre-pattes,0
mo-extension-thoracique-rouleau,Extension thoracique sur rouleau,Mobilité,Mobilité articulaire,Débutant,,mobilite_articulaire,mobilite,multiple,non_applicable,dynamique,1,salle maison exterieur,aucune,0,repetitions,bilateral,1,1,,,faible,faible,faible,faible,faible,faible,faible,,mo-extension-thoracique-rouleau,0
mo-mobilite-cou-trois-plans,Mobilité douce du cou en trois plans,Mobilité,Mobilité articulaire,Débutant,,mobilite_articulaire,mobilite,multiple,non_applicable,dynamique,1,salle maison exterieur,aucune,0,repetitions,bilateral,1,1,,,faible,faible,faible,faible,faible,faible,faible,,mo-mobilite-cou-trois-plans,0
mo-retraction-menton,Rétraction du menton,Mobilité,Mobilité articulaire,Débutant,,mobilite_articulaire,mobilite,multiple,non_applicable,dynamique,1,salle maison exterieur,aucune,0,repetitions,bilateral,1,1,,,faible,faible,faible,faible,faible,faible,faible,,mo-retraction-menton,0
mo-routine-mobilite-epaules-poignets,Routine mobilité épaules et poignets,Mobilité,Mobilité articulaire,Débutant,,mobilite_articulaire,mobilite,multiple,non_applicable,dynamique,1,salle maison exterieur,aucune,0,secondes,bilateral,1,1,,,faible,faible,faible,faible,faible,faible,faible,,mo-routine-mobilite-epaules-poignets,0
mo-routine-mobilite-complete,Routine mobilité complète,Mobilité,Mobilité articulaire,Débutant,,mobilite_articulaire,mobilite,multiple,non_applicable,dynamique,1,salle maison exterieur,aucune,0,secondes,bilateral,1,1,,,faible,faible,faible,faible,faible,faible,faible,,mo-routine-mobilite-complete,0
mo-cars-hanche,CARs de hanche,Mobilité,Mobilité articulaire,Débutant,,mobilite_articulaire,mobilite,multiple,non_applicable,dynamique,1,salle maison exterieur,aucune,0,repetitions,alterne,1,1,,,faible,faible,faible,faible,faible,faible,faible,,mo-cars-hanche,0
mo-squat-profond-tenu,Squat profond tenu,Mobilité,Mobilité articulaire,Débutant,,mobilite_articulaire,mobilite,multiple,non_applicable,isometrique,1,salle maison exterieur,aucune,0,secondes,bilateral,1,1,,,faible,faible,faible,faible,faible,faible,faible,,mo-squat-profond-tenu,0
mo-rotation-interne-hanche-quadrupedie,Rotation interne active de hanche en quadrupédie,Mobilité,Mobilité articulaire,Débutant,,mobilite_articulaire,mobilite,multiple,non_applicable,dynamique,1,salle maison exterieur,aucune,0,repetitions,unilateral,1,1,,,faible,faible,faible,faible,faible,faible,faible,,mo-rotation-interne-hanche-quadrupedie,0
mo-cheville-genou-mur,Mobilisation cheville genou au mur,Mobilité,Mobilité articulaire,Débutant,,mobilite_articulaire,mobilite,multiple,non_applicable,dynamique,1,salle maison exterieur,aucune,0,repetitions,bilateral,1,1,,,faible,faible,faible,faible,faible,faible,faible,,mo-cheville-genou-mur,0
mo-flexion-dorsale-lestee,Flexion dorsale lestée en fente,Mobilité,Mobilité articulaire,Intermédiaire,mo-cheville-genou-mur,mobilite_articulaire,mobilite,multiple,non_applicable,dynamique,3,salle maison,aucune,0,repetitions,unilateral,1,1,,,faible,faible,faible,faible,faible,faible,faible,mo-cheville-genou-mur,mo-cheville-genou-mur,1
mo-cars-cheville,CARs de cheville,Mobilité,Mobilité articulaire,Débutant,,mobilite_articulaire,mobilite,multiple,non_applicable,dynamique,1,salle maison exterieur,aucune,0,repetitions,alterne,1,1,,,faible,faible,faible,faible,faible,faible,faible,,mo-cars-cheville,0
mo-marche-talons,Marche sur les talons,Mobilité,Mobilité articulaire,Débutant,,mobilite_articulaire,mobilite,multiple,non_applicable,dynamique,1,salle maison exterieur,aucune,0,secondes,bilateral,1,1,,,faible,faible,faible,faible,faible,faible,faible,,mo-marche-talons,0
mo-marche-pointes,Marche sur la pointe des pieds,Mobilité,Mobilité articulaire,Débutant,mo-marche-talons,mobilite_articulaire,mobilite,multiple,non_applicable,dynamique,1,salle maison exterieur,aucune,0,secondes,bilateral,1,1,,,faible,faible,faible,faible,faible,faible,faible,,mo-marche-talons,1
mo-toe-yoga,Toe yoga (dissociation des orteils),Mobilité,Mobilité articulaire,Débutant,,mobilite_articulaire,mobilite,multiple,non_applicable,dynamique,1,salle maison exterieur,aucune,0,repetitions,bilateral,1,1,,,faible,faible,faible,faible,faible,faible,faible,,mo-toe-yoga,0
mo-etirement-pectoral-cadre-porte,Étirement pectoral au cadre de porte,Mobilité,Étirement statique,Débutant,,etirement_statique,mobilite,multiple,non_applicable,passif,1,salle maison exterieur,aucune,0,secondes,unilateral,1,1,,,faible,faible,faible,faible,faible,faible,faible,,mo-etirement-pectoral-cadre-porte,0
mo-etirement-grand-dorsal-banc,Étirement du grand dorsal coudes sur banc,Mobilité,Étirement statique,Débutant,,etirement_statique,mobilite,multiple,non_applicable,passif,1,salle maison exterieur,aucune,0,secondes,bilateral,1,1,,,faible,faible,faible,faible,faible,faible,faible,,mo-etirement-grand-dorsal-banc,0
mo-etirement-grand-dorsal-barre,Étirement du grand dorsal en charnière à la barre,Mobilité,Étirement statique,Débutant,,etirement_statique,mobilite,multiple,non_applicable,passif,1,salle exterieur,aucune,0,secondes,bilateral,1,1,,,faible,faible,faible,faible,faible,faible,faible,,mo-etirement-grand-dorsal-barre,0
mo-etirement-chiot,Étirement en chiot (ouverture d'épaules au sol),Mobilité,Étirement statique,Débutant,,etirement_statique,mobilite,multiple,non_applicable,passif,1,salle maison exterieur,aucune,0,secondes,bilateral,1,1,,,faible,faible,faible,faible,faible,faible,faible,,mo-etirement-chiot,0
mo-etirement-triceps-bras-au-dessus-tete,Étirement du triceps bras au-dessus de la tête,Mobilité,Étirement statique,Débutant,,etirement_statique,mobilite,multiple,non_applicable,passif,1,salle maison exterieur,aucune,0,secondes,bilateral,1,1,,,faible,faible,faible,faible,faible,faible,faible,,mo-etirement-triceps-bras-au-dessus-tete,0
mo-sleeper-stretch,Sleeper stretch,Mobilité,Étirement statique,Débutant,,etirement_statique,mobilite,multiple,non_applicable,passif,1,salle maison exterieur,aucune,0,secondes,unilateral,1,1,,,faible,faible,faible,faible,faible,faible,faible,,mo-sleeper-stretch,0
mo-etirement-capsule-posterieure-bras-croise,Étirement de la capsule postérieure bras croisé,Mobilité,Étirement statique,Débutant,,etirement_statique,mobilite,multiple,non_applicable,passif,1,salle maison exterieur,aucune,0,secondes,unilateral,1,1,,,faible,faible,faible,faible,faible,faible,faible,,mo-etirement-capsule-posterieure-bras-croise,0
mo-rotation-externe-assistee-baton,Étirement en rotation externe assisté au bâton,Mobilité,Étirement statique,Débutant,,etirement_statique,mobilite,multiple,non_applicable,passif,1,salle maison exterieur,aucune,0,secondes,unilateral,1,1,,,faible,faible,faible,faible,faible,faible,faible,,mo-rotation-externe-assistee-baton,0
mo-ouverture-epaules-extension-banc,Ouverture d'épaules en extension mains sur banc,Mobilité,Étirement statique,Débutant,,etirement_statique,mobilite,multiple,non_applicable,passif,1,salle maison exterieur,aucune,0,secondes,bilateral,1,1,,,faible,faible,faible,faible,faible,faible,faible,,mo-ouverture-epaules-extension-banc,0
mo-extension-epaules-assis-sol,Étirement des épaules en extension assis au sol,Mobilité,Étirement statique,Débutant,mo-ouverture-epaules-extension-banc,etirement_statique,mobilite,multiple,non_applicable,passif,1,salle maison exterieur,aucune,0,secondes,bilateral,1,1,,,faible,faible,faible,faible,faible,faible,faible,,mo-ouverture-epaules-extension-banc,1
mo-etirement-bas-dips-barres,Étirement en bas de dips aux barres parallèles,Mobilité,Étirement statique,Intermédiaire,,etirement_statique,mobilite,multiple,non_applicable,passif,3,salle exterieur,aucune,0,secondes,bilateral,1,1,,,faible,faible,faible,faible,faible,faible,faible,,mo-etirement-bas-dips-barres,0
mo-appui-dos-des-mains,Étirement en appui sur le dos des mains,Mobilité,Étirement statique,Débutant,,etirement_statique,mobilite,multiple,non_applicable,passif,1,salle maison exterieur,aucune,0,secondes,bilateral,1,1,,,faible,faible,faible,faible,faible,faible,faible,,mo-appui-dos-des-mains,0
mo-etirement-flechisseurs-poignet-bras-tendu,Étirement des fléchisseurs du poignet bras tendu,Mobilité,Étirement statique,Débutant,,etirement_statique,mobilite,multiple,non_applicable,passif,1,salle maison exterieur,aucune,0,secondes,unilateral,1,1,,,faible,faible,faible,faible,faible,faible,faible,,mo-etirement-flechisseurs-poignet-bras-tendu,0
mo-etirement-extenseurs-poignet-bras-tendu,Étirement des extenseurs du poignet bras tendu,Mobilité,Étirement statique,Débutant,,etirement_statique,mobilite,multiple,non_applicable,passif,1,salle maison exterieur,aucune,0,secondes,unilateral,1,1,,,faible,faible,faible,faible,faible,faible,faible,,mo-etirement-extenseurs-poignet-bras-tendu,0
mo-etirement-biceps-mur,Étirement du biceps au mur,Mobilité,Étirement statique,Débutant,,etirement_statique,mobilite,multiple,non_applicable,passif,1,salle maison exterieur,aucune,0,secondes,unilateral,1,1,,,faible,faible,faible,faible,faible,faible,faible,,mo-etirement-biceps-mur,0
mo-thread-the-needle,Thread the needle,Mobilité,Étirement statique,Débutant,,etirement_statique,mobilite,multiple,non_applicable,passif,1,salle maison exterieur,aucune,0,secondes,alterne,1,1,,,faible,faible,faible,faible,faible,faible,faible,,mo-thread-the-needle,0
mo-cobra,Cobra (extension du rachis au sol),Mobilité,Étirement statique,Débutant,,etirement_statique,mobilite,multiple,non_applicable,passif,1,salle maison exterieur,aucune,0,secondes,bilateral,1,1,,,faible,faible,faible,faible,faible,faible,faible,,mo-cobra,0
mo-etirement-trapeze-superieur,Étirement du trapèze supérieur,Mobilité,Étirement statique,Débutant,,etirement_statique,mobilite,multiple,non_applicable,passif,1,salle maison exterieur,aucune,0,secondes,unilateral,1,1,,,faible,faible,faible,faible,faible,faible,faible,,mo-etirement-trapeze-superieur,0
mo-etirement-elevateur-scapula,Étirement de l'élévateur de la scapula,Mobilité,Étirement statique,Débutant,mo-etirement-trapeze-superieur,etirement_statique,mobilite,multiple,non_applicable,passif,1,salle maison exterieur,aucune,0,secondes,unilateral,1,1,,,faible,faible,faible,faible,faible,faible,faible,,mo-etirement-trapeze-superieur,1
mo-90-90-passif,Mobilité hanches 90/90 passive,Mobilité,Étirement statique,Débutant,,etirement_statique,mobilite,multiple,non_applicable,passif,1,salle maison exterieur,aucune,0,secondes,bilateral,1,1,,,faible,faible,faible,faible,faible,faible,faible,,mo-90-90-passif,0
mo-90-90-actif-leves,90/90 actif avec levées de jambe,Mobilité,Mobilité articulaire,Intermédiaire,mo-90-90-passif,mobilite_articulaire,mobilite,multiple,non_applicable,dynamique,3,salle maison exterieur,aucune,0,repetitions,bilateral,1,1,,,faible,faible,faible,faible,faible,faible,faible,mo-90-90-passif mo-90-90-transitions,mo-90-90-passif,1
mo-90-90-transitions,Transitions 90/90 (essuie-glaces assis),Mobilité,Étirement dynamique,Débutant,mo-90-90-passif,etirement_dynamique,mobilite,multiple,non_applicable,dynamique,1,salle maison exterieur,aucune,0,repetitions,alterne,1,1,,,faible,faible,faible,faible,faible,faible,faible,,mo-90-90-passif,1
mo-shin-box-releve,Shin box avec relevé à genoux,Mobilité,Mobilité articulaire,Intermédiaire,mo-90-90-passif,mobilite_articulaire,mobilite,multiple,non_applicable,dynamique,3,salle maison exterieur,aucune,0,repetitions,bilateral,1,1,,,faible,faible,faible,faible,faible,faible,faible,mo-90-90-passif mo-90-90-transitions,mo-90-90-passif,1
mo-pigeon-sol,Pigeon au sol,Mobilité,Étirement statique,Débutant,,etirement_statique,mobilite,multiple,non_applicable,passif,1,salle maison exterieur,aucune,0,secondes,unilateral,1,1,,,faible,faible,faible,faible,faible,faible,faible,,mo-pigeon-sol,0
mo-pigeon-banc,Pigeon sur banc ou box,Mobilité,Étirement statique,Débutant,mo-pigeon-sol,etirement_statique,mobilite,multiple,non_applicable,passif,1,salle maison exterieur,aucune,0,secondes,unilateral,1,1,,,faible,faible,faible,faible,faible,faible,faible,,mo-pigeon-sol,1
mo-couch-stretch,Couch stretch,Mobilité,Étirement statique,Intermédiaire,,etirement_statique,mobilite,multiple,non_applicable,passif,3,salle maison exterieur,aucune,0,secondes,unilateral,1,1,,,faible,faible,faible,faible,faible,faible,faible,,mo-couch-stretch,0
mo-flechisseurs-hanche-semi-agenouille,Étirement des fléchisseurs de hanche en semi-agenouillé,Mobilité,Étirement statique,Débutant,,etirement_statique,mobilite,multiple,non_applicable,passif,1,salle maison exterieur,aucune,0,secondes,unilateral,1,1,,,faible,faible,faible,faible,faible,faible,faible,,mo-flechisseurs-hanche-semi-agenouille,0
mo-fente-basse-etirement,Fente basse étirement de hanche,Mobilité,Étirement statique,Débutant,mo-flechisseurs-hanche-semi-agenouille,etirement_statique,mobilite,multiple,non_applicable,passif,1,salle maison exterieur,aucune,0,secondes,unilateral,1,1,,,faible,faible,faible,faible,faible,faible,faible,,mo-flechisseurs-hanche-semi-agenouille,1
mo-frog-stretch,Frog stretch (grenouille),Mobilité,Étirement statique,Intermédiaire,,etirement_statique,mobilite,multiple,non_applicable,passif,3,salle maison exterieur,aucune,0,secondes,bilateral,1,1,,,faible,faible,faible,faible,faible,faible,faible,,mo-frog-stretch,0
mo-papillon,Papillon assis,Mobilité,Étirement statique,Débutant,,etirement_statique,mobilite,multiple,non_applicable,passif,1,salle maison exterieur,aucune,0,secondes,bilateral,1,1,,,faible,faible,faible,faible,faible,faible,faible,,mo-papillon,0
mo-figure-4-allonge,Étirement fessier en figure 4 allongé,Mobilité,Étirement statique,Débutant,,etirement_statique,mobilite,multiple,non_applicable,passif,1,salle maison exterieur,aucune,0,secondes,unilateral,1,1,,,faible,faible,faible,faible,faible,faible,faible,,mo-figure-4-allonge,0
mo-adducteurs-fente-laterale,Étirement adducteurs debout en fente latérale,Mobilité,Étirement statique,Débutant,,etirement_statique,mobilite,multiple,non_applicable,passif,1,salle maison exterieur,aucune,0,secondes,unilateral,1,1,,,faible,faible,faible,faible,faible,faible,faible,,mo-adducteurs-fente-laterale,0
mo-chaine-posterieure-flexion-avant-debout,Étirement chaîne postérieure en flexion avant debout,Mobilité,Étirement statique,Débutant,,etirement_statique,mobilite,multiple,non_applicable,passif,1,salle maison exterieur,aucune,0,secondes,bilateral,1,1,,,faible,faible,faible,faible,faible,faible,faible,,mo-chaine-posterieure-flexion-avant-debout,0
mo-ischio-debout-pied-sureleve,Étirement ischio-jambiers debout pied surélevé,Mobilité,Étirement statique,Débutant,mo-chaine-posterieure-flexion-avant-debout,etirement_statique,mobilite,multiple,non_applicable,passif,1,salle maison exterieur,aucune,0,secondes,unilateral,1,1,,,faible,faible,faible,faible,faible,faible,faible,,mo-chaine-posterieure-flexion-avant-debout,1
mo-ischio-assis-unilateral,Étirement ischio-jambiers assis unilatéral,Mobilité,Étirement statique,Débutant,,etirement_statique,mobilite,multiple,non_applicable,passif,1,salle maison exterieur,aucune,0,secondes,unilateral,1,1,,,faible,faible,faible,faible,faible,faible,faible,,mo-ischio-assis-unilateral,0
mo-ischio-allonge-elastique,Étirement ischio-jambiers allongé à l'élastique,Mobilité,Étirement statique,Débutant,,etirement_statique,mobilite,multiple,non_applicable,passif,1,salle maison exterieur,aucune,0,secondes,unilateral,1,1,,,faible,faible,faible,faible,faible,faible,faible,,mo-ischio-allonge-elastique,0
mo-etirement-gastrocnemiens-mur,Étirement des gastrocnémiens au mur jambe tendue,Mobilité,Étirement statique,Débutant,,etirement_statique,mobilite,multiple,non_applicable,passif,1,salle maison exterieur,aucune,0,secondes,unilateral,1,1,,,faible,faible,faible,faible,faible,faible,faible,,mo-etirement-gastrocnemiens-mur,0
mo-etirement-soleaire-mur,Étirement du soléaire au mur genou fléchi,Mobilité,Étirement statique,Débutant,mo-etirement-gastrocnemiens-mur,etirement_statique,mobilite,multiple,non_applicable,passif,1,salle maison exterieur,aucune,0,secondes,unilateral,1,1,,,faible,faible,faible,faible,faible,faible,faible,,mo-etirement-gastrocnemiens-mur,1
mo-etirement-mollets-marche,Étirement des mollets talon dans le vide sur marche,Mobilité,Étirement statique,Débutant,mo-etirement-gastrocnemiens-mur,etirement_statique,mobilite,multiple,non_applicable,passif,1,salle maison exterieur,aucune,0,secondes,bilateral,1,1,,,faible,faible,faible,faible,faible,faible,faible,,mo-etirement-gastrocnemiens-mur,1
mo-extension-orteils-agenouille,Étirement des orteils en extension agenouillé,Mobilité,Étirement statique,Débutant,,etirement_statique,mobilite,multiple,non_applicable,passif,1,salle maison exterieur,aucune,0,secondes,bilateral,1,1,,,faible,faible,faible,faible,faible,faible,faible,,mo-extension-orteils-agenouille,0
mo-etirement-dessus-pied,Étirement du dessus du pied assis sur les talons,Mobilité,Étirement statique,Débutant,,etirement_statique,mobilite,multiple,non_applicable,passif,1,salle maison exterieur,aucune,0,secondes,bilateral,1,1,,,faible,faible,faible,faible,faible,faible,faible,,mo-etirement-dessus-pied,0
mo-dislocations-epaules-baton,Dislocations d'épaules au bâton,Mobilité,Étirement dynamique,Débutant,,etirement_dynamique,mobilite,multiple,non_applicable,dynamique,1,salle maison exterieur,aucune,0,repetitions,bilateral,1,1,,,faible,faible,faible,faible,faible,faible,faible,,mo-dislocations-epaules-baton,0
mo-dislocations-epaules-elastique,Dislocations d'épaules à l'élastique,Mobilité,Étirement dynamique,Débutant,mo-dislocations-epaules-baton,etirement_dynamique,mobilite,multiple,non_applicable,dynamique,1,salle maison exterieur,aucune,0,repetitions,bilateral,1,1,,,faible,faible,faible,faible,faible,faible,faible,,mo-dislocations-epaules-baton,1
mo-cercles-bras,Cercles de bras,Mobilité,Étirement dynamique,Débutant,,etirement_dynamique,mobilite,multiple,non_applicable,dynamique,1,salle maison exterieur,aucune,0,repetitions,bilateral,1,1,,,faible,faible,faible,faible,faible,faible,faible,,mo-cercles-bras,0
mo-bascules-appui-doigts-avant,Bascules en appui doigts vers l'avant,Mobilité,Étirement dynamique,Débutant,,etirement_dynamique,mobilite,multiple,non_applicable,dynamique,1,salle maison exterieur,aucune,0,repetitions,bilateral,1,1,,,faible,faible,faible,faible,faible,faible,faible,,mo-bascules-appui-doigts-avant,0
mo-bascules-appui-doigts-arriere,Bascules en appui doigts vers l'arrière,Mobilité,Étirement statique,Débutant,mo-bascules-appui-doigts-avant,etirement_statique,mobilite,multiple,non_applicable,passif,1,salle maison exterieur,aucune,0,secondes,bilateral,1,1,,,faible,faible,faible,faible,faible,faible,faible,,mo-bascules-appui-doigts-avant,1
mo-worlds-greatest-stretch,World's greatest stretch,Mobilité,Étirement dynamique,Débutant,,etirement_dynamique,mobilite,multiple,non_applicable,dynamique,1,salle maison exterieur,aucune,0,repetitions,alterne,1,1,,,faible,faible,faible,faible,faible,faible,faible,,mo-worlds-greatest-stretch,0
mo-adducteurs-rocking,Rocking des adducteurs en quadrupédie,Mobilité,Étirement dynamique,Débutant,,etirement_dynamique,mobilite,multiple,non_applicable,dynamique,1,salle maison exterieur,aucune,0,repetitions,bilateral,1,1,,,faible,faible,faible,faible,faible,faible,faible,,mo-adducteurs-rocking,0
mo-inchworm,Inchworm (chenille),Mobilité,Étirement dynamique,Débutant,,etirement_dynamique,mobilite,multiple,non_applicable,dynamique,1,salle maison exterieur,aucune,0,repetitions,alterne,1,1,,,faible,faible,faible,faible,faible,faible,faible,,mo-inchworm,0
mo-good-morning-baton,Good morning au bâton (mobilité de charnière),Mobilité,Étirement dynamique,Débutant,,etirement_dynamique,mobilite,multiple,non_applicable,dynamique,1,salle maison exterieur,aucune,0,repetitions,bilateral,1,1,,,faible,faible,faible,faible,faible,faible,faible,,mo-good-morning-baton,0
mo-pont-dorsal,Pont dorsal au sol,Mobilité,Souplesse avancée,Intermédiaire,,souplesse,mobilite,sagittal,non_applicable,isometrique,4,salle maison exterieur,aucune,0,secondes,bilateral,1,2,,,moyenne,faible,moyenne,forte,faible,moyenne,faible,mo-pont-dorsal-mains-surelevees,mo-pont-dorsal,0
mo-pont-dorsal-mains-surelevees,Pont dorsal mains surélevées,Mobilité,Souplesse avancée,Débutant,mo-pont-dorsal,souplesse,mobilite,sagittal,non_applicable,isometrique,2,salle maison exterieur,aucune,0,secondes,bilateral,1,2,,,moyenne,faible,moyenne,forte,faible,moyenne,faible,,mo-pont-dorsal,1
mo-pont-dorsal-une-jambe,Pont dorsal une jambe,Mobilité,Souplesse avancée,Avancé,mo-pont-dorsal,souplesse,mobilite,sagittal,non_applicable,isometrique,7,salle maison exterieur,aucune,0,secondes,unilateral,1,2,,,moyenne,faible,moyenne,forte,faible,moyenne,faible,mo-pont-dorsal mo-descente-pont-mur,mo-pont-dorsal,1
mo-pont-depuis-debout,Pont depuis debout,Mobilité,Souplesse avancée,Avancé,mo-pont-dorsal,souplesse,mobilite,sagittal,non_applicable,dynamique,7,salle maison exterieur,aucune,0,repetitions,bilateral,1,2,,,moyenne,faible,moyenne,forte,faible,moyenne,faible,mo-pont-dorsal mo-descente-pont-mur,mo-pont-dorsal,1
mo-descente-pont-mur,Descente en pont le long du mur,Mobilité,Souplesse avancée,Intermédiaire,mo-pont-depuis-debout,souplesse,mobilite,sagittal,non_applicable,dynamique,4,salle maison exterieur,aucune,0,repetitions,bilateral,1,2,,,moyenne,faible,moyenne,forte,faible,moyenne,faible,mo-pont-dorsal-mains-surelevees,mo-pont-dorsal,2
mo-remontee-pont-debout,Remontée du pont à debout,Mobilité,Souplesse avancée,Avancé,mo-pont-depuis-debout,souplesse,mobilite,sagittal,non_applicable,dynamique,7,salle maison exterieur,aucune,0,repetitions,bilateral,1,2,,,moyenne,faible,moyenne,forte,faible,moyenne,faible,mo-pont-dorsal mo-descente-pont-mur,mo-pont-dorsal,2
mo-chameau,Chameau (extension à genoux),Mobilité,Souplesse avancée,Intermédiaire,,souplesse,mobilite,sagittal,non_applicable,passif,4,salle maison exterieur,aucune,0,secondes,bilateral,1,2,,,faible,faible,faible,moyenne,faible,moyenne,faible,,mo-chameau,0
mo-pike-assis-passif,Pike assis passif,Mobilité,Souplesse avancée,Intermédiaire,,souplesse,mobilite,sagittal,non_applicable,passif,4,salle maison exterieur,aucune,0,secondes,bilateral,1,2,,,faible,faible,faible,moyenne,faible,moyenne,faible,,mo-pike-assis-passif,0
mo-pike-assis-actif,Pike assis actif sans les mains,Mobilité,Souplesse avancée,Avancé,mo-pike-assis-passif,souplesse,mobilite,sagittal,non_applicable,isometrique,7,salle maison exterieur,aucune,0,secondes,bilateral,1,2,,,faible,faible,faible,moyenne,faible,moyenne,faible,mo-pike-assis-passif,mo-pike-assis-passif,1
mo-pike-debout-box,Pike debout en déficit sur box,Mobilité,Souplesse avancée,Avancé,mo-pike-assis-passif,souplesse,mobilite,sagittal,non_applicable,passif,7,salle maison exterieur,aucune,0,secondes,bilateral,1,2,,,faible,faible,faible,moyenne,faible,moyenne,faible,mo-pike-assis-passif,mo-pike-assis-passif,1
mo-pancake-assis,Pancake assis,Mobilité,Souplesse avancée,Intermédiaire,,souplesse,mobilite,frontal,non_applicable,passif,4,salle maison exterieur,aucune,0,secondes,bilateral,1,2,,,faible,faible,faible,moyenne,faible,forte,faible,,mo-pancake-assis,0
mo-pancake-a-plat,Pancake à plat,Mobilité,Souplesse avancée,Élite,mo-pancake-assis,souplesse,mobilite,frontal,non_applicable,passif,9,salle maison exterieur,aucune,0,secondes,bilateral,1,2,,,faible,faible,faible,moyenne,faible,forte,faible,mo-pancake-assis mo-pancake-leste,mo-pancake-assis,1
mo-pancake-leste,Pancake lesté (good morning en straddle assis),Mobilité,Souplesse avancée,Avancé,mo-pancake-assis,souplesse,mobilite,frontal,non_applicable,passif,7,salle maison exterieur,aucune,0,secondes,bilateral,1,2,,,faible,faible,faible,moyenne,faible,forte,faible,mo-pancake-assis,mo-pancake-assis,1
mo-grand-ecart-facial,Grand écart facial,Mobilité,Souplesse avancée,Élite,,souplesse,mobilite,frontal,non_applicable,passif,9,salle maison exterieur,aucune,0,secondes,bilateral,1,2,,,faible,faible,faible,moyenne,faible,forte,faible,mo-grand-ecart-facial-progression mo-straddle-au-mur,mo-grand-ecart-facial,0
mo-straddle-au-mur,Straddle en appui au mur,Mobilité,Étirement statique,Débutant,mo-grand-ecart-facial,etirement_statique,mobilite,multiple,non_applicable,passif,1,salle maison exterieur,aucune,0,secondes,bilateral,1,1,,,faible,faible,faible,faible,faible,faible,faible,,mo-grand-ecart-facial,1
mo-grand-ecart-facial-progression,Grand écart facial en progression avec appui des mains,Mobilité,Souplesse avancée,Intermédiaire,mo-grand-ecart-facial,souplesse,mobilite,frontal,non_applicable,passif,4,salle maison,aucune,0,secondes,bilateral,1,2,,,faible,faible,faible,moyenne,faible,forte,faible,mo-straddle-au-mur,mo-grand-ecart-facial,1
mo-grand-ecart-antero-posterieur,Grand écart antéro-postérieur,Mobilité,Souplesse avancée,Élite,,souplesse,mobilite,sagittal,non_applicable,passif,9,salle maison exterieur,aucune,0,secondes,unilateral,1,2,,,faible,faible,faible,moyenne,faible,forte,faible,mo-grand-ecart-antero-blocs mo-demi-grand-ecart,mo-grand-ecart-antero-posterieur,0
mo-demi-grand-ecart,Demi-grand écart (half split),Mobilité,Étirement statique,Débutant,mo-grand-ecart-antero-posterieur,etirement_statique,mobilite,multiple,non_applicable,passif,1,salle maison exterieur,aucune,0,secondes,unilateral,1,1,,,faible,faible,faible,faible,faible,forte,faible,,mo-grand-ecart-antero-posterieur,1
mo-grand-ecart-antero-blocs,Grand écart antéro-postérieur en appui sur blocs,Mobilité,Souplesse avancée,Intermédiaire,mo-grand-ecart-antero-posterieur,souplesse,mobilite,sagittal,non_applicable,passif,4,salle maison exterieur,aucune,0,secondes,unilateral,1,2,,,faible,faible,faible,moyenne,faible,forte,faible,mo-demi-grand-ecart,mo-grand-ecart-antero-posterieur,1
mo-foam-roller-routine,Routine d'auto-massage au rouleau (membres inférieurs et dos),Mobilité,Auto-massage,Débutant,,auto_massage,recuperation,multiple,non_applicable,passif,1,salle maison exterieur,aucune,0,secondes,bilateral,1,1,,,faible,faible,faible,faible,faible,faible,faible,,mo-foam-roller-routine,0
mo-rouleau-quadriceps,Auto-massage des quadriceps au rouleau,Mobilité,Auto-massage,Débutant,mo-foam-roller-routine,auto_massage,recuperation,multiple,non_applicable,passif,1,salle maison exterieur,aucune,0,secondes,bilateral,1,1,,,faible,faible,faible,faible,faible,faible,faible,,mo-foam-roller-routine,1
mo-rouleau-ischio-jambiers,Auto-massage des ischio-jambiers au rouleau,Mobilité,Auto-massage,Débutant,mo-foam-roller-routine,auto_massage,recuperation,multiple,non_applicable,passif,1,salle maison exterieur,aucune,0,secondes,bilateral,1,1,,,faible,faible,faible,faible,faible,faible,faible,,mo-foam-roller-routine,1
mo-rouleau-fessiers-piriforme,Auto-massage des fessiers et du piriforme au rouleau,Mobilité,Auto-massage,Débutant,mo-foam-roller-routine,auto_massage,recuperation,multiple,non_applicable,passif,1,salle maison exterieur,aucune,0,secondes,bilateral,1,1,,,faible,faible,faible,faible,faible,faible,faible,,mo-foam-roller-routine,1
mo-rouleau-mollets,Auto-massage des mollets au rouleau,Mobilité,Auto-massage,Débutant,mo-foam-roller-routine,auto_massage,recuperation,multiple,non_applicable,passif,1,salle maison exterieur,aucune,0,secondes,bilateral,1,1,,,faible,faible,faible,faible,faible,faible,faible,,mo-foam-roller-routine,1
mo-rouleau-adducteurs,Auto-massage des adducteurs au rouleau,Mobilité,Auto-massage,Débutant,mo-foam-roller-routine,auto_massage,recuperation,multiple,non_applicable,passif,1,salle maison exterieur,aucune,0,secondes,bilateral,1,1,,,faible,faible,faible,faible,faible,faible,faible,,mo-foam-roller-routine,1
mo-rouleau-tenseur-fascia-lata,Auto-massage du tenseur du fascia lata au rouleau,Mobilité,Auto-massage,Débutant,mo-foam-roller-routine,auto_massage,recuperation,multiple,non_applicable,passif,1,salle maison exterieur,aucune,0,secondes,bilateral,1,1,,,faible,faible,faible,faible,faible,faible,faible,,mo-foam-roller-routine,1
mo-rouleau-dos-thoracique,Auto-massage du dos thoracique au rouleau,Mobilité,Auto-massage,Débutant,mo-foam-roller-routine,auto_massage,recuperation,multiple,non_applicable,passif,1,salle maison exterieur,aucune,0,secondes,bilateral,1,1,,,faible,faible,faible,faible,faible,faible,faible,,mo-foam-roller-routine,1
mo-rouleau-grand-dorsal,Auto-massage du grand dorsal au rouleau,Mobilité,Auto-massage,Débutant,mo-foam-roller-routine,auto_massage,recuperation,multiple,non_applicable,passif,1,salle maison exterieur,aucune,0,secondes,bilateral,1,1,,,faible,faible,faible,faible,faible,faible,faible,,mo-foam-roller-routine,1
mo-balle-voute-plantaire,Auto-massage de la voûte plantaire à la balle,Mobilité,Auto-massage,Débutant,,auto_massage,recuperation,multiple,non_applicable,passif,1,salle maison exterieur,aucune,0,secondes,bilateral,1,1,,,faible,faible,faible,faible,faible,faible,faible,,mo-balle-voute-plantaire,0
mo-balle-pectoraux,Auto-massage des pectoraux à la balle,Mobilité,Auto-massage,Débutant,,auto_massage,recuperation,multiple,non_applicable,passif,1,salle maison exterieur,aucune,0,secondes,bilateral,1,1,,,faible,faible,faible,faible,faible,faible,faible,,mo-balle-pectoraux,0
mo-coherence-cardiaque,Cohérence cardiaque,Mobilité,Respiration et récupération,Débutant,,respiration,recuperation,multiple,non_applicable,passif,1,salle maison exterieur,aucune,0,secondes,bilateral,1,1,,,faible,faible,faible,faible,faible,faible,faible,,mo-coherence-cardiaque,0
mo-respiration-boite,Respiration en boîte,Mobilité,Respiration et récupération,Débutant,,respiration,recuperation,multiple,non_applicable,passif,1,salle maison exterieur,aucune,0,secondes,bilateral,1,1,,,faible,faible,faible,faible,faible,faible,faible,,mo-respiration-boite,0
mo-soupir-physiologique,Soupir physiologique,Mobilité,Respiration et récupération,Débutant,,respiration,recuperation,multiple,non_applicable,passif,1,salle maison exterieur,aucune,0,secondes,bilateral,1,1,,,faible,faible,faible,faible,faible,faible,faible,,mo-soupir-physiologique,0
mo-respiration-crocodile,Respiration crocodile,Mobilité,Respiration et récupération,Débutant,,respiration,recuperation,multiple,non_applicable,passif,1,salle maison exterieur,aucune,0,secondes,bilateral,1,1,,,faible,faible,faible,faible,faible,faible,faible,,mo-respiration-crocodile,0
